vin,invoice_date,brand,model,machine_type_l2,machine_type_l3,last_service_date,hour_meter,odometer,n
1CX848SVJEX707918,2019-02-16,OEM A,OEM A CD310L,CONSTRUCTION,BULLDOZER,,3131,,1
1CX437QQFRE508206,2018-04-16,OEM A,OEM A CD650,CONSTRUCTION,BULLDOZER,2017-07-19,7517,,1
1EX245GVCBV079359,2015-08-08,OEM A,OEM A FW330,FORESTRY,FORWARDER,2019-04-25,5786,,1
1DX155UWRCI101854,2013-08-03,OEM A,OEM A WL650,CONSTRUCTION,WHEEL LOADER,,6945,,1
1FX037SKUSL652781,2020-05-13,OEM A,OEM A SM520G,FORESTRY,SWING MACHINE,,2529,,1
1AX503GRYVN042640,2017-12-09,OEM A,OEM A BL650,CONSTRUCTION,BACKHOE LOADER,2017-10-30,1672,,1
1DX362DDTKB214476,2014-03-15,OEM A,OEM A WL410,CONSTRUCTION,WHEEL LOADER,,3138,,1
1AX065XMOVR863077,2013-01-02,OEM A,OEM A BL650,CONSTRUCTION,BACKHOE LOADER,,8985,,1
1AX058LSBAT625576,2019-09-11,OEM A,OEM A BL250G,CONSTRUCTION,BACKHOE LOADER,,633,68754,1
1FX044UMVKK992044,2011-08-26,OEM A,OEM A SK310,FORESTRY,SKIDDER,,2583,,1
1DX986LKNNL787143,2020-01-03,OEM A,OEM A WL650,CONSTRUCTION,WHEEL LOADER,,3787,,1
1CX210LLNWE025914,2011-02-27,OEM A,OEM A CD650,CONSTRUCTION,BULLDOZER,,3330,,1
1EX243BLQWJ203536,2017-10-21,OEM A,OEM A WH410K,FORESTRY,HARVESTER,2017-04-03,6042,,1
1FX151ZLNTT534900,2017-11-02,OEM A,OEM A SM410,FORESTRY,SWING MACHINE,,3971,,1
1BX943GHTKL576408,2019-09-05,OEM A,OEM A EX310,CONSTRUCTION,EXCAVATOR,,699,,1
1CX618UAEOE708223,2020-10-24,OEM A,OEM A CD520G,CONSTRUCTION,BULLDOZER,,4502,,1
1EX971IRPRM982118,2017-08-08,OEM A,OEM A WH650,FORESTRY,HARVESTER,,4294,,1
1DX820GNCJA162019,2018-04-21,OEM A,OEM A MG410,CONSTRUCTION,MOTOR GRADER,,2713,27583,1
1FX421PRNFC709740,2016-05-07,OEM A,OEM A SM410G,FORESTRY,SWING MACHINE,2019-04-05,5823,,1
1EX355VXJIM292060,2017-01-20,OEM A,OEM A WH330,FORESTRY,HARVESTER,,8888,,1
1DX128AGZJJ403300,2011-04-29,OEM A,OEM A WL310,CONSTRUCTION,WHEEL LOADER,2017-01-05,4458,,1
1FX189ESOMQ385349,2017-08-20,OEM A,OEM A FB310,FORESTRY,FELLER BUNCHER,2016-09-21,3694,,1
1DX356SXLMG677094,2015-07-16,OEM A,OEM A WL410,CONSTRUCTION,WHEEL LOADER,,8770,,1
1DX545SCICF112737,2013-12-25,OEM A,OEM A MG310,CONSTRUCTION,MOTOR GRADER,2016-02-27,6337,,1
1DX185YPANB838933,2018-12-14,OEM A,OEM A WL210,CONSTRUCTION,WHEEL LOADER,,7058,,1
1DX375AERCY749642,2019-12-07,OEM A,OEM A MG650,CONSTRUCTION,MOTOR GRADER,,5412,,1
1AX339BZCOY303430,2019-03-22,OEM A,OEM A BL700G,CONSTRUCTION,BACKHOE LOADER,2016-11-10,8423,,1
1DX001LSOOP512481,2019-06-17,OEM A,OEM A WL310,CONSTRUCTION,WHEEL LOADER,2020-06-18,7195,,1
1BX483CGWGC625406,2011-05-19,OEM A,OEM A EX410,CONSTRUCTION,EXCAVATOR,2018-04-01,4663,,1
1AX017XVFJD512550,2013-12-30,OEM A,OEM A BL410,CONSTRUCTION,BACKHOE LOADER,,1834,,1
1DX652QVZQZ522932,2011-12-17,OEM A,OEM A WL210,CONSTRUCTION,WHEEL LOADER,2018-09-01,7265,,1
1AX740FIOEJ887603,2013-01-23,OEM A,OEM A BL650,CONSTRUCTION,BACKHOE LOADER,,7494,,1
1DX934XBAOI607009,2017-05-28,OEM A,OEM A MG330K,CONSTRUCTION,MOTOR GRADER,,4994,,1
1EX607DJCLM949951,2019-04-29,OEM A,OEM A WH250K,FORESTRY,HARVESTER,2020-05-01,496,,1
1AX257DURHW123424,2016-12-15,OEM A,OEM A BL410L,CONSTRUCTION,BACKHOE LOADER,,7181,47921,1
1BX523IZXTW361342,2012-07-17,OEM A,OEM A EX650,CONSTRUCTION,EXCAVATOR,,8174,,1
1DX416FCOHX308401,2012-06-10,OEM A,OEM A WL650,CONSTRUCTION,WHEEL LOADER,2016-03-23,2551,,1
1DX748DVCGV449573,2017-12-07,OEM A,OEM A WL330,CONSTRUCTION,WHEEL LOADER,,4676,,1
1DX068DHASR589311,2015-05-17,OEM A,OEM A WL410,CONSTRUCTION,WHEEL LOADER,2017-10-25,6408,,1
1FX350ZXIIF799587,2013-11-01,OEM A,OEM A FB310,FORESTRY,FELLER BUNCHER,,2992,,1
1DX086KVFHC333528,2011-11-17,OEM A,OEM A MG410,CONSTRUCTION,MOTOR GRADER,2018-12-11,609,,1
1DX164YMSBJ899932,2012-07-08,OEM A,OEM A MG210,CONSTRUCTION,MOTOR GRADER,,6384,,1
1DX463OBVUN313029,2018-08-29,OEM A,OEM A WL330L,CONSTRUCTION,WHEEL LOADER,,7700,,1
1FX534DPENV235453,2019-02-03,OEM A,OEM A SM310,FORESTRY,SWING MACHINE,2020-08-25,3305,,1
1DX187FFVDO731949,2019-07-25,OEM A,OEM A MG650,CONSTRUCTION,MOTOR GRADER,,1653,,1
1DX081QMZID237516,2015-06-26,OEM A,OEM A WL520L,CONSTRUCTION,WHEEL LOADER,,7806,,1
1BX322GPDMC532849,2013-02-18,OEM A,OEM A EX410,CONSTRUCTION,EXCAVATOR,,2128,,1
1AX705CJIWL896890,2016-12-06,OEM A,OEM A BL310,CONSTRUCTION,BACKHOE LOADER,,4891,,1
1EX221QOYCQ177190,2019-10-11,OEM A,OEM A WH650,FORESTRY,HARVESTER,,3017,,1
1EX716IUHSD024364,2018-08-25,OEM A,OEM A FW410L,FORESTRY,FORWARDER,2016-11-06,6110,,1
1DX959EQQJZ991505,2017-03-15,OEM A,OEM A WL410,CONSTRUCTION,WHEEL LOADER,2016-12-07,872,,1
1AX693TTFJD839711,2013-11-29,OEM A,OEM A BL210,CONSTRUCTION,BACKHOE LOADER,2018-10-24,7545,,1
1DX861OCOEL726652,2018-05-28,OEM A,OEM A WL210,CONSTRUCTION,WHEEL LOADER,,1244,,1
1DX058EFWWJ329721,2012-05-21,OEM A,OEM A MG410,CONSTRUCTION,MOTOR GRADER,,7649,,1
1DX618UGDRR967304,2019-11-03,OEM A,OEM A MG210,CONSTRUCTION,MOTOR GRADER,,2529,,1
1DX570HLYVO478636,2020-07-17,OEM A,OEM A WL210,CONSTRUCTION,WHEEL LOADER,,3924,,1
1DX819ODDPU439482,2020-01-02,OEM A,OEM A MG410,CONSTRUCTION,MOTOR GRADER,,617,,1
1DX128JTFWY321965,2017-12-14,OEM A,OEM A MG520L,CONSTRUCTION,MOTOR GRADER,2016-07-21,5539,,1
1EX118VYKKV988541,2018-08-20,OEM A,OEM A WH650K,FORESTRY,HARVESTER,2019-04-29,5267,,1
1AX732ZKBGN917930,2018-11-29,OEM A,OEM A BL210,CONSTRUCTION,BACKHOE LOADER,2015-08-05,8578,,1
1DX866OCEUS020900,2020-05-24,OEM A,OEM A WL410,CONSTRUCTION,WHEEL LOADER,,3388,,1
1DX289JHLAR083899,2012-03-18,OEM A,OEM A MG310,CONSTRUCTION,MOTOR GRADER,,1959,,1
1DX018EXAUR201808,2015-07-13,OEM A,OEM A MG700L,CONSTRUCTION,MOTOR GRADER,2018-05-26,7559,,1
1DX376QDAPC596396,2018-06-26,OEM A,OEM A WL520,CONSTRUCTION,WHEEL LOADER,,2239,4834,1
1AX612BFLCQ918517,2020-12-11,OEM A,OEM A BL310K,CONSTRUCTION,BACKHOE LOADER,2017-01-23,7553,,1
1BX533WCQKA966402,2020-03-01,OEM A,OEM A EX210G,CONSTRUCTION,EXCAVATOR,,5637,,1
1AX629UOQCK087900,2019-01-05,OEM A,OEM A BL520L,CONSTRUCTION,BACKHOE LOADER,2018-07-23,3313,24405,1
1DX715ARKTK823461,2014-04-12,OEM A,OEM A MG410,CONSTRUCTION,MOTOR GRADER,2019-05-29,8013,,1
1DX093BBIEO851964,2019-07-13,OEM A,OEM A MG210K,CONSTRUCTION,MOTOR GRADER,,8014,,1
1FX854JNXAV561072,2021-09-22,OEM A,OEM A SK210,FORESTRY,SKIDDER,2019-06-25,7982,,1
1DX704SFAHH310108,2016-02-11,OEM A,OEM A WL210,CONSTRUCTION,WHEEL LOADER,2020-03-13,746,,1
1AX403SWICZ969327,2017-08-16,OEM A,OEM A BL210K,CONSTRUCTION,BACKHOE LOADER,2017-07-21,3654,75896,1
1DX593SRAHP145403,2012-04-30,OEM A,OEM A WL410,CONSTRUCTION,WHEEL LOADER,2018-12-09,7643,,1
1DX414YHNUU039959,2015-02-13,OEM A,OEM A WL410K,CONSTRUCTION,WHEEL LOADER,2016-06-17,7450,,1
1AX432BIBUW382278,2020-05-23,OEM A,OEM A BL650,CONSTRUCTION,BACKHOE LOADER,,1576,,1
1CX384KIXYS843839,2015-10-07,OEM A,OEM A CD410,CONSTRUCTION,BULLDOZER,,7881,,1
1AX066GZUGP795813,2017-05-28,OEM A,OEM A BL410L,CONSTRUCTION,BACKHOE LOADER,,5836,4134,1
1DX779HELAI107464,2016-06-05,OEM A,OEM A WL310,CONSTRUCTION,WHEEL LOADER,,6800,,1
1BX542UCXLY135046,2019-01-16,OEM A,OEM A EX310,CONSTRUCTION,EXCAVATOR,,633,,1
1AX538YUBKM346149,2016-03-02,OEM A,OEM A BL650K,CONSTRUCTION,BACKHOE LOADER,2017-10-11,5192,,1
HCM093IPHRB573756,2019-05-04,OEM A,OEM A KB410,FORESTRY,KNUCKLEBOOM,2016-09-22,1512,,1
1BX921NJYTJ482936,2013-08-22,OEM A,OEM A EX310,CONSTRUCTION,EXCAVATOR,,6894,,1
1AX613GNYFH706714,2014-12-04,OEM A,OEM A BL330,CONSTRUCTION,BACKHOE LOADER,2019-07-25,8245,,1
1EX018XXQWD717283,2018-03-11,OEM A,OEM A FW310,FORESTRY,FORWARDER,2017-07-21,1566,,1
1DX840ELKQN904074,2012-10-08,OEM A,OEM A WL650,CONSTRUCTION,WHEEL LOADER,2017-01-04,5468,,1
1EX888KSECN033445,2014-10-19,OEM A,OEM A FW310,FORESTRY,FORWARDER,,8150,,1
1AX901LMLBA884198,2017-04-28,OEM A,OEM A BL310,CONSTRUCTION,BACKHOE LOADER,,5758,,1
1CX800JOOPH563468,2019-02-27,OEM A,OEM A AD410,CONSTRUCTION,ARTICULATED TRUCK,2016-09-04,8652,,1
1AX968XGDUO834256,2012-05-18,OEM A,OEM A BL210K,CONSTRUCTION,BACKHOE LOADER,2017-01-27,4212,74799,1
1AX935YAXIP273531,2013-03-10,OEM A,OEM A BL410,CONSTRUCTION,BACKHOE LOADER,,6053,,1
1DX191SDRPJ853083,2015-03-10,OEM A,OEM A MG330L,CONSTRUCTION,MOTOR GRADER,2020-09-05,2224,66923,1
1EX302WZWVZ517411,2015-02-17,OEM A,OEM A WH410,FORESTRY,HARVESTER,,6883,,1
1DX252QIQUH376908,2017-10-08,OEM A,OEM A WL210,CONSTRUCTION,WHEEL LOADER,,5001,,1
1DX241ANMPN831128,2018-03-04,OEM A,OEM A MG210,CONSTRUCTION,MOTOR GRADER,,2931,,1
1EX555VVLLE986367,2020-05-05,OEM A,OEM A FW210,FORESTRY,FORWARDER,2017-04-01,1504,,1
1DX463HGDCJ921193,2011-08-24,OEM A,OEM A WL210,CONSTRUCTION,WHEEL LOADER,,301,,1
1CX153OIRAS788460,2016-08-14,OEM A,OEM A CD210,CONSTRUCTION,BULLDOZER,,6441,,1
1EX999LWENN855903,2013-07-08,OEM A,OEM A WH210,FORESTRY,HARVESTER,2020-02-01,1593,,1
1DX767WXBWC869609,2015-10-16,OEM A,OEM A MG310,CONSTRUCTION,MOTOR GRADER,2020-06-20,3783,,1
1DX202NTBLM623323,2014-09-24,OEM A,OEM A WL650K,CONSTRUCTION,WHEEL LOADER,2017-12-06,7355,,1
1EX401HJZAM397624,2013-07-16,OEM A,OEM A WH650,FORESTRY,HARVESTER,2019-02-19,737,,1
1BX622AOTSA106083,2016-10-15,OEM A,OEM A EX650,CONSTRUCTION,EXCAVATOR,2017-06-22,3212,,1
1DX731OONKF618584,2019-08-28,OEM A,OEM A WL310G,CONSTRUCTION,WHEEL LOADER,,4965,,1
1AX550FUVSO295281,2019-04-01,OEM A,OEM A BL650,CONSTRUCTION,BACKHOE LOADER,,6735,,1
1CX090FVRPI970812,2015-07-12,OEM A,OEM A CD650,CONSTRUCTION,BULLDOZER,,4573,,1
1BX752EAKYE568180,2019-10-07,OEM A,OEM A EX650G,CONSTRUCTION,EXCAVATOR,2016-07-03,5343,,1
1AX596EKCGL508057,2018-05-25,OEM A,OEM A BL650G,CONSTRUCTION,BACKHOE LOADER,,739,6712,1
1FX693JVMTO202619,2014-12-22,OEM A,OEM A SK650,FORESTRY,SKIDDER,2018-09-16,1697,,1
1AX317RJDUO542224,2018-11-10,OEM A,OEM A BL650L,CONSTRUCTION,BACKHOE LOADER,,8914,,1
1DX988WPWJZ612359,2020-01-30,OEM A,OEM A WL310,CONSTRUCTION,WHEEL LOADER,,3046,,1
1FX625UISWO820340,2017-11-07,OEM A,OEM A FB250K,FORESTRY,FELLER BUNCHER,2019-01-02,1832,,1
1DX956KSTHF827339,2015-01-24,OEM A,OEM A MG650,CONSTRUCTION,MOTOR GRADER,,1243,,1
1DX796CEMQC116439,2019-04-14,OEM A,OEM A MG250G,CONSTRUCTION,MOTOR GRADER,2015-12-27,6333,,1
1DX880RMNVA485893,2016-09-23,OEM A,OEM A MG210,CONSTRUCTION,MOTOR GRADER,2019-12-28,8563,,1
1DX572ATVSN478751,2013-01-01,OEM A,OEM A MG310,CONSTRUCTION,MOTOR GRADER,,5167,,1
1DX962TCTAR152175,2018-07-02,OEM A,OEM A MG210,CONSTRUCTION,MOTOR GRADER,2016-03-03,1505,,1
1EX693FESSJ277090,2011-11-01,OEM A,OEM A WH310,FORESTRY,HARVESTER,2020-08-02,4512,,1
1DX069SHWJM297154,2020-04-18,OEM A,OEM A MG310,CONSTRUCTION,MOTOR GRADER,,3281,,1
1FX399RCIOJ075555,2014-05-14,OEM A,OEM A SM210L,FORESTRY,SWING MACHINE,2020-09-28,1538,,1
1DX118CTMCA088220,2019-04-04,OEM A,OEM A WL330G,CONSTRUCTION,WHEEL LOADER,,7155,,1
1EX169ESCSS740660,2012-05-16,OEM A,OEM A FW310,FORESTRY,FORWARDER,,3951,,1
1DX121TVIWC799619,2017-02-23,OEM A,OEM A MG650,CONSTRUCTION,MOTOR GRADER,,1850,,1
1BX617BBBTB457976,2011-07-23,OEM A,OEM A EX310,CONSTRUCTION,EXCAVATOR,,4090,,1
1DX680MKUVE498243,2017-04-08,OEM A,OEM A WL410,CONSTRUCTION,WHEEL LOADER,2018-12-25,1582,,1
1BX313ZDIAU966596,2016-06-03,OEM A,OEM A EX410,CONSTRUCTION,EXCAVATOR,2019-08-15,3272,,1
1AX598MVPOV742589,2011-11-23,OEM A,OEM A BL210,CONSTRUCTION,BACKHOE LOADER,,5326,,1
1AX335HEERR807504,2012-08-01,OEM A,OEM A BL310,CONSTRUCTION,BACKHOE LOADER,,3707,,1
1EX494MXAKJ438342,2014-04-01,OEM A,OEM A WH650,FORESTRY,HARVESTER,,883,,1
1AX614IMASC898931,2014-07-29,OEM A,OEM A BL210K,CONSTRUCTION,BACKHOE LOADER,2017-08-12,3681,34267,1
1DX263DRXYF512871,2016-12-13,OEM A,OEM A WL410,CONSTRUCTION,WHEEL LOADER,,7757,,1
1EX710BCWIW717837,2012-10-25,OEM A,OEM A WH650,FORESTRY,HARVESTER,,1155,,1
1FX168QYNFI368110,2014-04-04,OEM A,OEM A SK410,FORESTRY,SKIDDER,,5404,,1
1AX046LWRXZ668396,2020-08-02,OEM A,OEM A BL410,CONSTRUCTION,BACKHOE LOADER,,3499,,1
1CX781HARVH283363,2018-08-31,OEM A,OEM A CD650G,CONSTRUCTION,BULLDOZER,,4300,,1
1BX289WSQMX320607,2016-02-19,OEM A,OEM A EX330,CONSTRUCTION,EXCAVATOR,2016-11-13,4302,,1
1EX458YEYUT794728,2020-05-01,OEM A,OEM A TH650,FORESTRY,HARVESTER,,8025,,1
1BX020KCUMM446775,2019-12-13,OEM A,OEM A EX210,CONSTRUCTION,EXCAVATOR,,3044,,1
1DX733AUZHL662771,2017-06-07,OEM A,OEM A MG700L,CONSTRUCTION,MOTOR GRADER,,4060,,1
1DX297LOZIK019475,2016-08-01,OEM A,OEM A WL410,CONSTRUCTION,WHEEL LOADER,,1035,,1
1DX076POYVD596128,2019-06-18,OEM A,OEM A WL250,CONSTRUCTION,WHEEL LOADER,2016-12-08,1701,,1
1BX478ZAYER041978,2014-11-04,OEM A,OEM A EX310,CONSTRUCTION,EXCAVATOR,,2391,,1
1AX440YLUKS861880,2015-05-14,OEM A,OEM A BL210,CONSTRUCTION,BACKHOE LOADER,2017-02-26,8685,,1
1FX131UNCBL039201,2017-12-07,OEM A,OEM A SM210,FORESTRY,SWING MACHINE,2019-04-29,550,,1
1EX914OMKEB155992,2019-11-07,OEM A,OEM A FW650,FORESTRY,FORWARDER,,6044,,1
1DX001CMTXZ000677,2016-01-09,OEM A,OEM A MG650L,CONSTRUCTION,MOTOR GRADER,,472,,1
1BX890PTPWZ045049,2015-02-23,OEM A,OEM A EX310,CONSTRUCTION,EXCAVATOR,,4553,,1
1AX725GADPP490355,2015-06-05,OEM A,OEM A BL520,CONSTRUCTION,BACKHOE LOADER,,1585,73594,1
1DX501ALCUK444151,2016-04-01,OEM A,OEM A MG210,CONSTRUCTION,MOTOR GRADER,2019-10-05,5730,,1
1DX069DDLKG587046,2015-08-10,OEM A,OEM A WL210L,CONSTRUCTION,WHEEL LOADER,,5289,,1
1EX799VIGSY595332,2015-03-16,OEM A,OEM A TH700G,FORESTRY,HARVESTER,2019-12-08,4197,,1
1BX925YEZTP683191,2019-10-24,OEM A,OEM A EX210,CONSTRUCTION,EXCAVATOR,,1121,,1
1DX851VHZSM078233,2020-11-07,OEM A,OEM A WL250G,CONSTRUCTION,WHEEL LOADER,,221,,1
1BX742SRUUE261322,2013-08-05,OEM A,OEM A EX310,CONSTRUCTION,EXCAVATOR,,6603,,1
1AX130XCFWG353738,2014-04-04,OEM A,OEM A BL310,CONSTRUCTION,BACKHOE LOADER,,3192,,1
1AX617PFHQB803385,2015-11-23,OEM A,OEM A BL310,CONSTRUCTION,BACKHOE LOADER,,3095,,1
1EX309VSUOD744792,2015-12-31,OEM A,OEM A FW210,FORESTRY,FORWARDER,2019-12-06,4824,,1
1DX355YVOQX324363,2017-06-11,OEM A,OEM A MG310,CONSTRUCTION,MOTOR GRADER,2019-09-13,7697,,1
1EX554XOXQH375357,2020-07-07,OEM A,OEM A FW650,FORESTRY,FORWARDER,,1527,,1
1DX199SXELX620016,2016-10-19,OEM A,OEM A MG310,CONSTRUCTION,MOTOR GRADER,2017-10-12,3118,,1
1DX479KAMFP039975,2012-09-27,OEM A,OEM A MG650,CONSTRUCTION,MOTOR GRADER,,1796,,1
1CX161HSNPG699246,2020-01-11,OEM A,OEM A AD650,CONSTRUCTION,ARTICULATED TRUCK,2019-03-26,5542,,1
1DX766ATGRO611319,2013-12-14,OEM A,OEM A MG650,CONSTRUCTION,MOTOR GRADER,2020-04-16,6112,,1
1DX748KYKID271363,2013-05-21,OEM A,OEM A WL650,CONSTRUCTION,WHEEL LOADER,,1648,,1
1EX559TGQZN727478,2011-03-08,OEM A,OEM A TH650,FORESTRY,HARVESTER,2017-10-13,2489,,1
1DX186FLPGC826671,2015-11-02,OEM A,OEM A MG700K,CONSTRUCTION,MOTOR GRADER,2017-06-19,998,,1
1DX456MGSDL838995,2013-04-16,OEM A,OEM A MG650,CONSTRUCTION,MOTOR GRADER,2019-09-27,679,,1
1BX537LMFEE466485,2019-07-13,OEM A,OEM A EX310G,CONSTRUCTION,EXCAVATOR,,6696,,1
1DX594UWKVR386196,2019-08-04,OEM A,OEM A MG650,CONSTRUCTION,MOTOR GRADER,,5684,,1
1BX111CKATC730465,2019-05-27,OEM A,OEM A EX310,CONSTRUCTION,EXCAVATOR,2016-03-19,831,,1
1AX584AYGPC437898,2017-03-14,OEM A,OEM A BL210,CONSTRUCTION,BACKHOE LOADER,,775,,1
1FX397FIBMF796391,2018-01-17,OEM A,OEM A SM650K,FORESTRY,SWING MACHINE,2016-01-24,8991,,1
1AX074CQCUS490338,2014-06-08,OEM A,OEM A BL310,CONSTRUCTION,BACKHOE LOADER,,8531,,1
1DX034ZTCMB286464,2017-06-05,OEM A,OEM A WL650,CONSTRUCTION,WHEEL LOADER,2019-02-07,6763,,1
1EX052SLMOK589094,2015-08-17,OEM A,OEM A FW310K,FORESTRY,FORWARDER,2020-02-19,1698,,1
1DX043QATVG405412,2017-05-04,OEM A,OEM A WL650,CONSTRUCTION,WHEEL LOADER,2018-09-04,8988,,1
1DX443QMTEO657054,2017-02-16,OEM A,OEM A MG210,CONSTRUCTION,MOTOR GRADER,,6109,,1
1DX230XJMUI397671,2013-09-30,OEM A,OEM A WL310,CONSTRUCTION,WHEEL LOADER,,2982,,1
1EX100KZALR949691,2019-06-17,OEM A,OEM A TH700L,FORESTRY,HARVESTER,2019-02-26,625,,1
1DX575TXSEL000958,2015-06-25,OEM A,OEM A MG310,CONSTRUCTION,MOTOR GRADER,,892,,1
1DX949UOJCP336749,2015-08-06,OEM A,OEM A MG650,CONSTRUCTION,MOTOR GRADER,2020-07-21,2306,,1
1AX423TPUZW306619,2016-02-17,OEM A,OEM A BL650,CONSTRUCTION,BACKHOE LOADER,,3965,,1
1AX693WAVNU180552,2018-06-20,OEM A,OEM A BL250,CONSTRUCTION,BACKHOE LOADER,2016-03-04,6161,,1
1DX950JXAOC436270,2013-03-01,OEM A,OEM A MG210,CONSTRUCTION,MOTOR GRADER,,7041,,1
1FX220XWYDX880559,2019-05-08,OEM A,OEM A FB410,FORESTRY,FELLER BUNCHER,,8957,,1
1DX987OFVPF820505,2012-04-21,OEM A,OEM A MG210,CONSTRUCTION,MOTOR GRADER,,3380,,1
1DX445HKZSM296761,2020-09-08,OEM A,OEM A WL650,CONSTRUCTION,WHEEL LOADER,2020-07-02,2856,,1
1DX536WEFNF386325,2014-12-18,OEM A,OEM A WL650,CONSTRUCTION,WHEEL LOADER,,4450,,1
1AX468XPEKV042705,2017-06-10,OEM A,OEM A BL310,CONSTRUCTION,BACKHOE LOADER,,5144,,1
1DX833KOKTQ492439,2018-05-31,OEM A,OEM A WL210K,CONSTRUCTION,WHEEL LOADER,2019-02-12,3028,72488,1
1EX006SUWBI644754,2015-08-05,OEM A,OEM A TH330G,FORESTRY,HARVESTER,2019-05-26,2864,,1
1EX803OITQY531260,2018-05-29,OEM A,OEM A FW210,FORESTRY,FORWARDER,,6198,,1
1EX766XEFBA450382,2015-08-11,OEM A,OEM A FW310K,FORESTRY,FORWARDER,2019-07-23,5633,,1
1DX257HYZPN333626,2012-11-30,OEM A,OEM A MG650L,CONSTRUCTION,MOTOR GRADER,2015-02-03,2355,,1
1AX464PMBUR851330,2018-02-10,OEM A,OEM A BL310,CONSTRUCTION,BACKHOE LOADER,,5903,,1
1DX844ZTDBV492923,2020-10-28,OEM A,OEM A MG310K,CONSTRUCTION,MOTOR GRADER,2018-10-05,7715,,1
1AX291EEFJV962667,2018-05-29,OEM A,OEM A BL650,CONSTRUCTION,BACKHOE LOADER,2019-08-15,4750,,1
1BX778QNPYJ878995,2018-08-10,OEM A,OEM A EX520G,CONSTRUCTION,EXCAVATOR,2020-11-10,3704,,1
1FX278IMYBY712133,2017-10-29,OEM A,OEM A SM310,FORESTRY,SWING MACHINE,2018-03-26,9,,1
1DX433MIARW238238,2012-09-20,OEM A,OEM A MG210,CONSTRUCTION,MOTOR GRADER,2019-08-30,6261,,1
1AX298VGTNR573787,2017-06-29,OEM A,OEM A BL250,CONSTRUCTION,BACKHOE LOADER,,7919,61031,1
1CX816YSFII742717,2020-09-29,OEM A,OEM A CD210L,CONSTRUCTION,BULLDOZER,2018-03-28,5115,,1
1FX511JWXMA710501,2016-11-04,OEM A,OEM A SK650,FORESTRY,SKIDDER,2019-03-21,3054,,1
1BX920GPXTE519396,2014-10-24,OEM A,OEM A EX410,CONSTRUCTION,EXCAVATOR,,7674,,1
1AX929OEUZC335245,2011-04-13,OEM A,OEM A BL310K,CONSTRUCTION,BACKHOE LOADER,2015-01-04,4909,,1
1DX401FKSFM029363,2018-12-07,OEM A,OEM A WL210,CONSTRUCTION,WHEEL LOADER,,4298,,1
1EX969LAPHS546159,2018-06-05,OEM A,OEM A WH210,FORESTRY,HARVESTER,,4472,,1
1DX249PKNFU455301,2014-02-08,OEM A,OEM A MG310,CONSTRUCTION,MOTOR GRADER,,6768,,1
1FX253JJHZO992995,2018-08-14,OEM A,OEM A SK650,FORESTRY,SKIDDER,,8733,,1
1EX843RJLOD897822,2019-09-16,OEM A,OEM A TH520,FORESTRY,HARVESTER,2020-09-19,8780,,1
1DX852RTFPL175856,2013-04-26,OEM A,OEM A MG410,CONSTRUCTION,MOTOR GRADER,,1527,,1
1DX503DVNGS766763,2017-02-07,OEM A,OEM A MG310,CONSTRUCTION,MOTOR GRADER,2018-03-07,8522,,1
1DX028VDCQX861940,2014-01-15,OEM A,OEM A MG310,CONSTRUCTION,MOTOR GRADER,2017-04-04,4669,,1
1DX341MQYLQ432367,2021-03-30,OEM A,OEM A MG330G,CONSTRUCTION,MOTOR GRADER,2020-06-26,6324,,1
1DX392FMLJX267241,2013-03-29,OEM A,OEM A MG410,CONSTRUCTION,MOTOR GRADER,,24,,1
1DX743QZHLU922260,2017-11-16,OEM A,OEM A WL310,CONSTRUCTION,WHEEL LOADER,,7749,,1
1DX624FJUFA558243,2015-04-03,OEM A,OEM A WL410,CONSTRUCTION,WHEEL LOADER,,7388,,1
1DX159DAZVQ330836,2020-06-19,OEM A,OEM A WL650,CONSTRUCTION,WHEEL LOADER,,1293,,1
1DX037YVGLW917707,2011-04-28,OEM A,OEM A WL520G,CONSTRUCTION,WHEEL LOADER,2015-03-14,2895,,1
1DX505AOFMC823364,2015-06-22,OEM A,OEM A MG210,CONSTRUCTION,MOTOR GRADER,2019-02-21,5594,,1
1DX575GBCLJ811632,2015-07-26,OEM A,OEM A WL210L,CONSTRUCTION,WHEEL LOADER,2017-11-21,5188,,1
1AX295EKQVJ914546,2019-03-08,OEM A,OEM A BL410,CONSTRUCTION,BACKHOE LOADER,,6196,,1
1EX682BGCFN480356,2019-09-20,OEM A,OEM A WH410,FORESTRY,HARVESTER,2017-11-02,122,,1
1AX088QNKAN650761,2017-02-17,OEM A,OEM A BL700,CONSTRUCTION,BACKHOE LOADER,,8059,,1
1FX939ISZHE317475,2019-11-19,OEM A,OEM A SK330K,FORESTRY,SKIDDER,2019-04-21,8430,,1
1EX518VJFEX678320,2020-01-20,OEM A,OEM A FW210,FORESTRY,FORWARDER,2018-01-08,8576,,1
1AX484KMEKB016741,2017-06-18,OEM A,OEM A BL310,CONSTRUCTION,BACKHOE LOADER,2020-04-12,2543,43561,1
1BX713QILDG294592,2017-09-13,OEM A,OEM A EX210,CONSTRUCTION,EXCAVATOR,,7651,,1
1EX712UTOZA024793,2019-12-26,OEM A,OEM A FW410,FORESTRY,FORWARDER,,728,,1
1BX517OBEJF520339,2018-04-23,OEM A,OEM A EX210,CONSTRUCTION,EXCAVATOR,2020-05-15,2557,,1
1EX196ALTDU541692,2016-11-22,OEM A,OEM A FW650,FORESTRY,FORWARDER,,6782,,1
1DX683IZJDY117101,2015-10-31,OEM A,OEM A WL310,CONSTRUCTION,WHEEL LOADER,,8576,,1
1EX337JYDFB136071,2018-01-30,OEM A,OEM A WH700K,FORESTRY,HARVESTER,2020-04-17,1636,,1
1DX110HGSCR032838,2014-12-03,OEM A,OEM A MG210,CONSTRUCTION,MOTOR GRADER,,7988,,1
1AX625YECZX439032,2019-08-31,OEM A,OEM A BL210,CONSTRUCTION,BACKHOE LOADER,2018-04-04,2619,,1
1AX389LSFOT628910,2018-06-27,OEM A,OEM A BL330L,CONSTRUCTION,BACKHOE LOADER,,4131,,1
1DX206YDJCH566956,2011-02-08,OEM A,OEM A WL310,CONSTRUCTION,WHEEL LOADER,2017-11-14,2003,,1
1AX733AFHMH051174,2018-12-11,OEM A,OEM A BL410L,CONSTRUCTION,BACKHOE LOADER,2016-11-15,967,,1
1AX430RPIDK544336,2013-05-19,OEM A,OEM A BL210,CONSTRUCTION,BACKHOE LOADER,2019-11-04,6722,,1
1DX545BYKTZ871640,2018-09-24,OEM A,OEM A MG250,CONSTRUCTION,MOTOR GRADER,2018-02-18,4165,,1
1DX990TWHVN517094,2015-01-19,OEM A,OEM A WL700G,CONSTRUCTION,WHEEL LOADER,2018-04-21,5819,45326,1
1DX741IMRXD706270,2018-10-10,OEM A,OEM A MG210,CONSTRUCTION,MOTOR GRADER,,7287,,1
1DX434OEWPB340146,2018-05-24,OEM A,OEM A MG310L,CONSTRUCTION,MOTOR GRADER,2016-07-04,8207,,1
1DX239VAOOH303766,2018-06-03,OEM A,OEM A MG210,CONSTRUCTION,MOTOR GRADER,,7316,,1
1DX836LFVKF121346,2013-08-19,OEM A,OEM A MG310,CONSTRUCTION,MOTOR GRADER,,4453,,1
1DX199VSDTB757709,2019-10-13,OEM A,OEM A WL650,CONSTRUCTION,WHEEL LOADER,,3908,,1
1FX423ENMNV030373,2018-03-21,OEM A,OEM A SK410,FORESTRY,SKIDDER,2016-06-21,2848,,1
1FX507EMWKW499295,2017-11-02,OEM A,OEM A SK650,FORESTRY,SKIDDER,,133,,1
1DX917PCZID853494,2012-03-09,OEM A,OEM A WL650,CONSTRUCTION,WHEEL LOADER,,8051,,1
1AX491BPTXA950220,2020-01-24,OEM A,OEM A BL330L,CONSTRUCTION,BACKHOE LOADER,2018-01-23,7603,,1
1FX943DHMSV923797,2018-06-10,OEM A,OEM A SK210,FORESTRY,SKIDDER,,3571,,1
1EX664CLWIW500307,2019-03-28,OEM A,OEM A TH410L,FORESTRY,HARVESTER,,937,,1
1DX226OEANL741814,2019-04-24,OEM A,OEM A MG210,CONSTRUCTION,MOTOR GRADER,2018-02-25,8263,,1
1AX527EZZQA615066,2018-01-08,OEM A,OEM A BL650,CONSTRUCTION,BACKHOE LOADER,2017-05-14,6027,,1
1AX401EMCXF470614,2018-11-22,OEM A,OEM A BL650,CONSTRUCTION,BACKHOE LOADER,2015-04-22,7017,,1
1FX494UFADO435658,2012-09-12,OEM A,OEM A SK650,FORESTRY,SKIDDER,,3809,,1
1AX363WPFTH232544,2016-07-26,OEM A,OEM A BL410,CONSTRUCTION,BACKHOE LOADER,,3102,,1
1AX194DGKQT461627,2011-09-28,OEM A,OEM A BL310,CONSTRUCTION,BACKHOE LOADER,,8700,,1
1FX955TISKM348030,2018-03-03,OEM A,OEM A SM250,FORESTRY,SWING MACHINE,2020-10-28,8120,,1
1FX200ZNFNG236845,2013-03-25,OEM A,OEM A SM410,FORESTRY,SWING MACHINE,,515,,1
1DX896IMPAD971072,2016-11-02,OEM A,OEM A WL700,CONSTRUCTION,WHEEL LOADER,2016-07-30,239,28018,1
1FX839OFHJI279941,2012-10-11,OEM A,OEM A SM650,FORESTRY,SWING MACHINE,,1881,,1
1DX697IHNZV456698,2017-03-13,OEM A,OEM A MG410,CONSTRUCTION,MOTOR GRADER,2016-02-16,8324,,1
1FX073QBXOW447814,2019-06-28,OEM A,OEM A SM410,FORESTRY,SWING MACHINE,2019-01-07,4791,,1
1FX497NGJVA230284,2018-09-11,OEM A,OEM A FB310,FORESTRY,FELLER BUNCHER,,4755,,1
1AX018QKLMB654419,2017-05-30,OEM A,OEM A BL210,CONSTRUCTION,BACKHOE LOADER,2020-10-20,5365,,1
1DX445HGNVV208610,2016-06-05,OEM A,OEM A WL210,CONSTRUCTION,WHEEL LOADER,2016-02-12,284,,1
1AX588FRJTW908713,2019-06-14,OEM A,OEM A BL410K,CONSTRUCTION,BACKHOE LOADER,2018-11-09,2081,31877,1
1DX659LYEBR633481,2019-01-11,OEM A,OEM A MG330L,CONSTRUCTION,MOTOR GRADER,,4084,10274,1
1FX044GQITL329752,2019-08-09,OEM A,OEM A SK330G,FORESTRY,SKIDDER,2019-06-13,3966,,1
1EX843GDPOS099119,2012-06-14,OEM A,OEM A FW410,FORESTRY,FORWARDER,,8890,,1
1DX184DGRXZ401805,2017-08-24,OEM A,OEM A WL650,CONSTRUCTION,WHEEL LOADER,,165,,1
1DX708LACFR026368,2011-02-13,OEM A,OEM A MG210,CONSTRUCTION,MOTOR GRADER,,6659,,1
1AX612VWUMC125849,2017-07-10,OEM A,OEM A BL310G,CONSTRUCTION,BACKHOE LOADER,2019-09-13,8890,,1
1AX962HDFZO558868,2018-11-25,OEM A,OEM A BL210,CONSTRUCTION,BACKHOE LOADER,,6905,,1
1DX502CSCQJ404382,2019-11-06,OEM A,OEM A MG410,CONSTRUCTION,MOTOR GRADER,,5630,,1
1EX897TYDPW822350,2020-04-14,OEM A,OEM A WH310,FORESTRY,HARVESTER,,7545,,1
1AX780XVVDY386817,2020-01-13,OEM A,OEM A BL250,CONSTRUCTION,BACKHOE LOADER,2015-05-12,6306,40744,1
1AX192ZPKSH769927,2015-11-18,OEM A,OEM A BL310,CONSTRUCTION,BACKHOE LOADER,2019-10-02,5440,,1
1DX071WNHYM261820,2020-11-24,OEM A,OEM A MG250G,CONSTRUCTION,MOTOR GRADER,2017-09-10,2384,,1
1DX619XSMYH289163,2015-05-10,OEM A,OEM A WL410,CONSTRUCTION,WHEEL LOADER,,4275,,1
1DX200EFMKK492569,2019-10-15,OEM A,OEM A WL650,CONSTRUCTION,WHEEL LOADER,2016-09-01,1535,,1
1DX266CDCSJ950950,2016-07-17,OEM A,OEM A WL410,CONSTRUCTION,WHEEL LOADER,,3159,,1
1DX049HDJSS185891,2011-08-06,OEM A,OEM A MG310,CONSTRUCTION,MOTOR GRADER,,8474,,1
1AX863USKRZ543657,2015-03-24,OEM A,OEM A BL410,CONSTRUCTION,BACKHOE LOADER,,660,,1
1FX720CIPUA711234,2014-10-11,OEM A,OEM A FB210,FORESTRY,FELLER BUNCHER,,7302,,1
1DX972UJFPN614925,2019-02-25,OEM A,OEM A MG410G,CONSTRUCTION,MOTOR GRADER,,2756,,1
1DX163WKKRK685909,2013-08-16,OEM A,OEM A WL210,CONSTRUCTION,WHEEL LOADER,2018-11-05,2997,,1
1DX571FBJOZ696723,2017-04-22,OEM A,OEM A WL310,CONSTRUCTION,WHEEL LOADER,2018-07-17,4198,,1
1EX450WDCVX816514,2016-12-03,OEM A,OEM A TH700L,FORESTRY,HARVESTER,2020-11-22,1812,,1
1EX730HRTWC745707,2012-11-14,OEM A,OEM A FW310,FORESTRY,FORWARDER,,5102,,1
1BX100NGMWO241756,2011-02-11,OEM A,OEM A EX310,CONSTRUCTION,EXCAVATOR,,1332,,1
1AX724IRKFG830159,2011-10-31,OEM A,OEM A BL310,CONSTRUCTION,BACKHOE LOADER,,5089,,1
1DX956NTSTL017116,2016-09-23,OEM A,OEM A MG210,CONSTRUCTION,MOTOR GRADER,,5670,,1
1AX081HYNZT168533,2018-09-24,OEM A,OEM A BL650,CONSTRUCTION,BACKHOE LOADER,,5448,,1
1DX212SATRA022146,2011-11-18,OEM A,OEM A MG650,CONSTRUCTION,MOTOR GRADER,2019-12-10,8856,,1
1FX830LCGLG013692,2015-03-16,OEM A,OEM A SK210,FORESTRY,SKIDDER,2019-03-11,7221,,1
1DX247KLCBV194055,2020-01-30,OEM A,OEM A MG210,CONSTRUCTION,MOTOR GRADER,2017-05-14,226,,1
1DX223STYPL968987,2011-08-01,OEM A,OEM A WL650,CONSTRUCTION,WHEEL LOADER,,7972,,1
1EX217CMFWG105518,2016-11-27,OEM A,OEM A WH210,FORESTRY,HARVESTER,2017-09-07,7700,,1
1BX859MWLWV973804,2014-03-25,OEM A,OEM A EX210,CONSTRUCTION,EXCAVATOR,,7551,,1
1DX190RLXKT732995,2011-07-03,OEM A,OEM A MG210,CONSTRUCTION,MOTOR GRADER,2018-07-06,6228,,1
1DX819MUDJG300548,2012-02-08,OEM A,OEM A WL310,CONSTRUCTION,WHEEL LOADER,,7722,,1
1EX139SDYDV434535,2018-02-16,OEM A,OEM A WH310,FORESTRY,HARVESTER,,8166,,1
1FX510EDFMM431446,2018-11-11,OEM A,OEM A SM210,FORESTRY,SWING MACHINE,2016-01-03,281,,1
1FX040LTWCO567984,2017-07-30,OEM A,OEM A SM650G,FORESTRY,SWING MACHINE,2020-10-12,8634,,1
1FX092EFCIR665574,2014-05-27,OEM A,OEM A SK410,FORESTRY,SKIDDER,,2730,,1
1DX773CAJEQ647207,2019-05-10,OEM A,OEM A WL210,CONSTRUCTION,WHEEL LOADER,2015-01-09,5569,58290,1
1AX113QPGEP618725,2016-01-29,OEM A,OEM A BL210,CONSTRUCTION,BACKHOE LOADER,,3997,,1
1DX505EVAFG663491,2012-06-18,OEM A,OEM A MG310,CONSTRUCTION,MOTOR GRADER,,6544,,1
1DX070SALOG567690,2017-07-17,OEM A,OEM A MG210,CONSTRUCTION,MOTOR GRADER,,693,,1
HCM964QNMHX967304,2015-10-23,OEM A,OEM A KB330K,FORESTRY,KNUCKLEBOOM,2020-01-16,3112,,1
1BX911GMTVV187275,2012-05-13,OEM A,OEM A EX410,CONSTRUCTION,EXCAVATOR,,6921,,1
1FX860LILXH716874,2018-12-17,OEM A,OEM A SM310G,FORESTRY,SWING MACHINE,2015-08-23,33,,1
1AX028WSDRH741568,2011-11-15,OEM A,OEM A BL410,CONSTRUCTION,BACKHOE LOADER,2019-07-19,2897,,1
1DX486BJMEQ094624,2018-03-20,OEM A,OEM A MG210,CONSTRUCTION,MOTOR GRADER,,7279,,1
1DX753GBEIO876565,2019-12-08,OEM A,OEM A WL210,CONSTRUCTION,WHEEL LOADER,2016-09-05,7820,,1
1DX602RDCTM385099,2015-12-05,OEM A,OEM A MG650,CONSTRUCTION,MOTOR GRADER,2020-04-29,1318,,1
1AX434RGMRF817433,2017-09-13,OEM A,OEM A BL210,CONSTRUCTION,BACKHOE LOADER,2016-12-15,6643,,1
1AX308NOCHE797720,2011-09-24,OEM A,OEM A BL650,CONSTRUCTION,BACKHOE LOADER,2016-12-12,3265,,1
1DX251WFUME037242,2015-01-07,OEM A,OEM A WL650,CONSTRUCTION,WHEEL LOADER,,2795,,1
1DX198TGAIE270646,2015-01-08,OEM A,OEM A MG310G,CONSTRUCTION,MOTOR GRADER,2015-08-04,6222,,1
1BX163CYQCT617518,2019-11-27,OEM A,OEM A EX250,CONSTRUCTION,EXCAVATOR,,3637,54873,1
1AX157PCRIP722095,2013-02-11,OEM A,OEM A BL210,CONSTRUCTION,BACKHOE LOADER,,4487,,1
1DX280HFCAX226822,2018-03-16,OEM A,OEM A WL210,CONSTRUCTION,WHEEL LOADER,,2337,,1
1DX198TVHDT519298,2012-11-17,OEM A,OEM A MG310,CONSTRUCTION,MOTOR GRADER,2017-12-29,1862,,1
1FX419LXMJS809333,2015-05-19,OEM A,OEM A SK410,FORESTRY,SKIDDER,,8187,,1
1BX564IAVLW597701,2014-11-08,OEM A,OEM A EX410,CONSTRUCTION,EXCAVATOR,,8215,,1
1EX030JSJSS468199,2016-05-07,OEM A,OEM A WH210,FORESTRY,HARVESTER,2018-03-25,3359,,1
1DX689FPDLG519322,2015-09-17,OEM A,OEM A MG210,CONSTRUCTION,MOTOR GRADER,,1181,,1
1AX505NKWAX286066,2020-07-20,OEM A,OEM A BL210,CONSTRUCTION,BACKHOE LOADER,2018-10-03,6159,,1
1AX957CEWSB860398,2017-11-26,OEM A,OEM A BL210,CONSTRUCTION,BACKHOE LOADER,2018-10-27,3743,,1
1AX817DBAAR447955,2018-01-18,OEM A,OEM A BL700K,CONSTRUCTION,BACKHOE LOADER,2015-05-09,7538,,1
1FX598KNRLN213054,2012-09-09,OEM A,OEM A FB650,FORESTRY,FELLER BUNCHER,2018-09-19,785,,1
1DX647YXDBV105524,2015-06-20,OEM A,OEM A WL310,CONSTRUCTION,WHEEL LOADER,2016-04-25,7703,,1
1DX064GVAMG005172,2018-10-07,OEM A,OEM A WL310,CONSTRUCTION,WHEEL LOADER,2017-12-22,4981,,1
1DX464TOFZJ664926,2019-09-20,OEM A,OEM A WL410,CONSTRUCTION,WHEEL LOADER,,5497,,1
1AX626HUFTB009019,2018-09-20,OEM A,OEM A BL310,CONSTRUCTION,BACKHOE LOADER,,4833,53096,1
1AX211ZVBXX914232,2020-08-03,OEM A,OEM A BL210G,CONSTRUCTION,BACKHOE LOADER,2017-03-31,1424,,1
1CX823NSVHZ989764,2018-01-05,OEM A,OEM A AD410L,CONSTRUCTION,ARTICULATED TRUCK,2020-04-14,3030,24532,1
1FX223HSNKI037130,2012-07-30,OEM A,OEM A SK310,FORESTRY,SKIDDER,2019-05-27,5789,,1
1FX075OHCDM554672,2018-10-20,OEM A,OEM A SK410,FORESTRY,SKIDDER,,1538,,1
1DX897VGDGK444898,2017-11-09,OEM A,OEM A WL650,CONSTRUCTION,WHEEL LOADER,,249,,1
1BX038EPMUX334277,2017-01-26,OEM A,OEM A EX520G,CONSTRUCTION,EXCAVATOR,,8444,,1
1DX486KPVBB959162,2018-09-28,OEM A,OEM A MG210,CONSTRUCTION,MOTOR GRADER,,5063,,1
1FX874ODMQB631478,2020-12-22,OEM A,OEM A SK410,FORESTRY,SKIDDER,,671,,1
1DX336ZRAAV294018,2013-10-17,OEM A,OEM A MG210,CONSTRUCTION,MOTOR GRADER,,2737,,1
1FX975LPWRI143490,2017-10-05,OEM A,OEM A SM330K,FORESTRY,SWING MACHINE,2018-10-22,2293,,1
HCM443TFVKR395215,2013-07-18,OEM A,OEM A KB650,FORESTRY,KNUCKLEBOOM,,3132,,1
1AX438YTIHZ909596,2017-05-26,OEM A,OEM A BL520,CONSTRUCTION,BACKHOE LOADER,2018-01-20,5125,57668,1
1EX408STKJA224303,2013-06-26,OEM A,OEM A TH650,FORESTRY,HARVESTER,,862,,1
1BX850PPKIM041725,2011-02-13,OEM A,OEM A EX410,CONSTRUCTION,EXCAVATOR,,4858,,1
1EX010LXOYE037662,2019-08-01,OEM A,OEM A TH210L,FORESTRY,HARVESTER,2019-02-24,7465,,1
1DX868FELST216757,2016-11-29,OEM A,OEM A MG410,CONSTRUCTION,MOTOR GRADER,,4357,,1
1DX897GQDIU168587,2019-11-25,OEM A,OEM A MG210,CONSTRUCTION,MOTOR GRADER,2017-03-25,7594,,1
1DX271BYACN546206,2015-03-27,OEM A,OEM A WL210,CONSTRUCTION,WHEEL LOADER,2018-06-19,1120,,1
1FX088WKCRO243104,2011-01-25,OEM A,OEM A SM210,FORESTRY,SWING MACHINE,,3317,,1
1EX444EDIIS370026,2018-02-11,OEM A,OEM A TH310,FORESTRY,HARVESTER,,8962,,1
1FX581AAASZ219061,2014-06-30,OEM A,OEM A SM650,FORESTRY,SWING MACHINE,,132,,1
1DX338NSXFA983281,2020-12-16,OEM A,OEM A WL210,CONSTRUCTION,WHEEL LOADER,,537,,1
1DX594HPOLO919336,2019-03-10,OEM A,OEM A MG410G,CONSTRUCTION,MOTOR GRADER,,6587,63954,1
1AX613WGIDP743545,2020-01-31,OEM A,OEM A BL650,CONSTRUCTION,BACKHOE LOADER,,7821,,1
1DX427HDBZO221610,2016-08-08,OEM A,OEM A WL310,CONSTRUCTION,WHEEL LOADER,,4343,,1
1DX969DPZLE474843,2016-11-12,OEM A,OEM A MG330G,CONSTRUCTION,MOTOR GRADER,,1151,,1
1BX837SSSXV545525,2016-10-31,OEM A,OEM A EX410,CONSTRUCTION,EXCAVATOR,2019-02-25,1382,,1
1EX795QCQFI747443,2011-08-20,OEM A,OEM A WH310,FORESTRY,HARVESTER,,8470,,1
1AX329WSZTG064981,2019-07-02,OEM A,OEM A BL310,CONSTRUCTION,BACKHOE LOADER,,1035,,1
1EX492SGUBF032137,2017-03-22,OEM A,OEM A TH410,FORESTRY,HARVESTER,,7306,,1
1DX845GSXGX473300,2019-01-06,OEM A,OEM A WL210,CONSTRUCTION,WHEEL LOADER,,464,,1
1BX988QJPUJ931256,2020-07-13,OEM A,OEM A EX650,CONSTRUCTION,EXCAVATOR,,7742,,1
1FX686SZNBA181679,2015-11-18,OEM A,OEM A SM210,FORESTRY,SWING MACHINE,,2353,,1
1BX611OARCN230715,2019-06-19,OEM A,OEM A EX210,CONSTRUCTION,EXCAVATOR,,3384,,1
1DX543FFXJO859202,2013-08-18,OEM A,OEM A MG410,CONSTRUCTION,MOTOR GRADER,,4979,,1
1AX827IFKHR951992,2019-04-04,OEM A,OEM A BL310G,CONSTRUCTION,BACKHOE LOADER,,870,,1
1FX944UQUVY070260,2016-07-29,OEM A,OEM A FB650,FORESTRY,FELLER BUNCHER,,5445,,1
1EX101FZIQI683084,2019-07-12,OEM A,OEM A FW410,FORESTRY,FORWARDER,2018-05-24,1315,,1
1EX757EFSHP700968,2019-08-11,OEM A,OEM A FW410,FORESTRY,FORWARDER,2019-01-07,1039,,1
1AX020JMTXW084927,2019-04-14,OEM A,OEM A BL650,CONSTRUCTION,BACKHOE LOADER,,8472,,1
1DX497JZOJJ274112,2017-05-11,OEM A,OEM A MG330G,CONSTRUCTION,MOTOR GRADER,2017-12-21,4699,,1
1FX258KWVJL612668,2012-02-25,OEM A,OEM A SK210,FORESTRY,SKIDDER,2019-03-26,2749,,1
1CX552KLKIW168306,2012-01-31,OEM A,OEM A CD650,CONSTRUCTION,BULLDOZER,,2969,,1
1FX060VZURY251760,2016-10-29,OEM A,OEM A SM650,FORESTRY,SWING MACHINE,2017-11-07,6308,,1
1BX623PGLJS112545,2020-11-15,OEM A,OEM A EX410,CONSTRUCTION,EXCAVATOR,,1455,,1
1AX939WDCVC434998,2016-05-25,OEM A,OEM A BL210,CONSTRUCTION,BACKHOE LOADER,,7771,,1
1EX930ZZVBC970233,2020-10-26,OEM A,OEM A WH410,FORESTRY,HARVESTER,,6018,,1
1EX158NSMTY207416,2017-07-10,OEM A,OEM A TH410,FORESTRY,HARVESTER,2017-05-06,4723,,1
1EX334SBFQK468706,2014-10-10,OEM A,OEM A FW650,FORESTRY,FORWARDER,2018-03-23,1065,,1
1CX490DZIKF077990,2016-07-08,OEM A,OEM A CD210,CONSTRUCTION,BULLDOZER,,4838,,1
1EX527VUGID503865,2014-01-06,OEM A,OEM A WH410,FORESTRY,HARVESTER,,8321,,1
1EX701CEGKQ033152,2019-11-14,OEM A,OEM A TH520,FORESTRY,HARVESTER,2019-09-13,1246,,1
1DX970RWBUC147887,2012-01-24,OEM A,OEM A WL410L,CONSTRUCTION,WHEEL LOADER,,3401,8074,1
1FX162UXEUN673929,2019-05-26,OEM A,OEM A SK410K,FORESTRY,SKIDDER,2016-05-22,3773,,1
1FX517JQARZ100102,2011-10-03,OEM A,OEM A SM650,FORESTRY,SWING MACHINE,,8700,,1
1DX902JKFGB396670,2018-06-08,OEM A,OEM A WL210,CONSTRUCTION,WHEEL LOADER,2015-08-31,6603,77060,1
1BX140BOUPY852582,2013-09-16,OEM A,OEM A EX410,CONSTRUCTION,EXCAVATOR,2017-06-06,5412,,1
1DX069IFYDZ201464,2020-08-04,OEM A,OEM A MG210,CONSTRUCTION,MOTOR GRADER,,6244,,1
1EX865YBWSN192515,2019-10-11,OEM A,OEM A WH650,FORESTRY,HARVESTER,,7716,,1
1DX711CPBTX971855,2018-11-13,OEM A,OEM A MG310,CONSTRUCTION,MOTOR GRADER,,6985,,1
1BX426WYJIV634034,2013-09-11,OEM A,OEM A EX310,CONSTRUCTION,EXCAVATOR,,2888,,1
1DX328EAHWJ862609,2014-10-28,OEM A,OEM A WL410,CONSTRUCTION,WHEEL LOADER,,6954,,1
1BX660MWPEU787522,2019-11-01,OEM A,OEM A EX310,CONSTRUCTION,EXCAVATOR,,2792,,1
1EX674LNVMP485840,2017-12-27,OEM A,OEM A TH330G,FORESTRY,HARVESTER,2020-06-27,3372,,1
1EX423FBEFC149653,2019-11-16,OEM A,OEM A FW410,FORESTRY,FORWARDER,2020-07-24,4975,,1
1DX873NODSN659961,2017-11-01,OEM A,OEM A MG330L,CONSTRUCTION,MOTOR GRADER,,8063,35888,1
1FX472ONLQW595830,2015-10-22,OEM A,OEM A SK310,FORESTRY,SKIDDER,,5388,,1
1DX528PAZGT679203,2012-09-19,OEM A,OEM A MG410,CONSTRUCTION,MOTOR GRADER,2018-10-09,4488,,1
1AX892QIXLQ261416,2018-07-10,OEM A,OEM A BL520G,CONSTRUCTION,BACKHOE LOADER,2019-11-28,3006,,1
1EX801VCDTQ435290,2016-05-01,OEM A,OEM A WH410,FORESTRY,HARVESTER,,3237,,1
1DX204ABCPQ749549,2014-06-26,OEM A,OEM A WL650,CONSTRUCTION,WHEEL LOADER,2018-09-07,5592,,1
1AX197NFUFY521654,2018-06-15,OEM A,OEM A BL520L,CONSTRUCTION,BACKHOE LOADER,,2126,,1
1EX964YSZYD186142,2013-06-08,OEM A,OEM A FW410,FORESTRY,FORWARDER,,1459,,1
1DX446AESGA672172,2017-01-30,OEM A,OEM A WL210,CONSTRUCTION,WHEEL LOADER,,6899,,1
1EX811GHTNV218189,2016-04-17,OEM A,OEM A TH310K,FORESTRY,HARVESTER,2020-10-20,8534,,1
1EX213HCOBW208206,2020-03-19,OEM A,OEM A WH520L,FORESTRY,HARVESTER,2015-02-02,5819,,1
1DX437WSZVA033992,2013-09-20,OEM A,OEM A WL410,CONSTRUCTION,WHEEL LOADER,2018-11-30,8509,,1
1AX236YZRWM016424,2020-10-17,OEM A,OEM A BL330L,CONSTRUCTION,BACKHOE LOADER,,910,,1
1DX574CJIRQ512247,2014-11-26,OEM A,OEM A WL410,CONSTRUCTION,WHEEL LOADER,2020-02-15,8367,,1
1DX318TCUPF338635,2015-09-11,OEM A,OEM A MG210,CONSTRUCTION,MOTOR GRADER,,1777,,1
1DX821QEDQU923951,2019-09-14,OEM A,OEM A MG310K,CONSTRUCTION,MOTOR GRADER,2020-06-12,6115,,1
1BX404YKSGN043592,2018-01-05,OEM A,OEM A EX410,CONSTRUCTION,EXCAVATOR,2016-06-20,5950,,1
1BX654EDHOE392341,2011-01-26,OEM A,OEM A EX650,CONSTRUCTION,EXCAVATOR,,491,,1
1DX876OEXNC778837,2016-07-06,OEM A,OEM A MG410K,CONSTRUCTION,MOTOR GRADER,2019-08-05,8074,48578,1
1EX811BRLGR341295,2013-09-26,OEM A,OEM A FW310,FORESTRY,FORWARDER,,2327,,1
1BX887RSXDT971077,2013-03-30,OEM A,OEM A EX210,CONSTRUCTION,EXCAVATOR,2020-06-02,3338,,1
1DX973CKHEQ281557,2020-04-27,OEM A,OEM A WL210,CONSTRUCTION,WHEEL LOADER,2016-12-09,1669,,1
1DX617OEQKH332023,2012-03-19,OEM A,OEM A WL650,CONSTRUCTION,WHEEL LOADER,2018-07-11,3996,,1
1AX592LKDLU360347,2012-08-26,OEM A,OEM A BL310,CONSTRUCTION,BACKHOE LOADER,,4590,,1
1BX902CGUDL504619,2015-07-01,OEM A,OEM A EX650,CONSTRUCTION,EXCAVATOR,,4388,,1
1FX697NDLKS780001,2017-06-04,OEM A,OEM A SK310,FORESTRY,SKIDDER,2017-03-10,3348,,1
1EX909WLIYH041289,2012-09-25,OEM A,OEM A WH650L,FORESTRY,HARVESTER,2020-07-14,7074,,1
1DX610JOIJQ442084,2018-01-12,OEM A,OEM A MG250,CONSTRUCTION,MOTOR GRADER,2015-05-14,1072,,1
1FX123XNVRV721534,2011-11-09,OEM A,OEM A FB650,FORESTRY,FELLER BUNCHER,,7693,,1
1BX594LQDAY250013,2018-10-18,OEM A,OEM A EX310L,CONSTRUCTION,EXCAVATOR,2015-11-15,5716,,1
1EX430IJXNM595836,2015-10-22,OEM A,OEM A WH310,FORESTRY,HARVESTER,,1611,,1
1EX810TPAVY218414,2018-09-16,OEM A,OEM A TH210,FORESTRY,HARVESTER,,7674,,1
1AX763KVUXU986027,2017-09-16,OEM A,OEM A BL210,CONSTRUCTION,BACKHOE LOADER,2016-11-11,2179,,1
1DX346QHDYB634216,2018-08-13,OEM A,OEM A MG650,CONSTRUCTION,MOTOR GRADER,,8284,,1
1FX782UUFCP028874,2019-02-13,OEM A,OEM A FB410,FORESTRY,FELLER BUNCHER,,6611,,1
1BX122WBWAT327670,2020-05-05,OEM A,OEM A EX650,CONSTRUCTION,EXCAVATOR,,5922,,1
1CX989VPARV544987,2011-03-31,OEM A,OEM A CD310,CONSTRUCTION,BULLDOZER,,1917,,1
1DX812IAMGZ242760,2017-07-06,OEM A,OEM A MG310,CONSTRUCTION,MOTOR GRADER,,8292,,1
1DX083FMWLU380647,2017-04-09,OEM A,OEM A WL650G,CONSTRUCTION,WHEEL LOADER,2020-07-15,5377,,1
1DX441NGAVQ757230,2020-02-29,OEM A,OEM A MG210,CONSTRUCTION,MOTOR GRADER,,3046,,1
1EX415VDEOE161051,2020-09-16,OEM A,OEM A WH700,FORESTRY,HARVESTER,,6045,,1
1DX470JQTHR565573,2012-05-01,OEM A,OEM A MG410,CONSTRUCTION,MOTOR GRADER,,7464,,1
1DX191GLGTK906268,2018-08-21,OEM A,OEM A MG700G,CONSTRUCTION,MOTOR GRADER,2015-12-06,6961,,1
1AX924XPUPF031204,2016-02-01,OEM A,OEM A BL210,CONSTRUCTION,BACKHOE LOADER,,2754,,1
1FX083VSFKK557470,2019-09-25,OEM A,OEM A SM310,FORESTRY,SWING MACHINE,,7217,,1
1AX789RRKRI814863,2019-10-22,OEM A,OEM A BL650K,CONSTRUCTION,BACKHOE LOADER,2016-03-13,1134,,1
1DX370ZWCXW017164,2020-09-21,OEM A,OEM A MG310,CONSTRUCTION,MOTOR GRADER,,3704,,1
1EX450SDFTB204904,2011-04-20,OEM A,OEM A TH650,FORESTRY,HARVESTER,2019-09-15,3971,,1
1EX579PSRKR084335,2013-04-01,OEM A,OEM A TH310,FORESTRY,HARVESTER,,7292,,1
1CX197WYPNZ711152,2011-05-26,OEM A,OEM A CD330G,CONSTRUCTION,BULLDOZER,,6844,,1
1AX044CCRWW635629,2016-01-22,OEM A,OEM A BL650L,CONSTRUCTION,BACKHOE LOADER,,8110,,1
1AX455HBPDY840124,2017-08-15,OEM A,OEM A BL210,CONSTRUCTION,BACKHOE LOADER,2018-11-24,4986,,1
1DX882DQTSH233551,2012-08-11,OEM A,OEM A MG650,CONSTRUCTION,MOTOR GRADER,,4651,,1
1AX177AFBDS439356,2012-03-02,OEM A,OEM A BL210,CONSTRUCTION,BACKHOE LOADER,2017-08-11,2760,,1
1EX585WTJLF490627,2018-06-06,OEM A,OEM A TH410,FORESTRY,HARVESTER,,8295,,1
1FX580JKCCA135344,2018-07-21,OEM A,OEM A FB210,FORESTRY,FELLER BUNCHER,,1322,,1
1DX330CSNWL960253,2015-12-05,OEM A,OEM A WL310,CONSTRUCTION,WHEEL LOADER,,17,,1
1CX461ZDMAB398223,2015-04-27,OEM A,OEM A CD310,CONSTRUCTION,BULLDOZER,2017-10-27,354,,1
1DX947UOTEN124382,2015-02-03,OEM A,OEM A MG310K,CONSTRUCTION,MOTOR GRADER,2020-07-18,4631,40634,1
1DX223ZLMDB002320,2014-06-24,OEM A,OEM A MG310,CONSTRUCTION,MOTOR GRADER,,4367,,1
1DX402AUGNP546688,2015-06-20,OEM A,OEM A WL210,CONSTRUCTION,WHEEL LOADER,,1213,,1
1DX152ITCYP046723,2011-06-01,OEM A,OEM A WL410,CONSTRUCTION,WHEEL LOADER,,1630,,1
1DX156SLGGE244533,2019-02-14,OEM A,OEM A WL330G,CONSTRUCTION,WHEEL LOADER,,6712,75192,1
1BX857THDUU515346,2020-12-07,OEM A,OEM A EX410,CONSTRUCTION,EXCAVATOR,,5917,,1
1DX595ZSICZ324903,2017-02-14,OEM A,OEM A MG210,CONSTRUCTION,MOTOR GRADER,,3681,,1
1DX256CLKBP020173,2020-03-03,OEM A,OEM A WL410,CONSTRUCTION,WHEEL LOADER,,3982,,1
1DX605DKYCM083625,2017-04-14,OEM A,OEM A MG210,CONSTRUCTION,MOTOR GRADER,,96,,1
1BX432IASWK820511,2018-06-17,OEM A,OEM A EX210,CONSTRUCTION,EXCAVATOR,2018-07-30,5546,,1
1EX759IOMZO503347,2015-12-16,OEM A,OEM A FW210,FORESTRY,FORWARDER,,5743,,1
1EX395HDGLO736062,2012-11-05,OEM A,OEM A FW650,FORESTRY,FORWARDER,,2975,,1
1AX978CAVQA497398,2016-02-25,OEM A,OEM A BL650,CONSTRUCTION,BACKHOE LOADER,,7893,,1
1DX267RGZWV548816,2017-04-06,OEM A,OEM A MG310,CONSTRUCTION,MOTOR GRADER,2019-09-02,1198,,1
1EX669FCIUC031589,2015-02-10,OEM A,OEM A FW410G,FORESTRY,FORWARDER,2020-03-12,57,,1
1DX731RHQOK232307,2017-02-04,OEM A,OEM A MG650L,CONSTRUCTION,MOTOR GRADER,2019-06-20,6684,,1
1DX624CSVRO641781,2011-06-28,OEM A,OEM A WL410,CONSTRUCTION,WHEEL LOADER,,6179,,1
1FX407BKQFC841806,2012-07-15,OEM A,OEM A SM410,FORESTRY,SWING MACHINE,,5604,,1
1DX286IGPSB676070,2018-08-14,OEM A,OEM A WL410,CONSTRUCTION,WHEEL LOADER,2019-08-19,5772,,1
1EX169NQHVP795984,2019-01-13,OEM A,OEM A FW310L,FORESTRY,FORWARDER,2020-08-02,920,,1
1AX043KMGZD730534,2011-05-03,OEM A,OEM A BL650,CONSTRUCTION,BACKHOE LOADER,,7805,,1
1DX837APNAP793253,2012-12-19,OEM A,OEM A WL650,CONSTRUCTION,WHEEL LOADER,,310,,1
1EX713GVDBF286404,2018-07-10,OEM A,OEM A TH410L,FORESTRY,HARVESTER,2015-07-08,599,,1
1DX515YKDLJ041563,2019-07-25,OEM A,OEM A MG520L,CONSTRUCTION,MOTOR GRADER,2017-01-29,3797,,1
1FX855CPKGH090674,2013-04-17,OEM A,OEM A SK410,FORESTRY,SKIDDER,,4486,,1
1DX671VLFSB440795,2017-01-24,OEM A,OEM A WL210,CONSTRUCTION,WHEEL LOADER,,4214,,1
1AX538DIJOX352823,2014-06-02,OEM A,OEM A BL310,CONSTRUCTION,BACKHOE LOADER,2017-08-09,3830,,1
1FX697XOGSN951250,2014-01-23,OEM A,OEM A FB650,FORESTRY,FELLER BUNCHER,,6967,,1
1DX334JUYUZ412077,2017-11-28,OEM A,OEM A WL520,CONSTRUCTION,WHEEL LOADER,,6440,,1
1AX684NCSJK228148,2017-09-19,OEM A,OEM A BL410,CONSTRUCTION,BACKHOE LOADER,2019-06-26,5242,,1
HCM968SIIVD770739,2015-05-13,OEM A,OEM A KB310G,FORESTRY,KNUCKLEBOOM,2017-03-07,3781,,1
1DX267VZHBS129417,2015-08-13,OEM A,OEM A WL650,CONSTRUCTION,WHEEL LOADER,,3076,,1
1AX731JEMLX496484,2016-08-24,OEM A,OEM A BL210,CONSTRUCTION,BACKHOE LOADER,2016-03-14,4035,,1
1BX376SFCCT902792,2017-12-23,OEM A,OEM A EX310,CONSTRUCTION,EXCAVATOR,,2064,,1
1DX222FQKBW772299,2015-12-02,OEM A,OEM A MG210,CONSTRUCTION,MOTOR GRADER,2019-07-26,6026,,1
1CX240HMSFM400109,2016-11-27,OEM A,OEM A CD210,CONSTRUCTION,BULLDOZER,,6122,,1
1DX534YRSOX085201,2020-11-15,OEM A,OEM A MG520L,CONSTRUCTION,MOTOR GRADER,2016-01-25,8913,,1
1DX395JMSFL303332,2012-12-14,OEM A,OEM A WL410,CONSTRUCTION,WHEEL LOADER,,7437,,1
HCM274HYGJS813176,2016-12-03,OEM A,OEM A KB700G,FORESTRY,KNUCKLEBOOM,,7218,,1
1DX535DHGMU834659,2015-09-20,OEM A,OEM A WL210,CONSTRUCTION,WHEEL LOADER,,801,,1
1CX889QCHMH406845,2017-04-08,OEM A,OEM A CD650,CONSTRUCTION,BULLDOZER,,3948,,1
1BX533BRGDW865837,2015-05-04,OEM A,OEM A EX310,CONSTRUCTION,EXCAVATOR,,6781,,1
1DX879TWAWX072109,2018-12-18,OEM A,OEM A MG650,CONSTRUCTION,MOTOR GRADER,,4527,,1
1AX966ALWIF733764,2015-10-24,OEM A,OEM A BL650,CONSTRUCTION,BACKHOE LOADER,,1767,,1
1DX062YPVOF556474,2014-12-11,OEM A,OEM A WL410,CONSTRUCTION,WHEEL LOADER,,6529,,1
1AX231IJHRV208602,2019-04-18,OEM A,OEM A BL330L,CONSTRUCTION,BACKHOE LOADER,,132,,1
1EX419FMWJV660041,2017-11-02,OEM A,OEM A FW520K,FORESTRY,FORWARDER,,2614,,1
1DX506XSJGL437064,2015-03-12,OEM A,OEM A WL210,CONSTRUCTION,WHEEL LOADER,,2016,,1
1EX280QLRQA378936,2019-04-10,OEM A,OEM A WH210,FORESTRY,HARVESTER,,6682,,1
1CX845BWNTZ184571,2013-12-06,OEM A,OEM A CD310,CONSTRUCTION,BULLDOZER,,2139,,1
1DX541YVQPV353241,2015-12-02,OEM A,OEM A WL310,CONSTRUCTION,WHEEL LOADER,,6231,,1
1AX852AYQBU652221,2020-04-27,OEM A,OEM A BL310,CONSTRUCTION,BACKHOE LOADER,2016-05-19,3290,,1
1BX897SKLWN383086,2013-12-15,OEM A,OEM A EX310,CONSTRUCTION,EXCAVATOR,,8560,,1
1DX236QXGEQ904503,2018-04-10,OEM A,OEM A WL520,CONSTRUCTION,WHEEL LOADER,2015-03-10,7380,,1
1AX352OZHQA832465,2013-09-15,OEM A,OEM A BL310,CONSTRUCTION,BACKHOE LOADER,2016-10-23,7465,,1
1DX328CQJMF732995,2018-07-13,OEM A,OEM A WL650,CONSTRUCTION,WHEEL LOADER,,4438,,1
HCM421QLGZE451218,2020-09-03,OEM A,OEM A KB310,FORESTRY,KNUCKLEBOOM,2017-07-04,2462,,1
1AX518EZXNJ030517,2011-08-31,OEM A,OEM A BL650,CONSTRUCTION,BACKHOE LOADER,,4263,,1
1DX461AAGXY666278,2019-09-03,OEM A,OEM A MG250L,CONSTRUCTION,MOTOR GRADER,,7476,16751,1
1AX171SFTBM944014,2020-09-11,OEM A,OEM A BL410,CONSTRUCTION,BACKHOE LOADER,,6683,,1
1FX769AEARG587578,2016-08-05,OEM A,OEM A FB310,FORESTRY,FELLER BUNCHER,2016-01-05,4187,,1
1EX618LGDHQ513736,2018-09-14,OEM A,OEM A WH330G,FORESTRY,HARVESTER,2019-11-10,4577,,1
1EX855YYFFB300204,2015-10-30,OEM A,OEM A FW210,FORESTRY,FORWARDER,,8968,,1
1DX749MIINA885323,2019-05-30,OEM A,OEM A MG650,CONSTRUCTION,MOTOR GRADER,2019-05-05,4963,,1
1AX929QFVTJ956708,2020-08-02,OEM A,OEM A BL700G,CONSTRUCTION,BACKHOE LOADER,2017-09-27,7359,,1
1FX481LIWXQ183841,2019-02-07,OEM A,OEM A FB410,FORESTRY,FELLER BUNCHER,,7553,,1
1DX969JNDVD787680,2019-07-26,OEM A,OEM A WL310,CONSTRUCTION,WHEEL LOADER,,2345,,1
1EX433PQAKZ261431,2019-05-06,OEM A,OEM A WH210,FORESTRY,HARVESTER,,8131,,1
1EX928FXHHB632309,2017-03-25,OEM A,OEM A WH210,FORESTRY,HARVESTER,2020-11-03,7338,,1
1EX175PGJVA069888,2018-01-17,OEM A,OEM A FW330L,FORESTRY,FORWARDER,2019-07-04,67,,1
1BX699AKSHH336130,2020-03-28,OEM A,OEM A EX410,CONSTRUCTION,EXCAVATOR,2019-01-07,4184,,1
HCM224EVJWD749811,2016-11-02,OEM A,OEM A KB310,FORESTRY,KNUCKLEBOOM,2016-03-08,10,,1
1AX897HWLDD627841,2012-11-01,OEM A,OEM A BL210G,CONSTRUCTION,BACKHOE LOADER,2016-01-09,5395,,1
1AX890ZOIMP588424,2018-03-14,OEM A,OEM A BL330L,CONSTRUCTION,BACKHOE LOADER,2017-05-26,3642,,1
1AX501MQLOG413128,2018-06-04,OEM A,OEM A BL410,CONSTRUCTION,BACKHOE LOADER,2019-02-09,612,,1
1FX464TMRSQ324001,2014-12-29,OEM A,OEM A FB210,FORESTRY,FELLER BUNCHER,,8471,,1
1FX732TAUTS898152,2019-08-07,OEM A,OEM A SM650,FORESTRY,SWING MACHINE,,3623,,1
1AX120IBGCJ479071,2018-11-03,OEM A,OEM A BL210,CONSTRUCTION,BACKHOE LOADER,,619,,1
1AX411YKZMV541272,2016-05-16,OEM A,OEM A BL410,CONSTRUCTION,BACKHOE LOADER,,7859,,1
1BX634IQLEY971311,2014-07-10,OEM A,OEM A EX310,CONSTRUCTION,EXCAVATOR,2018-09-05,1090,,1
1FX993RUMVW248849,2017-02-13,OEM A,OEM A SK650L,FORESTRY,SKIDDER,2016-09-09,3740,,1
1DX517ORJOE420919,2020-03-17,OEM A,OEM A MG700G,CONSTRUCTION,MOTOR GRADER,2015-03-22,5779,78069,1
1DX967MGXLM585978,2012-06-14,OEM A,OEM A MG650,CONSTRUCTION,MOTOR GRADER,,192,,1
1EX470VXAZD010726,2013-03-02,OEM A,OEM A FW210,FORESTRY,FORWARDER,,5567,,1
1DX641VBEMH773388,2020-12-22,OEM A,OEM A WL410,CONSTRUCTION,WHEEL LOADER,,6419,,1
1EX020ALOVJ482044,2015-01-28,OEM A,OEM A WH330,FORESTRY,HARVESTER,2019-06-09,7001,,1
1DX085SWVOO957191,2018-10-22,OEM A,OEM A MG330,CONSTRUCTION,MOTOR GRADER,2016-10-09,4322,,1
1FX379HCZOP964298,2019-12-19,OEM A,OEM A SK210L,FORESTRY,SKIDDER,2018-07-19,5676,,1
1EX009KGIEF867367,2017-12-07,OEM A,OEM A FW210,FORESTRY,FORWARDER,,6915,,1
1AX961BUPPL293205,2013-01-01,OEM A,OEM A BL310,CONSTRUCTION,BACKHOE LOADER,,5222,,1
1AX037GEDCY953135,2011-08-07,OEM A,OEM A BL410,CONSTRUCTION,BACKHOE LOADER,,2583,,1
1BX378HTRZU026784,2019-08-24,OEM A,OEM A EX410,CONSTRUCTION,EXCAVATOR,2016-01-24,108,,1
1DX301VBJRN761373,2012-08-06,OEM A,OEM A MG310,CONSTRUCTION,MOTOR GRADER,2019-12-27,3807,,1
1DX932TNSCW799249,2013-12-12,OEM A,OEM A WL410,CONSTRUCTION,WHEEL LOADER,,7684,,1
1CX697FCMSL740750,2019-10-28,OEM A,OEM A CD410L,CONSTRUCTION,BULLDOZER,,6627,,1
1DX400RALIY237335,2017-06-12,OEM A,OEM A WL250G,CONSTRUCTION,WHEEL LOADER,2015-08-11,1212,,1
1DX434RURNK745441,2019-10-10,OEM A,OEM A MG520L,CONSTRUCTION,MOTOR GRADER,,2274,,1
1EX497IIUER809428,2020-10-14,OEM A,OEM A WH310,FORESTRY,HARVESTER,,6921,,1
1FX785EOOMF075836,2018-11-02,OEM A,OEM A SM210,FORESTRY,SWING MACHINE,2017-04-04,2317,,1
1FX196FWVLH444653,2017-12-03,OEM A,OEM A SM410,FORESTRY,SWING MACHINE,,7261,,1
1DX652ZEDSG369566,2013-01-17,OEM A,OEM A WL650,CONSTRUCTION,WHEEL LOADER,2017-07-01,2680,,1
1DX793AVWRL406780,2011-07-07,OEM A,OEM A WL410,CONSTRUCTION,WHEEL LOADER,,6814,,1
1AX911IONYK302572,2018-08-05,OEM A,OEM A BL650,CONSTRUCTION,BACKHOE LOADER,,2101,,1
1BX052OBHBY632482,2017-12-17,OEM A,OEM A EX210L,CONSTRUCTION,EXCAVATOR,2018-05-24,208,49273,1
1EX485BIDWL086982,2018-05-10,OEM A,OEM A WH650L,FORESTRY,HARVESTER,2017-06-09,3340,,1
1AX320RMQAO200379,2018-02-17,OEM A,OEM A BL250G,CONSTRUCTION,BACKHOE LOADER,2016-08-05,1943,35807,1
1FX599VTNCH669495,2019-05-28,OEM A,OEM A SM210,FORESTRY,SWING MACHINE,,5931,,1
1DX771JLCXJ109616,2019-02-14,OEM A,OEM A MG520L,CONSTRUCTION,MOTOR GRADER,2020-04-23,6602,63942,1
1EX997VVITT359121,2019-09-07,OEM A,OEM A WH310,FORESTRY,HARVESTER,2020-08-23,4520,,1
1EX785HCFEF418558,2012-03-06,OEM A,OEM A FW210,FORESTRY,FORWARDER,2020-07-03,6457,,1
1AX599TBPVQ420471,2016-03-01,OEM A,OEM A BL650,CONSTRUCTION,BACKHOE LOADER,,2688,,1
1EX982WURNF936230,2015-08-03,OEM A,OEM A FW210L,FORESTRY,FORWARDER,2019-04-03,1632,,1
1EX351CQJXM708941,2012-01-12,OEM A,OEM A WH210,FORESTRY,HARVESTER,,55,,1
1EX901INYID090252,2016-09-17,OEM A,OEM A FW410,FORESTRY,FORWARDER,,4637,,1
1DX197DZIZE955231,2018-08-13,OEM A,OEM A MG650,CONSTRUCTION,MOTOR GRADER,,448,,1
1FX961JSSIY827964,2017-11-05,OEM A,OEM A SK650,FORESTRY,SKIDDER,,5665,,1
1AX317AOWOO314310,2012-05-30,OEM A,OEM A BL410,CONSTRUCTION,BACKHOE LOADER,,6946,,1
1AX341ESSPR214763,2014-03-26,OEM A,OEM A BL210,CONSTRUCTION,BACKHOE LOADER,2018-01-27,389,,1
1FX992NLFXN713704,2017-11-07,OEM A,OEM A SK310K,FORESTRY,SKIDDER,2017-06-05,557,,1
1BX492MIOAK088352,2016-09-28,OEM A,OEM A EX210,CONSTRUCTION,EXCAVATOR,,1831,,1
1FX418SGKPM280001,2019-07-26,OEM A,OEM A SM310,FORESTRY,SWING MACHINE,,2177,,1
1AX009UKEYF514956,2018-01-28,OEM A,OEM A BL210L,CONSTRUCTION,BACKHOE LOADER,2018-06-29,4008,,1
1AX754CNKBJ074511,2014-01-07,OEM A,OEM A BL650,CONSTRUCTION,BACKHOE LOADER,2020-05-19,3345,,1
1DX306TIJCW628013,2018-09-27,OEM A,OEM A MG650,CONSTRUCTION,MOTOR GRADER,,8615,,1
1DX319VENCM593172,2018-09-19,OEM A,OEM A MG410,CONSTRUCTION,MOTOR GRADER,2020-01-27,3680,,1
1AX912AALFI745847,2011-06-19,OEM A,OEM A BL650,CONSTRUCTION,BACKHOE LOADER,2017-11-26,7946,,1
1EX856VQADE989588,2019-04-04,OEM A,OEM A FW310,FORESTRY,FORWARDER,,284,,1
1CX476JOCAU630924,2014-01-01,OEM A,OEM A CD250L,CONSTRUCTION,BULLDOZER,2017-12-20,5862,40218,1
1BX742YEATQ619417,2015-11-14,OEM A,OEM A EX210,CONSTRUCTION,EXCAVATOR,2018-01-19,1171,,1
1DX101TTWWH398024,2014-04-17,OEM A,OEM A WL410,CONSTRUCTION,WHEEL LOADER,,4557,,1
1DX314WZAXA172071,2019-12-29,OEM A,OEM A WL410,CONSTRUCTION,WHEEL LOADER,,4988,,1
1CX850BWBRH527600,2015-11-08,OEM A,OEM A CD410,CONSTRUCTION,BULLDOZER,,2983,,1
1DX936EPJMP468651,2011-03-03,OEM A,OEM A WL410,CONSTRUCTION,WHEEL LOADER,,2167,,1
1EX798JOAZZ264977,2018-09-23,OEM A,OEM A FW310,FORESTRY,FORWARDER,2019-01-21,2515,,1
1DX826AICDQ975551,2012-03-06,OEM A,OEM A MG310,CONSTRUCTION,MOTOR GRADER,2016-10-01,2511,,1
1CX905JJVBP943319,2018-11-17,OEM A,OEM A CD210,CONSTRUCTION,BULLDOZER,,8870,,1
1DX292WHVPK208839,2014-06-11,OEM A,OEM A WL210,CONSTRUCTION,WHEEL LOADER,,8650,,1
1DX002HFEXB259661,2020-05-23,OEM A,OEM A WL310,CONSTRUCTION,WHEEL LOADER,,6154,,1
1DX199DTMGE087429,2019-01-29,OEM A,OEM A WL650,CONSTRUCTION,WHEEL LOADER,,4696,,1
1EX133GCBGR368870,2020-08-19,OEM A,OEM A WH210,FORESTRY,HARVESTER,,1785,,1
1DX184UHCNL504156,2013-12-26,OEM A,OEM A MG650,CONSTRUCTION,MOTOR GRADER,2018-07-04,1210,,1
1DX573QVYCB396533,2016-02-08,OEM A,OEM A MG520G,CONSTRUCTION,MOTOR GRADER,2019-08-13,616,,1
1FX641ISFAE061230,2016-12-23,OEM A,OEM A FB310,FORESTRY,FELLER BUNCHER,,635,,1
1CX823ZKRJU610893,2016-11-02,OEM A,OEM A CD250L,CONSTRUCTION,BULLDOZER,,398,60937,1
1DX529IOGUP318862,2019-10-23,OEM A,OEM A MG650L,CONSTRUCTION,MOTOR GRADER,2016-10-19,7556,,1
1DX535CHUMB368659,2018-12-30,OEM A,OEM A WL700L,CONSTRUCTION,WHEEL LOADER,,8784,,1
1AX682VZVJQ763192,2018-12-29,OEM A,OEM A BL210,CONSTRUCTION,BACKHOE LOADER,2018-09-28,8089,,1
1DX776APDSL866018,2014-09-30,OEM A,OEM A MG210,CONSTRUCTION,MOTOR GRADER,2019-10-10,3750,,1
1FX273HJDSX961521,2019-01-12,OEM A,OEM A SM310L,FORESTRY,SWING MACHINE,,3889,,1
1EX589KTQSU966832,2016-07-18,OEM A,OEM A FW410,FORESTRY,FORWARDER,2019-09-30,5096,,1
1DX639CWKKM930402,2013-10-15,OEM A,OEM A MG310,CONSTRUCTION,MOTOR GRADER,,6973,,1
1DX548WBNST237705,2014-06-08,OEM A,OEM A WL650,CONSTRUCTION,WHEEL LOADER,,5171,,1
1DX736DRZJB971377,2018-11-15,OEM A,OEM A WL210,CONSTRUCTION,WHEEL LOADER,,2301,,1
1DX134LFEWS194700,2018-01-31,OEM A,OEM A MG700K,CONSTRUCTION,MOTOR GRADER,2018-05-21,2438,51566,1
1DX644PBCRE904167,2019-07-21,OEM A,OEM A WL410K,CONSTRUCTION,WHEEL LOADER,2017-05-25,6997,,1
1DX612SCOAX160905,2018-09-15,OEM A,OEM A WL210,CONSTRUCTION,WHEEL LOADER,2017-06-10,6054,,1
1FX518OHSSR373611,2020-02-02,OEM A,OEM A FB410G,FORESTRY,FELLER BUNCHER,,6281,,1
1DX461EETMP967996,2012-01-19,OEM A,OEM A MG310,CONSTRUCTION,MOTOR GRADER,2018-09-16,7981,,1
1EX668YHRXB441740,2020-07-23,OEM A,OEM A WH210,FORESTRY,HARVESTER,2019-06-18,4081,,1
1DX328YKQYK608220,2014-09-27,OEM A,OEM A MG650,CONSTRUCTION,MOTOR GRADER,2016-06-21,3287,,1
1EX626BGUYL521296,2015-07-03,OEM A,OEM A WH250,FORESTRY,HARVESTER,2019-01-29,5203,,1
1CX176UXVKP973577,2016-10-29,OEM A,OEM A CD310,CONSTRUCTION,BULLDOZER,2018-08-24,7464,,1
1CX947DGEHJ205908,2019-12-05,OEM A,OEM A CD250L,CONSTRUCTION,BULLDOZER,,2126,,1
1AX309LYVHO141807,2018-04-19,OEM A,OEM A BL250L,CONSTRUCTION,BACKHOE LOADER,2018-12-04,8519,65262,1
1DX979WNOKZ415059,2018-11-13,OEM A,OEM A WL210,CONSTRUCTION,WHEEL LOADER,2018-05-15,7994,,1
1AX344VKGDH450715,2019-04-07,OEM A,OEM A BL310G,CONSTRUCTION,BACKHOE LOADER,2016-05-15,8396,,1
1EX827PUHEW325222,2019-01-06,OEM A,OEM A WH410,FORESTRY,HARVESTER,,2877,,1
1DX748GQEXL889588,2014-05-07,OEM A,OEM A MG700L,CONSTRUCTION,MOTOR GRADER,2017-02-02,2528,,1
1DX192PJDVL784754,2018-06-01,OEM A,OEM A MG210L,CONSTRUCTION,MOTOR GRADER,2016-04-25,8454,43805,1
1DX034RAUWE808784,2011-11-19,OEM A,OEM A WL250G,CONSTRUCTION,WHEEL LOADER,,2861,,1
1DX484WQAFY761426,2020-11-22,OEM A,OEM A WL410,CONSTRUCTION,WHEEL LOADER,2016-06-09,8836,,1
1AX014EQJTP710202,2019-04-28,OEM A,OEM A BL310G,CONSTRUCTION,BACKHOE LOADER,2018-06-17,6285,,1
1DX626ZNGWH183553,2018-11-10,OEM A,OEM A MG310,CONSTRUCTION,MOTOR GRADER,2018-03-10,2708,,1
1AX277KMJVP464788,2018-09-16,OEM A,OEM A BL310,CONSTRUCTION,BACKHOE LOADER,2016-09-27,3288,,1
1AX302DWQMQ371958,2011-08-18,OEM A,OEM A BL410,CONSTRUCTION,BACKHOE LOADER,,4088,,1
1DX825OABZD280345,2017-04-15,OEM A,OEM A MG410,CONSTRUCTION,MOTOR GRADER,2018-03-17,5579,,1
1DX299HWEWL794144,2018-12-19,OEM A,OEM A MG650,CONSTRUCTION,MOTOR GRADER,,986,,1
1DX024SRKNF101878,2011-10-11,OEM A,OEM A WL210,CONSTRUCTION,WHEEL LOADER,,1693,,1
1DX599WRJYW345255,2019-06-30,OEM A,OEM A WL410,CONSTRUCTION,WHEEL LOADER,,4508,,1
1AX128OZQGY258734,2019-01-10,OEM A,OEM A BL520G,CONSTRUCTION,BACKHOE LOADER,2019-08-25,5195,,1
1DX684WNZNI735106,2018-10-23,OEM A,OEM A WL650,CONSTRUCTION,WHEEL LOADER,,3870,,1
1FX481EWNRO000611,2012-10-15,OEM A,OEM A SK310,FORESTRY,SKIDDER,,7967,,1
1AX361BBWSJ791783,2017-05-08,OEM A,OEM A BL700K,CONSTRUCTION,BACKHOE LOADER,2020-12-20,8328,,1
1DX788IURQE988368,2018-12-07,OEM A,OEM A WL210,CONSTRUCTION,WHEEL LOADER,,5618,,1
1DX579EVXQX798377,2012-07-20,OEM A,OEM A WL410,CONSTRUCTION,WHEEL LOADER,2016-05-27,5905,,1
1AX452DYPCO171690,2018-12-04,OEM A,OEM A BL310,CONSTRUCTION,BACKHOE LOADER,2016-07-07,816,,1
1DX662KYRWB473255,2011-03-23,OEM A,OEM A WL210,CONSTRUCTION,WHEEL LOADER,2019-12-23,2449,,1
1DX633PWQPM805978,2015-05-26,OEM A,OEM A MG700K,CONSTRUCTION,MOTOR GRADER,,694,24953,1
1AX334GTOVL484280,2017-07-07,OEM A,OEM A BL210,CONSTRUCTION,BACKHOE LOADER,,5874,,1
1EX676LEFWF440597,2015-12-01,OEM A,OEM A WH210,FORESTRY,HARVESTER,2016-01-12,6455,,1
HCM499LSFQE975884,2011-09-18,OEM A,OEM A KB410,FORESTRY,KNUCKLEBOOM,2017-07-18,4834,,1
1FX973BCJDN225085,2014-09-06,OEM A,OEM A FB650,FORESTRY,FELLER BUNCHER,2020-01-05,8603,,1
1FX204PYBEY422958,2019-01-17,OEM A,OEM A SM310L,FORESTRY,SWING MACHINE,2018-07-02,3987,,1
1AX964NXJOS672993,2018-03-28,OEM A,OEM A BL310,CONSTRUCTION,BACKHOE LOADER,,6144,,1
1AX803KDDVW390777,2019-02-04,OEM A,OEM A BL410,CONSTRUCTION,BACKHOE LOADER,2018-05-25,6216,,1
1DX927XWRDA709950,2015-05-28,OEM A,OEM A MG250L,CONSTRUCTION,MOTOR GRADER,2020-08-27,7567,62303,1
1AX686YCSAI990515,2019-07-31,OEM A,OEM A BL700G,CONSTRUCTION,BACKHOE LOADER,,3840,25317,1
1EX082VHBEX705356,2015-10-08,OEM A,OEM A TH410,FORESTRY,HARVESTER,,6042,,1
1AX964NFYDO956147,2012-03-20,OEM A,OEM A BL700L,CONSTRUCTION,BACKHOE LOADER,2017-10-05,4158,63566,1
1DX732GCBHG396254,2019-10-24,OEM A,OEM A MG650,CONSTRUCTION,MOTOR GRADER,,6742,,1
HCM735OYKAX170825,2016-08-28,OEM A,OEM A KB310,FORESTRY,KNUCKLEBOOM,2016-12-10,6172,,1
1DX617RBFWZ309852,2013-01-07,OEM A,OEM A MG210,CONSTRUCTION,MOTOR GRADER,,657,,1
1FX093PGADX289018,2012-09-02,OEM A,OEM A SM210,FORESTRY,SWING MACHINE,2017-02-25,4521,,1
1AX330LJZHL132022,2014-10-08,OEM A,OEM A BL410,CONSTRUCTION,BACKHOE LOADER,,430,,1
1EX761WZGUR463788,2016-12-12,OEM A,OEM A WH210,FORESTRY,HARVESTER,2018-04-26,2289,,1
1EX785IUNSQ332697,2015-10-18,OEM A,OEM A FW210,FORESTRY,FORWARDER,2018-07-17,3484,,1
1EX391OGOPN408323,2018-04-22,OEM A,OEM A TH700K,FORESTRY,HARVESTER,2020-01-17,5044,,1
1FX891KLUMU436938,2015-03-11,OEM A,OEM A SK410K,FORESTRY,SKIDDER,2017-01-19,875,,1
1FX275IPBRB642853,2012-03-26,OEM A,OEM A SK310K,FORESTRY,SKIDDER,,6501,,1
1DX480FUPXG019965,2019-12-09,OEM A,OEM A WL410,CONSTRUCTION,WHEEL LOADER,,8121,,1
1DX885QGYJP776090,2015-04-12,OEM A,OEM A WL650,CONSTRUCTION,WHEEL LOADER,2018-10-02,6545,,1
1AX836ASUUN793037,2014-05-19,OEM A,OEM A BL650,CONSTRUCTION,BACKHOE LOADER,,6064,,1
1FX974YSRUN063609,2018-10-28,OEM A,OEM A SM250G,FORESTRY,SWING MACHINE,2019-07-10,8866,,1
1EX487EXROA686694,2013-07-17,OEM A,OEM A FW210,FORESTRY,FORWARDER,,6000,,1
1DX566XBDAE963199,2013-10-29,OEM A,OEM A MG310,CONSTRUCTION,MOTOR GRADER,,8750,,1
1FX916MMSCW769667,2011-01-21,OEM A,OEM A SM410,FORESTRY,SWING MACHINE,,1799,,1
1DX974UGTUL095207,2020-08-30,OEM A,OEM A MG210,CONSTRUCTION,MOTOR GRADER,,539,,1
1DX591RBHTA518253,2019-10-14,OEM A,OEM A WL310,CONSTRUCTION,WHEEL LOADER,2019-01-26,5720,,1
1DX610BEKRS789400,2018-05-23,OEM A,OEM A WL650,CONSTRUCTION,WHEEL LOADER,,1721,,1
1EX654SBPGO348590,2018-07-11,OEM A,OEM A TH650L,FORESTRY,HARVESTER,2019-06-28,325,,1
1AX570DJEJA410482,2015-01-28,OEM A,OEM A BL310,CONSTRUCTION,BACKHOE LOADER,2016-09-17,7105,,1
1DX251GAUQB575942,2020-12-17,OEM A,OEM A MG700L,CONSTRUCTION,MOTOR GRADER,2018-06-14,3561,,1
1AX839IVUNU523877,2018-01-05,OEM A,OEM A BL210,CONSTRUCTION,BACKHOE LOADER,,4255,,1
1FX552AHHOB841235,2015-07-23,OEM A,OEM A SM700G,FORESTRY,SWING MACHINE,,2057,,1
1AX372PRQEX531450,2016-12-10,OEM A,OEM A BL210,CONSTRUCTION,BACKHOE LOADER,2018-03-05,7282,,1
1BX090VUINZ269383,2015-01-21,OEM A,OEM A EX330G,CONSTRUCTION,EXCAVATOR,,6803,,1
1DX132CYRRA758816,2020-09-28,OEM A,OEM A WL210,CONSTRUCTION,WHEEL LOADER,,4136,,1
1BX747DGRGW392081,2019-02-20,OEM A,OEM A EX650,CONSTRUCTION,EXCAVATOR,,1113,,1
1DX809XIURG284852,2013-10-09,OEM A,OEM A WL310,CONSTRUCTION,WHEEL LOADER,,1108,,1
1EX308VNVDP939169,2016-09-09,OEM A,OEM A TH650,FORESTRY,HARVESTER,,7228,,1
1DX485RBYQH889242,2020-11-07,OEM A,OEM A MG310L,CONSTRUCTION,MOTOR GRADER,2015-08-09,8153,,1
1FX549SIVRW114741,2013-01-24,OEM A,OEM A SM210,FORESTRY,SWING MACHINE,,6035,,1
1EX540NWDME656434,2018-09-24,OEM A,OEM A TH310,FORESTRY,HARVESTER,2016-07-04,1002,,1
1EX391CUEUW661848,2019-06-25,OEM A,OEM A WH310,FORESTRY,HARVESTER,,2452,,1
1DX527BPSFV795741,2011-03-10,OEM A,OEM A WL310,CONSTRUCTION,WHEEL LOADER,2019-06-06,8166,,1
1DX992HOFOS397189,2014-08-06,OEM A,OEM A MG650,CONSTRUCTION,MOTOR GRADER,,7210,,1
1DX292IHKYZ428554,2020-11-09,OEM A,OEM A WL520K,CONSTRUCTION,WHEEL LOADER,2016-02-21,8818,,1
1AX282FJZAE805208,2015-07-06,OEM A,OEM A BL650,CONSTRUCTION,BACKHOE LOADER,2016-11-08,7759,,1
1AX262LPSHL181384,2016-06-18,OEM A,OEM A BL310,CONSTRUCTION,BACKHOE LOADER,2020-02-24,2420,,1
1EX247IVWBS251111,2020-02-21,OEM A,OEM A WH310,FORESTRY,HARVESTER,,2897,,1
1DX399KDZJE890049,2015-02-01,OEM A,OEM A MG250G,CONSTRUCTION,MOTOR GRADER,2019-09-26,6311,,1
1DX819AGKBK088006,2018-08-03,OEM A,OEM A WL310,CONSTRUCTION,WHEEL LOADER,,5625,,1
1AX427LVBLO311200,2019-04-29,OEM A,OEM A BL210,CONSTRUCTION,BACKHOE LOADER,,7315,,1
1DX514ASZKF289869,2014-11-07,OEM A,OEM A MG650,CONSTRUCTION,MOTOR GRADER,,3628,,1
1DX840GQEHX068300,2019-01-03,OEM A,OEM A MG520G,CONSTRUCTION,MOTOR GRADER,,8875,20922,1
1DX819BTMSM462947,2012-11-24,OEM A,OEM A MG210,CONSTRUCTION,MOTOR GRADER,2019-05-01,7155,,1
1DX469ISTKP941407,2015-11-22,OEM A,OEM A WL410,CONSTRUCTION,WHEEL LOADER,,764,,1
1AX142LXMFH766197,2018-10-31,OEM A,OEM A BL310G,CONSTRUCTION,BACKHOE LOADER,2016-06-08,8948,27096,1
1EX110PDWAR750989,2017-11-03,OEM A,OEM A WH410,FORESTRY,HARVESTER,,5382,,1
1BX410QMXNE013185,2011-02-02,OEM A,OEM A EX650,CONSTRUCTION,EXCAVATOR,,3688,,1
1EX058UUJDF283450,2020-02-26,OEM A,OEM A TH410,FORESTRY,HARVESTER,,3965,,1
1DX105QBYXD639804,2018-05-11,OEM A,OEM A MG210,CONSTRUCTION,MOTOR GRADER,2020-03-09,7133,,1
1DX709HFKTD537267,2020-02-12,OEM A,OEM A WL310,CONSTRUCTION,WHEEL LOADER,2017-11-12,7471,,1
1AX018GODFD727368,2018-12-05,OEM A,OEM A BL410K,CONSTRUCTION,BACKHOE LOADER,2018-09-19,4833,,1
1DX120TPPTN186512,2016-04-23,OEM A,OEM A WL210,CONSTRUCTION,WHEEL LOADER,,6683,,1
1DX009NGMLE226495,2019-04-01,OEM A,OEM A MG650,CONSTRUCTION,MOTOR GRADER,2020-03-08,161,,1
1AX983CTOWY925726,2018-01-16,OEM A,OEM A BL310,CONSTRUCTION,BACKHOE LOADER,,257,,1
1EX862AQGGV344428,2020-04-23,OEM A,OEM A WH410,FORESTRY,HARVESTER,,2551,,1
1EX853TPQOG837478,2017-07-02,OEM A,OEM A WH330L,FORESTRY,HARVESTER,,8072,,1
1AX733REVBG313795,2017-03-03,OEM A,OEM A BL700K,CONSTRUCTION,BACKHOE LOADER,2015-12-21,8430,62995,1
1DX332HAGJW122105,2019-12-14,OEM A,OEM A MG210,CONSTRUCTION,MOTOR GRADER,,749,,1
1DX843PPRLP934130,2012-12-08,OEM A,OEM A WL310,CONSTRUCTION,WHEEL LOADER,,1247,,1
1DX876CKKGM251733,2019-06-15,OEM A,OEM A WL250,CONSTRUCTION,WHEEL LOADER,,7310,,1
1AX616WEIRA408653,2019-08-15,OEM A,OEM A BL650,CONSTRUCTION,BACKHOE LOADER,,1589,,1
1AX907HWBSM056663,2019-06-30,OEM A,OEM A BL650G,CONSTRUCTION,BACKHOE LOADER,2018-03-12,214,,1
1DX098UOYPN991471,2014-01-30,OEM A,OEM A MG310,CONSTRUCTION,MOTOR GRADER,,3148,,1
1EX454CPULQ452310,2013-06-09,OEM A,OEM A TH210,FORESTRY,HARVESTER,2020-04-17,1672,,1
1DX144KUCVY681596,2019-04-09,OEM A,OEM A MG310,CONSTRUCTION,MOTOR GRADER,2018-08-13,6059,,1
1DX383XLJYS562313,2013-04-04,OEM A,OEM A MG310L,CONSTRUCTION,MOTOR GRADER,,4102,,1
1FX665PIKGJ493518,2019-01-10,OEM A,OEM A SM330G,FORESTRY,SWING MACHINE,2020-03-04,3379,,1
1CX439EJFFX561499,2017-05-21,OEM A,OEM A CD700L,CONSTRUCTION,BULLDOZER,2015-07-15,8438,,1
1AX710BNYNU922500,2020-01-16,OEM A,OEM A BL410,CONSTRUCTION,BACKHOE LOADER,,5251,,1
1AX418BXJNH436168,2015-05-21,OEM A,OEM A BL410,CONSTRUCTION,BACKHOE LOADER,,7651,,1
1EX548YOQMJ557159,2013-07-26,OEM A,OEM A WH310,FORESTRY,HARVESTER,2019-07-11,7837,,1
1AX872WVGDL733114,2019-01-16,OEM A,OEM A BL410,CONSTRUCTION,BACKHOE LOADER,,5231,,1
1DX837AEDOJ095805,2017-12-25,OEM A,OEM A WL700G,CONSTRUCTION,WHEEL LOADER,2020-09-25,7743,,1
1AX279GTLGV603163,2013-06-17,OEM A,OEM A BL310,CONSTRUCTION,BACKHOE LOADER,,8725,,1
1EX417LPJKH608662,2018-12-02,OEM A,OEM A TH410,FORESTRY,HARVESTER,2020-05-12,6244,,1
1DX704JWSDG386760,2012-07-28,OEM A,OEM A MG210,CONSTRUCTION,MOTOR GRADER,,2230,,1
1AX215BJKWD991232,2015-12-23,OEM A,OEM A BL650,CONSTRUCTION,BACKHOE LOADER,,2094,,1
1DX739JEVLU599987,2019-01-01,OEM A,OEM A WL650,CONSTRUCTION,WHEEL LOADER,,8812,,1
1FX231UUICL167719,2020-12-17,OEM A,OEM A SM210G,FORESTRY,SWING MACHINE,2020-06-09,6750,,1
1DX353QTDCT660578,2014-08-26,OEM A,OEM A MG210,CONSTRUCTION,MOTOR GRADER,,5459,,1
1DX180TTLMS884870,2012-01-25,OEM A,OEM A MG310,CONSTRUCTION,MOTOR GRADER,,990,,1
1FX724NHSFZ555910,2012-07-02,OEM A,OEM A SK700K,FORESTRY,SKIDDER,,5585,,1
1AX881SKVKO225846,2014-06-01,OEM A,OEM A BL210,CONSTRUCTION,BACKHOE LOADER,,3985,,1
1BX312BYKQD570646,2014-10-01,OEM A,OEM A EX210,CONSTRUCTION,EXCAVATOR,2020-06-10,3125,,1
1CX293CHVTO029535,2019-06-05,OEM A,OEM A CD700,CONSTRUCTION,BULLDOZER,2015-04-27,4472,30285,1
1EX800QAKDJ190757,2015-10-30,OEM A,OEM A WH650,FORESTRY,HARVESTER,2019-03-15,226,,1
1DX045BBDHP175018,2019-06-16,OEM A,OEM A MG330G,CONSTRUCTION,MOTOR GRADER,,5252,,1
1CX616TRHVN609406,2019-10-26,OEM A,OEM A CD330G,CONSTRUCTION,BULLDOZER,2016-06-29,7155,,1
1EX420OIJWO270728,2014-09-20,OEM A,OEM A FW310,FORESTRY,FORWARDER,,3749,,1
1DX851INDIR069804,2017-03-13,OEM A,OEM A MG410,CONSTRUCTION,MOTOR GRADER,2020-01-21,1932,,1
1DX126PCOTH533878,2020-01-05,OEM A,OEM A WL310,CONSTRUCTION,WHEEL LOADER,,8833,,1
1EX362OPSTL282697,2012-07-06,OEM A,OEM A TH310,FORESTRY,HARVESTER,,7147,,1
1DX439MGMJN478003,2018-04-15,OEM A,OEM A WL210,CONSTRUCTION,WHEEL LOADER,,6723,,1
1DX428NJQXE037099,2011-11-08,OEM A,OEM A WL310,CONSTRUCTION,WHEEL LOADER,,1950,,1
1DX999YWUUZ542876,2018-10-10,OEM A,OEM A WL330L,CONSTRUCTION,WHEEL LOADER,2017-09-17,8384,,1
1FX558IFHVR985596,2018-07-07,OEM A,OEM A SK210G,FORESTRY,SKIDDER,2016-07-29,6265,,1
1DX302NFXGK358896,2013-11-11,OEM A,OEM A MG410,CONSTRUCTION,MOTOR GRADER,2019-09-30,5296,,1
1DX526BWJSE121459,2019-08-19,OEM A,OEM A MG410,CONSTRUCTION,MOTOR GRADER,,6543,,1
1AX306JCFYM954806,2020-08-15,OEM A,OEM A BL210L,CONSTRUCTION,BACKHOE LOADER,,234,,1
1FX455DDUDI606469,2012-10-05,OEM A,OEM A SK310,FORESTRY,SKIDDER,2020-01-19,8462,,1
1DX039WCDTI595519,2017-03-18,OEM A,OEM A MG650,CONSTRUCTION,MOTOR GRADER,,3021,,1
1EX148JMESL633218,2020-11-14,OEM A,OEM A FW310,FORESTRY,FORWARDER,,2103,,1
1EX477MKALG657673,2012-05-30,OEM A,OEM A TH650,FORESTRY,HARVESTER,2020-03-28,7304,,1
1EX380SWMKS585381,2013-07-20,OEM A,OEM A FW650,FORESTRY,FORWARDER,,7539,,1
1DX949KJVBH754782,2014-06-21,OEM A,OEM A WL650,CONSTRUCTION,WHEEL LOADER,,2160,,1
1DX092LGNAD703448,2019-06-20,OEM A,OEM A MG410,CONSTRUCTION,MOTOR GRADER,2018-10-18,1608,,1
1DX507BZVHE019143,2016-07-31,OEM A,OEM A MG210,CONSTRUCTION,MOTOR GRADER,2019-04-27,7091,,1
1FX194LZCLS430239,2013-02-17,OEM A,OEM A SM410,FORESTRY,SWING MACHINE,2018-08-16,2809,,1
1FX547VRYRO623236,2011-12-27,OEM A,OEM A FB650,FORESTRY,FELLER BUNCHER,,947,,1
1DX880RHLQF928355,2020-09-24,OEM A,OEM A MG650,CONSTRUCTION,MOTOR GRADER,2019-03-15,3453,,1
1DX428QJIDS887944,2017-06-10,OEM A,OEM A MG650G,CONSTRUCTION,MOTOR GRADER,2018-09-15,626,,1
1BX602QQEVQ989773,2012-08-23,OEM A,OEM A EX410,CONSTRUCTION,EXCAVATOR,,3584,,1
1FX597BTACA974336,2017-03-18,OEM A,OEM A SM410,FORESTRY,SWING MACHINE,,4178,,1
1DX416GBXUN082258,2019-07-09,OEM A,OEM A MG410K,CONSTRUCTION,MOTOR GRADER,,331,61648,1
1DX243CDNGD814037,2018-01-10,OEM A,OEM A MG650,CONSTRUCTION,MOTOR GRADER,2016-04-18,5104,,1
1FX344WKAFE220134,2013-05-29,OEM A,OEM A SK650,FORESTRY,SKIDDER,,6920,,1
1EX799QJGJN210305,2017-09-13,OEM A,OEM A WH310,FORESTRY,HARVESTER,2016-03-27,7524,,1
1EX218ZSWZA703951,2020-02-03,OEM A,OEM A WH650,FORESTRY,HARVESTER,2016-10-30,5933,,1
1DX489JCHGO019058,2013-11-16,OEM A,OEM A MG210,CONSTRUCTION,MOTOR GRADER,2019-03-17,5494,,1
1FX655OJMQI042424,2018-10-15,OEM A,OEM A SM330G,FORESTRY,SWING MACHINE,2019-02-13,3989,,1
1AX743NQEYC374411,2017-08-29,OEM A,OEM A BL650K,CONSTRUCTION,BACKHOE LOADER,2015-02-08,8912,,1
1FX346NRLQK907300,2020-09-26,OEM A,OEM A SM410,FORESTRY,SWING MACHINE,,8302,,1
HCM132VHWGW211161,2019-09-09,OEM A,OEM A KB410,FORESTRY,KNUCKLEBOOM,,5476,,1
1FX747AFLOH017921,2020-08-02,OEM A,OEM A SM210,FORESTRY,SWING MACHINE,2019-05-19,2206,,1
1FX425NTDDQ575568,2019-10-01,OEM A,OEM A FB410L,FORESTRY,FELLER BUNCHER,2020-07-11,3808,,1
1EX832VOQZS675978,2013-09-01,OEM A,OEM A WH650,FORESTRY,HARVESTER,2017-01-25,5470,,1
1FX673JNZFW477483,2020-09-07,OEM A,OEM A SM410,FORESTRY,SWING MACHINE,2019-05-21,8573,,1
1DX182FDUZX716479,2019-06-01,OEM A,OEM A MG210,CONSTRUCTION,MOTOR GRADER,,6962,,1
1DX718QAKNR747120,2015-03-04,OEM A,OEM A WL310,CONSTRUCTION,WHEEL LOADER,2019-03-30,2099,,1
1EX052FAPZP874557,2014-04-28,OEM A,OEM A WH310,FORESTRY,HARVESTER,,3323,,1
1FX075GXKJS041956,2020-01-13,OEM A,OEM A SM410,FORESTRY,SWING MACHINE,,5400,,1
1DX826UPTPN215020,2020-01-14,OEM A,OEM A MG520G,CONSTRUCTION,MOTOR GRADER,,3167,69389,1
1EX587EMBZT774079,2011-09-07,OEM A,OEM A WH410,FORESTRY,HARVESTER,2018-01-26,7825,,1
1FX159MIHEG091317,2013-11-28,OEM A,OEM A SK310,FORESTRY,SKIDDER,,7748,,1
1DX195GONJN794889,2020-05-12,OEM A,OEM A MG210,CONSTRUCTION,MOTOR GRADER,,3992,,1
1FX220WTURR554488,2020-03-07,OEM A,OEM A SK650,FORESTRY,SKIDDER,,162,,1
1AX717NIUEY040374,2011-03-24,OEM A,OEM A BL410,CONSTRUCTION,BACKHOE LOADER,2018-02-21,458,,1
1DX276FCUCZ726421,2017-04-17,OEM A,OEM A WL520K,CONSTRUCTION,WHEEL LOADER,2018-05-26,8034,,1
1EX645ZSQIK162803,2017-04-10,OEM A,OEM A WH310L,FORESTRY,HARVESTER,2016-10-10,7124,,1
1DX424JLXYS876781,2018-06-03,OEM A,OEM A MG330,CONSTRUCTION,MOTOR GRADER,,1233,,1
1EX499YHRWM729140,2018-08-27,OEM A,OEM A FW310,FORESTRY,FORWARDER,2018-01-14,7904,,1
1EX826SHWIC478670,2019-09-18,OEM A,OEM A WH330G,FORESTRY,HARVESTER,2019-08-04,3269,,1
1DX588JGOQB196214,2019-12-16,OEM A,OEM A WL650L,CONSTRUCTION,WHEEL LOADER,,8842,,1
1DX867YZCYR438679,2019-02-02,OEM A,OEM A MG650,CONSTRUCTION,MOTOR GRADER,,1977,,1
1DX094YUFBL786623,2017-09-22,OEM A,OEM A MG410,CONSTRUCTION,MOTOR GRADER,,1788,,1
1EX712HTMAL050209,2019-04-06,OEM A,OEM A WH650G,FORESTRY,HARVESTER,2015-09-06,5024,,1
1DX641WXCTX312926,2018-06-23,OEM A,OEM A MG410,CONSTRUCTION,MOTOR GRADER,,1463,,1
1FX335TDBEZ711785,2017-12-07,OEM A,OEM A SM700G,FORESTRY,SWING MACHINE,2018-11-08,7553,,1
1DX416FBBIH555685,2017-06-20,OEM A,OEM A WL210,CONSTRUCTION,WHEEL LOADER,2016-10-26,2849,,1
1DX198XLKQJ420356,2015-03-02,OEM A,OEM A MG330,CONSTRUCTION,MOTOR GRADER,2017-12-12,5162,,1
1AX000IFIBD073593,2019-07-26,OEM A,OEM A BL310,CONSTRUCTION,BACKHOE LOADER,2020-04-18,2433,,1
1DX577WYCQX607919,2020-07-06,OEM A,OEM A WL210,CONSTRUCTION,WHEEL LOADER,,478,,1
1AX056TRRYW096972,2017-02-17,OEM A,OEM A BL310,CONSTRUCTION,BACKHOE LOADER,,7928,,1
1DX416UWEFP768470,2016-03-07,OEM A,OEM A WL650,CONSTRUCTION,WHEEL LOADER,2019-05-07,5914,,1
HCM234BUXOQ966737,2015-05-29,OEM A,OEM A KB210,FORESTRY,KNUCKLEBOOM,,2150,,1
1EX735KNEDC097936,2020-11-24,OEM A,OEM A TH310,FORESTRY,HARVESTER,,7240,,1
1DX416HBOBL437610,2019-03-11,OEM A,OEM A MG650,CONSTRUCTION,MOTOR GRADER,2018-04-03,4825,,1
1AX960JQQXF722753,2018-04-10,OEM A,OEM A BL310L,CONSTRUCTION,BACKHOE LOADER,2018-02-08,6722,,1
1DX524SUZRU434655,2020-12-25,OEM A,OEM A WL700G,CONSTRUCTION,WHEEL LOADER,2015-08-27,83,14828,1
1EX760DUXRC854203,2011-04-09,OEM A,OEM A WH310,FORESTRY,HARVESTER,,7914,,1
1DX217NGTBD213036,2012-06-17,OEM A,OEM A MG310,CONSTRUCTION,MOTOR GRADER,2017-10-12,8387,,1
1DX905EXCDL038250,2013-09-05,OEM A,OEM A WL210,CONSTRUCTION,WHEEL LOADER,2019-12-04,6017,,1
1CX359OQAOB757282,2013-01-16,OEM A,OEM A CD210,CONSTRUCTION,BULLDOZER,,5132,,1
1AX779QVFXL568639,2015-01-21,OEM A,OEM A BL520,CONSTRUCTION,BACKHOE LOADER,2017-01-13,1273,,1
1EX812FODWE453603,2016-01-15,OEM A,OEM A FW650,FORESTRY,FORWARDER,,7707,,1
1BX959WNHUJ006781,2015-07-07,OEM A,OEM A EX410,CONSTRUCTION,EXCAVATOR,,3987,,1
1FX124RVULM191865,2012-10-13,OEM A,OEM A SM650,FORESTRY,SWING MACHINE,2020-03-14,6299,,1
1DX900YCNJZ745423,2014-03-09,OEM A,OEM A WL310,CONSTRUCTION,WHEEL LOADER,,2139,,1
1DX835SAKZS186913,2012-06-18,OEM A,OEM A WL650,CONSTRUCTION,WHEEL LOADER,2017-08-03,4542,,1
1FX963QFWCU855852,2013-05-07,OEM A,OEM A SM310,FORESTRY,SWING MACHINE,,7056,,1
1DX121TYBPE774084,2017-02-19,OEM A,OEM A MG210,CONSTRUCTION,MOTOR GRADER,,7038,,1
1AX756YAXRL143997,2020-03-19,OEM A,OEM A BL210,CONSTRUCTION,BACKHOE LOADER,2018-01-13,1985,,1
1FX464WYBCY108179,2014-12-23,OEM A,OEM A FB310,FORESTRY,FELLER BUNCHER,,3536,,1
1CX752VLCKR683860,2011-12-04,OEM A,OEM A CD310,CONSTRUCTION,BULLDOZER,,7226,,1
1DX911JCNIN334278,2012-02-05,OEM A,OEM A WL210,CONSTRUCTION,WHEEL LOADER,,1569,,1
1BX763DSPTS592307,2012-07-22,OEM A,OEM A EX210,CONSTRUCTION,EXCAVATOR,2016-05-08,1006,,1
1EX030RRYWL196514,2016-09-24,OEM A,OEM A WH310,FORESTRY,HARVESTER,,6301,,1
1BX246LTZKO563095,2020-11-03,OEM A,OEM A EX210,CONSTRUCTION,EXCAVATOR,2017-09-28,4520,71004,1
1DX411IZWRN026235,2013-09-23,OEM A,OEM A WL310,CONSTRUCTION,WHEEL LOADER,,7037,,1
1BX355GJCTB401821,2013-10-29,OEM A,OEM A EX310,CONSTRUCTION,EXCAVATOR,2018-06-19,3577,,1
1FX644YRGEQ008476,2018-12-13,OEM A,OEM A SK310,FORESTRY,SKIDDER,,7762,,1
1AX265NSUDA930212,2019-05-29,OEM A,OEM A BL410,CONSTRUCTION,BACKHOE LOADER,,4944,,1
1DX567IDKWU788562,2012-02-04,OEM A,OEM A WL210,CONSTRUCTION,WHEEL LOADER,2017-02-20,4808,,1
1DX374SGJBZ688426,2015-03-29,OEM A,OEM A WL210,CONSTRUCTION,WHEEL LOADER,,5146,,1
1DX181KQEWK683064,2012-04-06,OEM A,OEM A WL410,CONSTRUCTION,WHEEL LOADER,2018-05-07,8186,,1
1DX017BQHDA594577,2013-12-31,OEM A,OEM A WL210,CONSTRUCTION,WHEEL LOADER,2017-09-15,3913,,1
1FX640WKGVQ844706,2015-06-11,OEM A,OEM A FB700L,FORESTRY,FELLER BUNCHER,2020-11-15,2238,,1
1EX236HGPHR256165,2019-08-09,OEM A,OEM A TH650,FORESTRY,HARVESTER,2020-01-23,9,,1
1EX111PVFWW146206,2014-02-14,OEM A,OEM A FW310,FORESTRY,FORWARDER,,36,,1
1FX420CCBXG261627,2016-03-12,OEM A,OEM A SM410,FORESTRY,SWING MACHINE,2018-09-18,5741,,1
1EX338CIPXR470623,2011-11-06,OEM A,OEM A FW310,FORESTRY,FORWARDER,,1953,,1
1AX564JABEL497357,2016-11-23,OEM A,OEM A BL310,CONSTRUCTION,BACKHOE LOADER,2017-08-29,5853,,1
1AX810RVUZB679208,2019-07-20,OEM A,OEM A BL410,CONSTRUCTION,BACKHOE LOADER,,2334,,1
1DX509PQOKV743227,2018-03-31,OEM A,OEM A MG650,CONSTRUCTION,MOTOR GRADER,,4428,,1
1EX571VTTAH579979,2018-07-30,OEM A,OEM A FW310,FORESTRY,FORWARDER,2019-06-19,5360,,1
1DX887WDGGI425575,2017-02-24,OEM A,OEM A MG330,CONSTRUCTION,MOTOR GRADER,2016-01-20,631,,1
1DX570UATBZ890554,2016-11-09,OEM A,OEM A MG210,CONSTRUCTION,MOTOR GRADER,,2993,,1
1BX438MXJSP717005,2019-04-01,OEM A,OEM A EX410,CONSTRUCTION,EXCAVATOR,2018-12-27,5914,,1
1DX314WYFXW866221,2019-07-31,OEM A,OEM A MG520K,CONSTRUCTION,MOTOR GRADER,,5625,,1
1DX614BCUCT381061,2013-07-18,OEM A,OEM A MG410,CONSTRUCTION,MOTOR GRADER,,2648,,1
1EX353FKQHJ022201,2014-10-12,OEM A,OEM A WH310,FORESTRY,HARVESTER,,8878,,1
1EX289DWIUU150887,2018-10-08,OEM A,OEM A TH250K,FORESTRY,HARVESTER,2019-06-15,2539,,1
1AX874YNITD786272,2015-10-24,OEM A,OEM A BL650,CONSTRUCTION,BACKHOE LOADER,2018-07-06,2819,,1
1DX100SQLWA060994,2018-10-20,OEM A,OEM A MG520K,CONSTRUCTION,MOTOR GRADER,2018-07-04,999,,1
1AX644GCUYL708655,2016-10-14,OEM A,OEM A BL650,CONSTRUCTION,BACKHOE LOADER,,4744,,1
1AX673RCDXS320457,2012-05-14,OEM A,OEM A BL410,CONSTRUCTION,BACKHOE LOADER,,4272,,1
1BX362OIVWB075062,2015-09-01,OEM A,OEM A EX210,CONSTRUCTION,EXCAVATOR,,232,,1
1AX324HGOCH134974,2017-09-13,OEM A,OEM A BL700,CONSTRUCTION,BACKHOE LOADER,2017-10-02,2442,,1
1FX455AUZXY560665,2015-01-28,OEM A,OEM A SK210,FORESTRY,SKIDDER,,7809,,1
1DX988IZDJR995121,2016-05-04,OEM A,OEM A MG310G,CONSTRUCTION,MOTOR GRADER,2019-11-20,1767,,1
1AX570QVDYJ958152,2018-12-23,OEM A,OEM A BL210,CONSTRUCTION,BACKHOE LOADER,,796,,1
1DX254IPWAM052144,2015-08-06,OEM A,OEM A WL310,CONSTRUCTION,WHEEL LOADER,2016-10-10,4840,,1
1DX964JVWMZ043833,2018-10-26,OEM A,OEM A MG650,CONSTRUCTION,MOTOR GRADER,,5363,,1
1CX817CWSCT915698,2018-12-28,OEM A,OEM A AD410,CONSTRUCTION,ARTICULATED TRUCK,,4194,,1
1DX109HEGOH087374,2015-09-18,OEM A,OEM A WL410K,CONSTRUCTION,WHEEL LOADER,2020-03-16,3382,,1
1CX168DDQTH811344,2019-07-18,OEM A,OEM A CD410G,CONSTRUCTION,BULLDOZER,2016-12-12,6166,,1
1EX239GSSKB444286,2012-10-07,OEM A,OEM A TH310,FORESTRY,HARVESTER,,5650,,1
1EX374KGGAK182404,2013-02-06,OEM A,OEM A WH310,FORESTRY,HARVESTER,,1369,,1
1DX555FBNGG634879,2019-05-06,OEM A,OEM A WL310,CONSTRUCTION,WHEEL LOADER,,6299,,1
1DX027GGVLN119582,2017-11-28,OEM A,OEM A WL650,CONSTRUCTION,WHEEL LOADER,,4767,,1
1EX727ECOUS915515,2013-08-26,OEM A,OEM A WH310,FORESTRY,HARVESTER,,5138,,1
1DX309RADZR662604,2017-11-27,OEM A,OEM A WL650,CONSTRUCTION,WHEEL LOADER,2018-05-31,7199,,1
1FX874QFDLL033595,2018-12-10,OEM A,OEM A SM410K,FORESTRY,SWING MACHINE,,1871,,1
1DX064WHOJX732834,2018-01-19,OEM A,OEM A MG410G,CONSTRUCTION,MOTOR GRADER,,6777,,1
1EX410BFYPC521200,2017-06-11,OEM A,OEM A FW410,FORESTRY,FORWARDER,2019-01-26,251,,1
1AX039MGJXI151457,2018-02-27,OEM A,OEM A BL650L,CONSTRUCTION,BACKHOE LOADER,2015-02-17,7307,15094,1
1FX828DRNVX633401,2020-07-27,OEM A,OEM A SK330,FORESTRY,SKIDDER,2015-02-28,7777,,1
1AX708TGAQX278175,2020-06-25,OEM A,OEM A BL650,CONSTRUCTION,BACKHOE LOADER,2016-08-21,8941,,1
1DX525STBDY049601,2013-11-17,OEM A,OEM A MG650,CONSTRUCTION,MOTOR GRADER,,5244,,1
1FX626ZBAMI628614,2018-06-04,OEM A,OEM A FB410,FORESTRY,FELLER BUNCHER,2018-03-21,2602,,1
1DX344AXAJT966479,2017-01-06,OEM A,OEM A MG410,CONSTRUCTION,MOTOR GRADER,,3974,,1
1DX008TPTJZ673426,2015-04-22,OEM A,OEM A WL310,CONSTRUCTION,WHEEL LOADER,,5484,,1
1DX621JZYAM678303,2016-07-15,OEM A,OEM A MG210,CONSTRUCTION,MOTOR GRADER,2019-05-13,7045,,1
1BX770CYJAW589187,2011-07-16,OEM A,OEM A EX650,CONSTRUCTION,EXCAVATOR,,7847,,1
1BX005GGNMF009866,2018-08-29,OEM A,OEM A EX310K,CONSTRUCTION,EXCAVATOR,2018-03-29,8910,322,1
1DX231KXQCT415425,2017-01-12,OEM A,OEM A WL210,CONSTRUCTION,WHEEL LOADER,,3500,,1
1DX579HGCER643944,2015-02-21,OEM A,OEM A MG310,CONSTRUCTION,MOTOR GRADER,,2918,,1
1AX791QKRYO099158,2012-06-03,OEM A,OEM A BL410,CONSTRUCTION,BACKHOE LOADER,2017-07-05,480,,1
1BX780QHNHS199686,2015-06-17,OEM A,OEM A EX210K,CONSTRUCTION,EXCAVATOR,2015-12-06,6260,41166,1
1DX387JIKCZ201493,2019-08-25,OEM A,OEM A MG700G,CONSTRUCTION,MOTOR GRADER,2015-03-01,3519,,1
1AX971AFUTB151451,2020-07-26,OEM A,OEM A BL310,CONSTRUCTION,BACKHOE LOADER,,3465,,1
1DX608YGRQA152328,2020-09-15,OEM A,OEM A MG310,CONSTRUCTION,MOTOR GRADER,,890,,1
1DX788CUYAP062314,2014-07-30,OEM A,OEM A WL650,CONSTRUCTION,WHEEL LOADER,,3078,,1
1DX447LJRGF317809,2015-03-20,OEM A,OEM A MG210,CONSTRUCTION,MOTOR GRADER,,4742,,1
1EX065OHECO885710,2020-08-21,OEM A,OEM A FW700,FORESTRY,FORWARDER,2019-09-19,5004,,1
1DX961SENZW021713,2015-10-28,OEM A,OEM A WL410,CONSTRUCTION,WHEEL LOADER,,6048,35092,1
1AX865OQEBK734092,2020-06-10,OEM A,OEM A BL310,CONSTRUCTION,BACKHOE LOADER,2017-03-20,4355,,1
1FX858AIIRH242550,2016-01-05,OEM A,OEM A SK650,FORESTRY,SKIDDER,2017-09-01,8104,,1
1DX201DZSVZ586357,2017-06-16,OEM A,OEM A MG310G,CONSTRUCTION,MOTOR GRADER,2017-09-12,906,,1
1FX437HFEDV537620,2017-03-07,OEM A,OEM A SK700L,FORESTRY,SKIDDER,,3321,,1
1DX310ZWDKZ133010,2013-02-02,OEM A,OEM A WL410,CONSTRUCTION,WHEEL LOADER,,7420,,1
1AX191BWVNB612962,2015-03-24,OEM A,OEM A BL310K,CONSTRUCTION,BACKHOE LOADER,2018-07-22,4534,,1
1DX579FKQJC369268,2013-07-10,OEM A,OEM A WL210,CONSTRUCTION,WHEEL LOADER,,1921,,1
1AX083GJCYU697203,2017-11-22,OEM A,OEM A BL210,CONSTRUCTION,BACKHOE LOADER,,7648,,1
1CX457MLZIG850397,2015-12-29,OEM A,OEM A CD410,CONSTRUCTION,BULLDOZER,,7177,,1
1EX037OXVTJ321118,2016-03-02,OEM A,OEM A FW410,FORESTRY,FORWARDER,,4563,,1
1DX620WUMJV081975,2011-01-18,OEM A,OEM A MG410,CONSTRUCTION,MOTOR GRADER,2018-04-18,6170,,1
1DX453UZGYU988299,2015-10-23,OEM A,OEM A WL410K,CONSTRUCTION,WHEEL LOADER,,7889,,1
1BX283AEMOO637220,2017-12-24,OEM A,OEM A EX250,CONSTRUCTION,EXCAVATOR,2018-12-23,34,,1
1AX024LTNIT665075,2017-12-05,OEM A,OEM A BL520L,CONSTRUCTION,BACKHOE LOADER,2020-02-12,6818,,1
1BX813WGZGS959336,2014-02-04,OEM A,OEM A EX410,CONSTRUCTION,EXCAVATOR,,4476,,1
1DX748NWPFB304078,2018-02-06,OEM A,OEM A MG410,CONSTRUCTION,MOTOR GRADER,2018-12-26,3016,18164,1
1EX530ROPBB315886,2018-10-31,OEM A,OEM A TH310,FORESTRY,HARVESTER,,500,,1
1EX971MCLSS312534,2015-12-08,OEM A,OEM A TH410,FORESTRY,HARVESTER,2017-02-10,6624,,1
1AX630YXRKV797784,2016-09-03,OEM A,OEM A BL310,CONSTRUCTION,BACKHOE LOADER,,7849,,1
1EX381RBKEA747129,2016-07-04,OEM A,OEM A WH310,FORESTRY,HARVESTER,,7483,,1
1DX762TBXTY536099,2011-02-09,OEM A,OEM A WL310,CONSTRUCTION,WHEEL LOADER,,1710,,1
1AX689NHUJC561606,2013-04-30,OEM A,OEM A BL650,CONSTRUCTION,BACKHOE LOADER,2019-05-28,941,,1
1BX285OASKC563844,2017-03-01,OEM A,OEM A EX410,CONSTRUCTION,EXCAVATOR,2019-07-15,1597,,1
1BX861NGJVP765030,2018-08-07,OEM A,OEM A EX520K,CONSTRUCTION,EXCAVATOR,,686,,1
1AX366SHKCH839381,2017-07-14,OEM A,OEM A BL700K,CONSTRUCTION,BACKHOE LOADER,2020-06-12,5803,,1
1DX851XZJQX330747,2020-12-07,OEM A,OEM A MG210,CONSTRUCTION,MOTOR GRADER,2020-02-02,6797,,1
1FX109QZGZQ027006,2019-12-27,OEM A,OEM A SK310,FORESTRY,SKIDDER,,6557,,1
1DX615AKXTK241158,2012-02-17,OEM A,OEM A MG210,CONSTRUCTION,MOTOR GRADER,,210,,1
1EX749EHRKK712331,2016-01-31,OEM A,OEM A TH310,FORESTRY,HARVESTER,,8987,,1
1DX548KOKIW728391,2017-10-22,OEM A,OEM A MG310G,CONSTRUCTION,MOTOR GRADER,2020-03-13,1468,,1
1EX544MBQTG366453,2019-09-08,OEM A,OEM A TH520,FORESTRY,HARVESTER,2020-05-15,8146,,1
1DX084DSISU014741,2016-04-29,OEM A,OEM A MG210G,CONSTRUCTION,MOTOR GRADER,,6934,,1
1DX238QNBJK223057,2014-05-12,OEM A,OEM A WL410,CONSTRUCTION,WHEEL LOADER,,8027,,1
1EX119HTTCW878961,2017-10-05,OEM A,OEM A WH330L,FORESTRY,HARVESTER,2016-04-13,4988,,1
1DX841BPDLA535278,2017-06-20,OEM A,OEM A MG210,CONSTRUCTION,MOTOR GRADER,,7565,,1
1DX885VSVSC348763,2014-06-15,OEM A,OEM A MG650,CONSTRUCTION,MOTOR GRADER,,2030,,1
1DX322MWSPH105274,2016-06-26,OEM A,OEM A WL700K,CONSTRUCTION,WHEEL LOADER,2016-01-29,5997,79109,1
1FX887BDDWD339027,2020-05-28,OEM A,OEM A SK210,FORESTRY,SKIDDER,,2733,,1
1DX330FFSMR484603,2012-01-14,OEM A,OEM A MG650,CONSTRUCTION,MOTOR GRADER,,8951,,1
1FX428MMXDC151286,2018-06-11,OEM A,OEM A SK210,FORESTRY,SKIDDER,,2978,,1
1BX972WTMHB974190,2021-06-30,OEM A,OEM A EX700G,CONSTRUCTION,EXCAVATOR,,6915,,1
1FX146DJINA926518,2020-03-25,OEM A,OEM A SM650,FORESTRY,SWING MACHINE,2018-03-03,6909,,1
1DX214YPHPY666132,2020-10-07,OEM A,OEM A MG210,CONSTRUCTION,MOTOR GRADER,2017-03-25,3911,,1
1BX214USRLE739909,2018-09-11,OEM A,OEM A EX310L,CONSTRUCTION,EXCAVATOR,,7104,32921,1
1DX979KFPKY581827,2018-05-13,OEM A,OEM A WL310,CONSTRUCTION,WHEEL LOADER,2018-07-25,1028,,1
1DX164JLJAW849905,2016-11-06,OEM A,OEM A WL310,CONSTRUCTION,WHEEL LOADER,2017-05-15,4772,,1
1EX585DPXLB625782,2014-08-20,OEM A,OEM A WH410,FORESTRY,HARVESTER,,6514,,1
1EX672FBBFD485924,2020-06-05,OEM A,OEM A TH330,FORESTRY,HARVESTER,2015-02-02,8100,,1
1AX826HAVPG709795,2018-11-11,OEM A,OEM A BL330L,CONSTRUCTION,BACKHOE LOADER,2019-01-12,3926,62187,1
1DX416IHNOA723652,2011-10-02,OEM A,OEM A MG700,CONSTRUCTION,MOTOR GRADER,2016-02-29,30,,1
1DX842SUSAJ585115,2011-02-18,OEM A,OEM A MG310,CONSTRUCTION,MOTOR GRADER,2017-02-11,1213,,1
1DX149DVQNY852415,2020-08-31,OEM A,OEM A WL650,CONSTRUCTION,WHEEL LOADER,,3101,,1
1AX760GMSNU412987,2019-08-01,OEM A,OEM A BL210,CONSTRUCTION,BACKHOE LOADER,2020-07-02,4328,,1
1AX884QCWEL613960,2019-06-06,OEM A,OEM A BL410,CONSTRUCTION,BACKHOE LOADER,2017-02-04,5927,,1
1EX157ZYKGB123215,2012-02-16,OEM A,OEM A WH310,FORESTRY,HARVESTER,,4223,,1
1BX611IGQYV248752,2016-01-05,OEM A,OEM A EX650,CONSTRUCTION,EXCAVATOR,,602,,1
1FX203ICJHW154978,2019-01-19,OEM A,OEM A FB410K,FORESTRY,FELLER BUNCHER,2015-04-21,2677,,1
1DX571YHJBX624750,2011-09-11,OEM A,OEM A MG410,CONSTRUCTION,MOTOR GRADER,,7325,,1
1AX294THXCI932211,2019-06-14,OEM A,OEM A BL210,CONSTRUCTION,BACKHOE LOADER,,7039,,1
1DX754LXUAQ005276,2011-12-09,OEM A,OEM A MG410,CONSTRUCTION,MOTOR GRADER,,8140,,1
1DX072KSRJW695575,2013-08-24,OEM A,OEM A WL310,CONSTRUCTION,WHEEL LOADER,2016-12-23,6824,,1
1DX822XANOZ172710,2017-06-16,OEM A,OEM A MG210,CONSTRUCTION,MOTOR GRADER,,1582,,1
1DX173PSTGU656978,2020-06-14,OEM A,OEM A WL210,CONSTRUCTION,WHEEL LOADER,,3371,,1
1DX674PTMOF522969,2020-06-30,OEM A,OEM A WL210,CONSTRUCTION,WHEEL LOADER,,1208,,1
1DX681HSMZW323772,2015-08-24,OEM A,OEM A WL650,CONSTRUCTION,WHEEL LOADER,,1062,,1
1DX629NTAMZ286906,2017-02-03,OEM A,OEM A MG650,CONSTRUCTION,MOTOR GRADER,,4618,,1
1DX046BAQXH479773,2020-02-09,OEM A,OEM A MG410,CONSTRUCTION,MOTOR GRADER,,4844,,1
1CX688ZVXTP616963,2018-10-15,OEM A,OEM A AD700L,CONSTRUCTION,ARTICULATED TRUCK,,5003,49693,1
1AX923KLFUX802567,2018-03-30,OEM A,OEM A BL410,CONSTRUCTION,BACKHOE LOADER,2020-01-05,1033,,1
1BX759KCHMY547018,2020-01-11,OEM A,OEM A EX410,CONSTRUCTION,EXCAVATOR,2018-12-26,606,,1
1DX423OQNBC375948,2017-02-15,OEM A,OEM A MG650,CONSTRUCTION,MOTOR GRADER,2018-09-25,5685,,1
1BX183YSZNZ576795,2014-12-22,OEM A,OEM A EX650,CONSTRUCTION,EXCAVATOR,,4749,,1
1AX372VYKFA387649,2011-11-20,OEM A,OEM A BL310,CONSTRUCTION,BACKHOE LOADER,2018-07-05,1874,,1
1EX841VOPVX590551,2017-12-07,OEM A,OEM A WH520K,FORESTRY,HARVESTER,2016-07-07,2990,,1
1DX792KXNXN219220,2014-04-21,OEM A,OEM A MG650,CONSTRUCTION,MOTOR GRADER,,5636,,1
1EX937JGCEG556949,2018-03-24,OEM A,OEM A WH210G,FORESTRY,HARVESTER,2020-09-21,8682,,1
1AX163MMNNG932785,2017-08-15,OEM A,OEM A BL410,CONSTRUCTION,BACKHOE LOADER,2016-09-06,1047,,1
1BX605HEBEA034948,2017-12-11,OEM A,OEM A EX700K,CONSTRUCTION,EXCAVATOR,2017-02-16,5707,,1
1DX857BDYYD789844,2013-01-04,OEM A,OEM A WL650G,CONSTRUCTION,WHEEL LOADER,2020-12-29,4197,,1
1DX771SEBYD657744,2019-05-07,OEM A,OEM A MG310,CONSTRUCTION,MOTOR GRADER,,8541,,1
1AX957KSVJJ692311,2020-05-14,OEM A,OEM A BL310,CONSTRUCTION,BACKHOE LOADER,,1247,,1
1DX733MAVDR042952,2018-02-27,OEM A,OEM A WL210,CONSTRUCTION,WHEEL LOADER,,5354,,1
1DX606ZLOMU046120,2012-04-05,OEM A,OEM A WL210,CONSTRUCTION,WHEEL LOADER,,3263,,1
1DX151XEFLK145586,2015-05-10,OEM A,OEM A MG700G,CONSTRUCTION,MOTOR GRADER,2019-10-12,5944,,1
1DX872UKDJU080574,2014-02-21,OEM A,OEM A WL410,CONSTRUCTION,WHEEL LOADER,,1886,,1
1EX582LETVI464941,2019-06-09,OEM A,OEM A FW520G,FORESTRY,FORWARDER,2020-05-18,5188,,1
1AX034PENDV813927,2016-07-30,OEM A,OEM A BL310,CONSTRUCTION,BACKHOE LOADER,2016-10-27,5720,,1
1DX544JHXJC578901,2013-12-27,OEM A,OEM A MG410,CONSTRUCTION,MOTOR GRADER,2017-02-18,2849,,1
1DX761KGYAP046338,2012-12-21,OEM A,OEM A MG210,CONSTRUCTION,MOTOR GRADER,,3074,,1
1DX631PSFYX629058,2015-07-29,OEM A,OEM A MG700L,CONSTRUCTION,MOTOR GRADER,,3018,,1
1EX241RWPAM273641,2012-04-22,OEM A,OEM A FW210,FORESTRY,FORWARDER,2018-01-05,6999,,1
1EX963ZKTTX167242,2019-09-21,OEM A,OEM A WH650,FORESTRY,HARVESTER,2017-01-19,5156,,1
1BX947KREWA585642,2012-03-04,OEM A,OEM A EX310,CONSTRUCTION,EXCAVATOR,2018-08-09,6703,,1
1DX406PFJXG942944,2013-05-01,OEM A,OEM A WL410,CONSTRUCTION,WHEEL LOADER,,3552,,1
HCM125OZVZI314230,2012-03-28,OEM A,OEM A KB210,FORESTRY,KNUCKLEBOOM,2018-11-06,2976,,1
1DX485RXUBE024420,2013-11-22,OEM A,OEM A MG310,CONSTRUCTION,MOTOR GRADER,,1056,,1
1EX219JFPCL136894,2019-04-14,OEM A,OEM A FW410,FORESTRY,FORWARDER,,5624,,1
1DX280DEPNK948198,2016-06-11,OEM A,OEM A WL410,CONSTRUCTION,WHEEL LOADER,,264,,1
1FX215PEWEX341557,2011-04-03,OEM A,OEM A FB650,FORESTRY,FELLER BUNCHER,2019-04-18,438,,1
1AX814XMEZL656230,2016-07-15,OEM A,OEM A BL310,CONSTRUCTION,BACKHOE LOADER,,7989,,1
1DX073ATEEV298227,2017-05-11,OEM A,OEM A MG210,CONSTRUCTION,MOTOR GRADER,,6055,,1
1AX231DXRXA046314,2011-07-25,OEM A,OEM A BL410,CONSTRUCTION,BACKHOE LOADER,,5133,,1
1AX778HVBHS751216,2013-09-23,OEM A,OEM A BL650,CONSTRUCTION,BACKHOE LOADER,,6312,,1
1EX580MHPEE080771,2018-09-23,OEM A,OEM A TH650K,FORESTRY,HARVESTER,2020-03-31,2525,,1
1DX084VOYSJ406193,2017-02-13,OEM A,OEM A WL410,CONSTRUCTION,WHEEL LOADER,,7838,,1
1FX768ZHSLB998418,2020-09-21,OEM A,OEM A SK650,FORESTRY,SKIDDER,,251,,1
1EX148UNCFA023914,2018-11-02,OEM A,OEM A WH310,FORESTRY,HARVESTER,2017-04-22,5926,,1
1DX546XABDE549669,2018-11-29,OEM A,OEM A WL250K,CONSTRUCTION,WHEEL LOADER,2018-07-30,1111,,1
1FX201ZJOZW295811,2019-04-16,OEM A,OEM A SM650G,FORESTRY,SWING MACHINE,2016-05-10,1027,,1
1DX459LASJJ653341,2019-03-20,OEM A,OEM A WL210,CONSTRUCTION,WHEEL LOADER,,2377,,1
1AX069KBABQ065094,2018-04-09,OEM A,OEM A BL330G,CONSTRUCTION,BACKHOE LOADER,2016-03-06,5327,,1
1DX597MTZOM875763,2017-01-15,OEM A,OEM A MG650,CONSTRUCTION,MOTOR GRADER,,3663,,1
1FX957PQIQY863478,2015-08-08,OEM A,OEM A SM650,FORESTRY,SWING MACHINE,,1301,,1
1AX984DPHHQ903886,2016-03-13,OEM A,OEM A BL410,CONSTRUCTION,BACKHOE LOADER,,8790,,1
1DX433MXNCM778829,2019-07-25,OEM A,OEM A WL650,CONSTRUCTION,WHEEL LOADER,,7122,59704,1
1FX664RKLKL779800,2013-10-06,OEM A,OEM A SM310,FORESTRY,SWING MACHINE,,3535,,1
1EX827ISETI374581,2012-05-24,OEM A,OEM A TH210K,FORESTRY,HARVESTER,2015-08-07,6338,,1
1DX962HFKYG365457,2017-03-02,OEM A,OEM A WL210,CONSTRUCTION,WHEEL LOADER,2018-10-06,7900,,1
1DX143SJYPT101553,2012-11-28,OEM A,OEM A MG210,CONSTRUCTION,MOTOR GRADER,2016-04-13,8240,,1
1DX980RPSYL749368,2015-10-16,OEM A,OEM A WL210,CONSTRUCTION,WHEEL LOADER,2020-01-26,2685,,1
1DX884FWIHL182033,2020-04-10,OEM A,OEM A MG330G,CONSTRUCTION,MOTOR GRADER,2019-12-30,8806,,1
1BX421FHSLE009039,2020-07-04,OEM A,OEM A EX210,CONSTRUCTION,EXCAVATOR,2017-04-07,4852,,1
1DX546NYEOU178418,2014-09-29,OEM A,OEM A MG310,CONSTRUCTION,MOTOR GRADER,,2208,,1
1DX517HWURP481569,2019-03-09,OEM A,OEM A MG520,CONSTRUCTION,MOTOR GRADER,2018-12-31,2899,,1
1DX734VJFZV627310,2019-01-30,OEM A,OEM A WL210G,CONSTRUCTION,WHEEL LOADER,,6892,,1
1DX937EEAFL505685,2018-08-17,OEM A,OEM A WL310L,CONSTRUCTION,WHEEL LOADER,,8351,,1
1AX882VBKPC032968,2017-08-26,OEM A,OEM A BL700L,CONSTRUCTION,BACKHOE LOADER,2019-08-19,6105,,1
1DX087REQMP101304,2012-07-28,OEM A,OEM A WL210,CONSTRUCTION,WHEEL LOADER,2020-03-15,5022,,1
1EX697USJND001688,2020-10-24,OEM A,OEM A FW410,FORESTRY,FORWARDER,,8882,,1
1DX187TOKIK739354,2013-07-05,OEM A,OEM A MG210,CONSTRUCTION,MOTOR GRADER,,2162,,1
1DX721LKUMR512930,2013-07-29,OEM A,OEM A MG410,CONSTRUCTION,MOTOR GRADER,,4518,,1
1DX114JDRBE763219,2019-02-02,OEM A,OEM A WL650,CONSTRUCTION,WHEEL LOADER,2019-08-25,4652,,1
1EX307IRYHA049316,2017-05-21,OEM A,OEM A TH250K,FORESTRY,HARVESTER,2019-01-11,4554,,1
1DX968UBVJP645415,2018-07-12,OEM A,OEM A MG310K,CONSTRUCTION,MOTOR GRADER,2015-06-13,3262,,1
1DX082COSET286448,2015-02-10,OEM A,OEM A WL650,CONSTRUCTION,WHEEL LOADER,2017-05-28,3211,,1
1AX813KMFQN935794,2014-11-29,OEM A,OEM A BL410,CONSTRUCTION,BACKHOE LOADER,,8817,,1
1EX829SAXJT666752,2019-11-23,OEM A,OEM A FW250G,FORESTRY,FORWARDER,2018-06-13,7968,,1
1DX099SMSXU790000,2015-08-31,OEM A,OEM A WL700G,CONSTRUCTION,WHEEL LOADER,2016-05-01,2985,,1
1EX311TSPCN900370,2019-03-11,OEM A,OEM A WH520,FORESTRY,HARVESTER,2020-03-16,7712,,1
1DX178UZOFO827450,2017-07-08,OEM A,OEM A WL410,CONSTRUCTION,WHEEL LOADER,,8507,,1
1AX148LAHPF226358,2019-10-15,OEM A,OEM A BL650,CONSTRUCTION,BACKHOE LOADER,2018-09-01,6223,,1
1DX315WUIFG630455,2016-11-13,OEM A,OEM A WL650,CONSTRUCTION,WHEEL LOADER,,8537,,1
1CX296SWNFU015348,2015-04-11,OEM A,OEM A CD410,CONSTRUCTION,BULLDOZER,,3695,,1
1DX955QUOXU238991,2015-03-19,OEM A,OEM A WL210,CONSTRUCTION,WHEEL LOADER,2019-04-19,4749,,1
1DX346LOSLQ082634,2018-10-18,OEM A,OEM A MG650K,CONSTRUCTION,MOTOR GRADER,2015-08-11,8949,,1
1AX635EKPXR641003,2015-02-24,OEM A,OEM A BL210,CONSTRUCTION,BACKHOE LOADER,,6102,,1
1AX827UGWTD938058,2013-02-13,OEM A,OEM A BL650,CONSTRUCTION,BACKHOE LOADER,,4379,,1
1DX391NYCYE752681,2017-03-30,OEM A,OEM A WL210,CONSTRUCTION,WHEEL LOADER,2017-10-06,8515,,1
1AX844JVTUK213572,2018-04-18,OEM A,OEM A BL650,CONSTRUCTION,BACKHOE LOADER,2018-03-27,4877,,1
1DX038WWMPZ631800,2018-06-12,OEM A,OEM A WL310,CONSTRUCTION,WHEEL LOADER,,2372,,1
1DX852HZLUC577518,2019-04-07,OEM A,OEM A MG410,CONSTRUCTION,MOTOR GRADER,2018-01-11,5044,,1
1DX515DXRWD470243,2014-02-02,OEM A,OEM A WL310,CONSTRUCTION,WHEEL LOADER,,1136,,1
1DX017QTDKB955458,2020-11-18,OEM A,OEM A WL210,CONSTRUCTION,WHEEL LOADER,,300,,1
1FX575FYVAP299137,2018-09-17,OEM A,OEM A SM650,FORESTRY,SWING MACHINE,,2907,,1
1AX970OYIJQ594497,2018-12-02,OEM A,OEM A BL310,CONSTRUCTION,BACKHOE LOADER,2017-09-24,1395,,1
1DX760LSTUC618898,2018-01-25,OEM A,OEM A WL210K,CONSTRUCTION,WHEEL LOADER,2015-07-15,8911,,1
1BX653IRTUH408930,2018-11-21,OEM A,OEM A EX310,CONSTRUCTION,EXCAVATOR,2018-05-14,2233,,1
1BX090QWDZQ722249,2017-04-16,OEM A,OEM A EX650G,CONSTRUCTION,EXCAVATOR,2017-12-11,6544,33832,1
1AX371QYZSN342917,2018-09-17,OEM A,OEM A BL330L,CONSTRUCTION,BACKHOE LOADER,,69,,1
1FX470GBBQD491494,2011-06-27,OEM A,OEM A SM310,FORESTRY,SWING MACHINE,,3384,,1
1AX009NOCXG044159,2018-01-31,OEM A,OEM A BL410,CONSTRUCTION,BACKHOE LOADER,,5609,,1
1DX736ZTCCY814204,2015-03-18,OEM A,OEM A MG210,CONSTRUCTION,MOTOR GRADER,,8163,,1
1DX856FYPFI151778,2020-06-17,OEM A,OEM A WL410,CONSTRUCTION,WHEEL LOADER,2018-08-27,7151,,1
1DX052FIYZG467651,2020-07-08,OEM A,OEM A WL250G,CONSTRUCTION,WHEEL LOADER,2018-10-04,4726,44125,1
1EX605BKPEF581730,2018-07-07,OEM A,OEM A WH210,FORESTRY,HARVESTER,2019-06-10,7476,,1
1CX929AVYRB184694,2018-11-20,OEM A,OEM A CD520K,CONSTRUCTION,BULLDOZER,2018-08-23,8098,,1
1AX906NHABH554415,2017-05-31,OEM A,OEM A BL210,CONSTRUCTION,BACKHOE LOADER,2019-02-12,4228,,1
1DX226RUSLC196634,2018-04-29,OEM A,OEM A MG210,CONSTRUCTION,MOTOR GRADER,2017-10-15,1053,,1
1AX456AKVIA691502,2012-03-13,OEM A,OEM A BL410,CONSTRUCTION,BACKHOE LOADER,2019-07-21,2346,,1
1DX882GOVKD866275,2019-06-25,OEM A,OEM A MG700K,CONSTRUCTION,MOTOR GRADER,,911,,1
1EX632VKBNB246084,2016-12-17,OEM A,OEM A FW650,FORESTRY,FORWARDER,,1750,,1
1DX923DLYIU707040,2018-07-04,OEM A,OEM A WL210K,CONSTRUCTION,WHEEL LOADER,2017-10-08,4521,,1
1AX232BYFMB179323,2017-02-21,OEM A,OEM A BL210,CONSTRUCTION,BACKHOE LOADER,2016-08-01,2906,,1
1DX283MVHUX248010,2018-07-17,OEM A,OEM A WL250G,CONSTRUCTION,WHEEL LOADER,2017-12-08,473,22720,1
1DX783TCKXI959554,2016-10-28,OEM A,OEM A MG410,CONSTRUCTION,MOTOR GRADER,2018-07-15,8033,,1
1DX873BJYEI650232,2013-07-25,OEM A,OEM A WL310,CONSTRUCTION,WHEEL LOADER,,7342,,1
1EX923JHJYG234027,2018-07-14,OEM A,OEM A WH410,FORESTRY,HARVESTER,,5860,,1
1DX729BSOXU181032,2015-02-02,OEM A,OEM A WL210,CONSTRUCTION,WHEEL LOADER,2017-11-22,4037,,1
1DX835ZCYEX199896,2014-03-25,OEM A,OEM A MG310,CONSTRUCTION,MOTOR GRADER,2020-05-27,2986,,1
1EX429XRCHI800805,2018-01-22,OEM A,OEM A WH210,FORESTRY,HARVESTER,,8747,,1
1AX125RPJIP791692,2017-11-12,OEM A,OEM A BL410,CONSTRUCTION,BACKHOE LOADER,2018-02-21,1831,,1
1EX824KJFIC730623,2018-04-03,OEM A,OEM A WH330L,FORESTRY,HARVESTER,2017-10-06,1017,,1
1EX805DDYQX259895,2015-11-07,OEM A,OEM A FW520K,FORESTRY,FORWARDER,2019-08-20,7128,,1
1DX329HODHS735228,2016-10-10,OEM A,OEM A MG410,CONSTRUCTION,MOTOR GRADER,,4488,,1
1DX019USXSI196275,2018-05-18,OEM A,OEM A WL650,CONSTRUCTION,WHEEL LOADER,2019-12-01,7922,,1
1DX756LDALA213201,2018-08-18,OEM A,OEM A WL250K,CONSTRUCTION,WHEEL LOADER,,7998,8993,1
1EX242OHANA155451,2018-12-27,OEM A,OEM A FW410,FORESTRY,FORWARDER,,2871,,1
1BX222KXLRG618435,2015-01-21,OEM A,OEM A EX210L,CONSTRUCTION,EXCAVATOR,2015-05-03,3247,,1
1DX176WHSKK128415,2011-06-09,OEM A,OEM A MG210,CONSTRUCTION,MOTOR GRADER,,3433,,1
1BX898BWPMZ217006,2011-09-07,OEM A,OEM A EX410,CONSTRUCTION,EXCAVATOR,,6200,,1
1AX789LRBCF619487,2017-05-12,OEM A,OEM A BL310,CONSTRUCTION,BACKHOE LOADER,,158,,1
1FX427GZJOW955381,2018-09-14,OEM A,OEM A SK330L,FORESTRY,SKIDDER,2020-06-05,6485,,1
1BX528VSCPL218190,2016-03-24,OEM A,OEM A EX210L,CONSTRUCTION,EXCAVATOR,,6152,,1
1DX983ORGGZ736960,2016-04-03,OEM A,OEM A MG650K,CONSTRUCTION,MOTOR GRADER,2018-11-28,3326,,1
1DX858WFXLX516940,2018-10-21,OEM A,OEM A WL210,CONSTRUCTION,WHEEL LOADER,2019-11-30,4692,,1
1EX081YCHXZ223829,2018-12-19,OEM A,OEM A TH520K,FORESTRY,HARVESTER,2017-12-16,2233,,1
1EX191VLNRH372010,2020-10-02,OEM A,OEM A FW310,FORESTRY,FORWARDER,,1034,,1
1EX191NYOYH227276,2017-02-04,OEM A,OEM A FW210,FORESTRY,FORWARDER,,1354,,1
1DX831HIGQD171374,2013-10-11,OEM A,OEM A WL650,CONSTRUCTION,WHEEL LOADER,,5158,,1
1EX023FFOYP318654,2012-12-10,OEM A,OEM A TH410,FORESTRY,HARVESTER,,4509,,1
1FX584HODRV178331,2013-10-19,OEM A,OEM A FB650,FORESTRY,FELLER BUNCHER,,8179,,1
1DX444ANWUF495791,2017-07-04,OEM A,OEM A WL310,CONSTRUCTION,WHEEL LOADER,,5859,,1
1DX293JLTVZ585270,2015-01-03,OEM A,OEM A MG520G,CONSTRUCTION,MOTOR GRADER,2016-02-07,5579,36399,1
1AX657OKENX911113,2013-07-28,OEM A,OEM A BL210,CONSTRUCTION,BACKHOE LOADER,,8313,,1
1DX244JKYGV188257,2015-01-17,OEM A,OEM A WL410G,CONSTRUCTION,WHEEL LOADER,2017-07-20,2350,7867,1
1AX321GFJZS856484,2020-07-23,OEM A,OEM A BL410,CONSTRUCTION,BACKHOE LOADER,2018-07-03,2958,,1
1AX143YZUAH912133,2013-12-22,OEM A,OEM A BL650,CONSTRUCTION,BACKHOE LOADER,,2159,,1
1FX801BKECO864957,2018-12-17,OEM A,OEM A SK650,FORESTRY,SKIDDER,,7512,,1
1CX792TKSFO677413,2012-05-24,OEM A,OEM A CD650,CONSTRUCTION,BULLDOZER,,1466,,1
1EX904HAIEE673117,2018-10-02,OEM A,OEM A WH410,FORESTRY,HARVESTER,,4044,,1
1EX347NOOYU921785,2015-09-02,OEM A,OEM A TH410,FORESTRY,HARVESTER,,6168,,1
1AX129ZLZXC490219,2020-06-26,OEM A,OEM A BL330K,CONSTRUCTION,BACKHOE LOADER,2018-01-28,5266,,1
1DX978FKOSC961164,2012-02-18,OEM A,OEM A WL310,CONSTRUCTION,WHEEL LOADER,,813,,1
1DX975XPUFE056893,2014-05-11,OEM A,OEM A MG210,CONSTRUCTION,MOTOR GRADER,,7326,,1
HCM340MQKIN113928,2016-05-20,OEM A,OEM A KB410,FORESTRY,KNUCKLEBOOM,,7057,,1
1EX246COIIZ418727,2012-09-21,OEM A,OEM A FW330K,FORESTRY,FORWARDER,,4418,,1
1DX348JMTNS177320,2013-10-24,OEM A,OEM A MG310,CONSTRUCTION,MOTOR GRADER,2017-09-27,3814,,1
1EX197XNQKU765510,2017-09-22,OEM A,OEM A FW330G,FORESTRY,FORWARDER,2019-11-01,4215,,1
1DX267EKVYD933586,2014-12-28,OEM A,OEM A MG650,CONSTRUCTION,MOTOR GRADER,,5452,,1
1EX148VWXRY932679,2020-08-12,OEM A,OEM A FW210,FORESTRY,FORWARDER,2019-12-04,2172,,1
1AX076JDYIM286479,2014-02-27,OEM A,OEM A BL210,CONSTRUCTION,BACKHOE LOADER,,7377,,1
1AX305GNTAZ105591,2014-08-21,OEM A,OEM A BL410,CONSTRUCTION,BACKHOE LOADER,2017-04-11,7054,,1
1AX839LOUNV211096,2012-11-15,OEM A,OEM A BL310,CONSTRUCTION,BACKHOE LOADER,,2685,,1
1DX531SOALY451117,2019-08-02,OEM A,OEM A MG650,CONSTRUCTION,MOTOR GRADER,2018-05-23,5126,,1
1DX461PODDK257434,2017-01-21,OEM A,OEM A WL520G,CONSTRUCTION,WHEEL LOADER,2020-01-13,7832,,1
1DX082KIXUK466318,2015-08-20,OEM A,OEM A MG250G,CONSTRUCTION,MOTOR GRADER,,5603,,1
1DX981JOQAE460211,2013-04-09,OEM A,OEM A WL650,CONSTRUCTION,WHEEL LOADER,2018-07-06,8189,,1
1AX102WUPJY385638,2011-10-27,OEM A,OEM A BL310,CONSTRUCTION,BACKHOE LOADER,,3329,,1
1DX108LKJVD436645,2013-08-22,OEM A,OEM A WL310,CONSTRUCTION,WHEEL LOADER,2017-04-11,7529,,1
1CX769XZMHT776704,2013-08-04,OEM A,OEM A CD210L,CONSTRUCTION,BULLDOZER,,8000,,1
1FX353IMMPR710658,2012-01-15,OEM A,OEM A FB410,FORESTRY,FELLER BUNCHER,,3637,,1
1DX903SFVPE199235,2017-02-23,OEM A,OEM A MG650,CONSTRUCTION,MOTOR GRADER,2017-01-16,1317,,1
1FX842BZQVS947602,2013-05-03,OEM A,OEM A SK410,FORESTRY,SKIDDER,2017-04-07,3255,,1
1EX110YDVWO662228,2018-12-21,OEM A,OEM A TH310,FORESTRY,HARVESTER,2019-03-24,7786,,1
1DX614OLJKN983553,2011-04-01,OEM A,OEM A WL210,CONSTRUCTION,WHEEL LOADER,2020-02-10,1929,,1
1AX235AZLYI966872,2012-07-31,OEM A,OEM A BL210,CONSTRUCTION,BACKHOE LOADER,,3319,,1
1DX473JWIJA365037,2012-04-01,OEM A,OEM A WL650,CONSTRUCTION,WHEEL LOADER,,8244,,1
1AX270MNPKA730916,2013-06-01,OEM A,OEM A BL310,CONSTRUCTION,BACKHOE LOADER,,8838,,1
1DX443FZJLP655390,2017-05-22,OEM A,OEM A WL310L,CONSTRUCTION,WHEEL LOADER,2016-01-18,8473,,1
1EX638IKMKS331741,2019-07-07,OEM A,OEM A FW700,FORESTRY,FORWARDER,2019-09-05,2637,,1
1FX831QGSHG504679,2017-03-08,OEM A,OEM A SM410G,FORESTRY,SWING MACHINE,,3194,,1
1EX254UAEFI892970,2014-12-22,OEM A,OEM A TH310,FORESTRY,HARVESTER,,195,,1
1AX064MMFWF483126,2019-01-12,OEM A,OEM A BL310,CONSTRUCTION,BACKHOE LOADER,,2949,,1
1DX854OXOVF520633,2015-05-13,OEM A,OEM A WL410,CONSTRUCTION,WHEEL LOADER,,4855,,1
1DX049ZIEIK950506,2011-08-06,OEM A,OEM A MG310,CONSTRUCTION,MOTOR GRADER,,5390,,1
1BX734FQBBH936484,2019-11-08,OEM A,OEM A EX250,CONSTRUCTION,EXCAVATOR,2015-03-21,3352,,1
1AX657DKOPS370293,2016-06-17,OEM A,OEM A BL310,CONSTRUCTION,BACKHOE LOADER,,437,,1
1DX158NWOON568239,2018-09-13,OEM A,OEM A WL700G,CONSTRUCTION,WHEEL LOADER,,7324,56439,1
1DX029GVZZB159596,2013-03-11,OEM A,OEM A MG410,CONSTRUCTION,MOTOR GRADER,,8982,,1
1BX333BGYNI427951,2014-06-05,OEM A,OEM A EX410,CONSTRUCTION,EXCAVATOR,2018-10-21,7781,,1
1DX255GVPZM696678,2017-03-29,OEM A,OEM A WL700,CONSTRUCTION,WHEEL LOADER,2015-05-23,6641,,1
1DX337JQFDD079610,2018-11-03,OEM A,OEM A MG410,CONSTRUCTION,MOTOR GRADER,2015-10-21,6602,,1
1DX385AANYQ617620,2018-03-01,OEM A,OEM A WL310,CONSTRUCTION,WHEEL LOADER,,2979,,1
1FX234YJEET229805,2017-04-24,OEM A,OEM A SM650,FORESTRY,SWING MACHINE,2018-10-05,4896,,1
1BX806QZPAJ763898,2013-07-31,OEM A,OEM A EX210,CONSTRUCTION,EXCAVATOR,2017-04-21,6153,,1
1EX057MGNBP003233,2018-10-08,OEM A,OEM A WH250L,FORESTRY,HARVESTER,2017-06-30,8141,,1
1FX396JITCZ930861,2014-08-16,OEM A,OEM A SM250,FORESTRY,SWING MACHINE,2017-03-28,5038,,1
1EX280KIINP708251,2015-12-22,OEM A,OEM A TH310,FORESTRY,HARVESTER,2019-05-30,1440,,1
1DX881IMJBX970284,2018-06-17,OEM A,OEM A WL650,CONSTRUCTION,WHEEL LOADER,2016-12-03,1590,,1
1AX947ALQCB970104,2019-10-08,OEM A,OEM A BL250G,CONSTRUCTION,BACKHOE LOADER,2016-10-08,2627,58999,1
1DX630ZUBMB980165,2018-10-24,OEM A,OEM A MG410,CONSTRUCTION,MOTOR GRADER,,6600,,1
1FX523LVAHR258506,2017-02-09,OEM A,OEM A SK410L,FORESTRY,SKIDDER,2019-12-16,6903,,1
1DX441SDWCW721892,2016-02-04,OEM A,OEM A WL700,CONSTRUCTION,WHEEL LOADER,,1226,,1
1DX354WQDRO834039,2018-08-02,OEM A,OEM A WL310,CONSTRUCTION,WHEEL LOADER,2017-09-19,5895,,1
1AX837SUTSB108163,2012-06-10,OEM A,OEM A BL650,CONSTRUCTION,BACKHOE LOADER,2017-11-30,2070,,1
1EX230TOEJM896010,2014-12-12,OEM A,OEM A WH410,FORESTRY,HARVESTER,,1696,,1
1FX815DBSGA285914,2014-02-11,OEM A,OEM A SM310,FORESTRY,SWING MACHINE,,3628,,1
1DX926VQGLA124852,2014-03-07,OEM A,OEM A MG650,CONSTRUCTION,MOTOR GRADER,2017-09-10,4734,,1
1DX664QMXCC983409,2020-08-22,OEM A,OEM A WL410,CONSTRUCTION,WHEEL LOADER,2018-10-01,3357,,1
1DX246HURTM062007,2019-04-07,OEM A,OEM A MG700,CONSTRUCTION,MOTOR GRADER,2015-05-10,3587,,1
1AX581IOHQR254605,2015-08-01,OEM A,OEM A BL250,CONSTRUCTION,BACKHOE LOADER,2019-06-08,7203,,1
1AX868DZLAN510829,2018-07-03,OEM A,OEM A BL700G,CONSTRUCTION,BACKHOE LOADER,2015-05-27,7694,,1
1FX756JZXTN843690,2020-05-12,OEM A,OEM A SM210,FORESTRY,SWING MACHINE,2019-12-07,3577,,1
1DX082ZBUKW428087,2011-07-04,OEM A,OEM A WL650,CONSTRUCTION,WHEEL LOADER,,2585,,1
1FX305PMQYM151750,2013-09-11,OEM A,OEM A SM410,FORESTRY,SWING MACHINE,,7208,,1
1FX721SBHBD897113,2012-02-18,OEM A,OEM A SK410,FORESTRY,SKIDDER,2019-05-04,2628,,1
1DX056URYBA945771,2014-05-20,OEM A,OEM A WL650,CONSTRUCTION,WHEEL LOADER,2018-03-11,3876,,1
1CX921BUUWS375437,2011-05-27,OEM A,OEM A CD210,CONSTRUCTION,BULLDOZER,,5050,,1
1DX024XLCON144745,2017-07-01,OEM A,OEM A WL310L,CONSTRUCTION,WHEEL LOADER,2016-08-30,7735,62808,1
1EX225GKEWJ820794,2015-06-24,OEM A,OEM A WH210,FORESTRY,HARVESTER,2017-07-31,2415,,1
1DX157SLKED145573,2012-07-17,OEM A,OEM A WL410,CONSTRUCTION,WHEEL LOADER,,6216,,1
1AX948WHUVD985585,2014-02-17,OEM A,OEM A BL650,CONSTRUCTION,BACKHOE LOADER,2016-10-31,3070,,1
1AX730PXUNA119243,2012-11-23,OEM A,OEM A BL410,CONSTRUCTION,BACKHOE LOADER,2020-05-13,898,,1
1EX700PJQCU324197,2019-06-19,OEM A,OEM A WH310,FORESTRY,HARVESTER,,4520,,1
1EX595ITQLI861104,2012-11-25,OEM A,OEM A TH310,FORESTRY,HARVESTER,2020-04-04,5599,,1
HCM715TDQIW786990,2012-11-15,OEM A,OEM A KB650,FORESTRY,KNUCKLEBOOM,2018-08-30,2129,,1
1AX535DWWQZ618102,2017-11-20,OEM A,OEM A BL210,CONSTRUCTION,BACKHOE LOADER,,5135,,1
1DX370BBSUV736088,2020-11-13,OEM A,OEM A MG210,CONSTRUCTION,MOTOR GRADER,2016-09-02,1363,,1
1DX505OKAJI595337,2013-12-15,OEM A,OEM A MG650,CONSTRUCTION,MOTOR GRADER,,6571,,1
1DX764OLXHK001505,2017-02-06,OEM A,OEM A WL650L,CONSTRUCTION,WHEEL LOADER,2016-05-24,1112,,1
1DX012GCUST442843,2011-03-16,OEM A,OEM A MG210,CONSTRUCTION,MOTOR GRADER,2016-06-03,996,,1
1DX109HSRZA737670,2017-02-03,OEM A,OEM A WL330L,CONSTRUCTION,WHEEL LOADER,,7242,,1
1DX852JIODR677592,2019-12-09,OEM A,OEM A WL310,CONSTRUCTION,WHEEL LOADER,2016-05-12,4881,,1
1DX839LSZVT096836,2017-02-07,OEM A,OEM A WL410,CONSTRUCTION,WHEEL LOADER,,8947,,1
1EX697DJAIX783403,2015-06-16,OEM A,OEM A TH310,FORESTRY,HARVESTER,,658,,1
1DX008QGRXK815545,2019-11-29,OEM A,OEM A WL650,CONSTRUCTION,WHEEL LOADER,,4405,,1
1AX886VZWND329188,2020-06-07,OEM A,OEM A BL210,CONSTRUCTION,BACKHOE LOADER,2017-09-05,2047,,1
1FX249EYJZD258779,2011-11-19,OEM A,OEM A SM310,FORESTRY,SWING MACHINE,,5969,,1
1DX000MRTKP246132,2017-03-20,OEM A,OEM A MG650,CONSTRUCTION,MOTOR GRADER,,5262,,1
1CX844DBVZS786928,2020-08-01,OEM A,OEM A CD310,CONSTRUCTION,BULLDOZER,2016-06-08,153,,1
1DX442DMJGQ841621,2017-09-15,OEM A,OEM A MG210,CONSTRUCTION,MOTOR GRADER,2019-12-30,1921,,1
1FX167NQTHP190217,2020-09-01,OEM A,OEM A FB410,FORESTRY,FELLER BUNCHER,2020-06-18,2606,,1
1EX352AYQCZ657134,2016-05-22,OEM A,OEM A WH650,FORESTRY,HARVESTER,2018-03-24,6084,,1
1AX405DAEVX061790,2016-08-14,OEM A,OEM A BL310,CONSTRUCTION,BACKHOE LOADER,,2151,,1
1EX411JWBYL724112,2019-12-06,OEM A,OEM A TH410,FORESTRY,HARVESTER,2019-05-29,187,,1
1EX885QCHFU158502,2019-08-21,OEM A,OEM A FW410,FORESTRY,FORWARDER,2017-01-14,3951,,1
1DX299QALFC248557,2020-02-15,OEM A,OEM A MG650,CONSTRUCTION,MOTOR GRADER,,597,,1
1AX818KNBSJ818798,2019-07-27,OEM A,OEM A BL310,CONSTRUCTION,BACKHOE LOADER,2017-03-31,6209,,1
1DX043FYXWB520424,2019-04-09,OEM A,OEM A WL520G,CONSTRUCTION,WHEEL LOADER,,1692,,1
1AX055RTHUX411365,2020-01-24,OEM A,OEM A BL700G,CONSTRUCTION,BACKHOE LOADER,2020-07-13,5579,17820,1
1AX360HOFKF301464,2019-12-10,OEM A,OEM A BL700,CONSTRUCTION,BACKHOE LOADER,2018-02-12,1611,67892,1
1DX970RYOQS235715,2015-12-27,OEM A,OEM A MG410L,CONSTRUCTION,MOTOR GRADER,,8408,21884,1
1DX487DZNFE268083,2016-11-27,OEM A,OEM A MG650,CONSTRUCTION,MOTOR GRADER,,1196,,1
1DX635XJQCP911786,2018-01-17,OEM A,OEM A WL310,CONSTRUCTION,WHEEL LOADER,,1095,,1
1AX035ZFTSD837160,2019-09-14,OEM A,OEM A BL410,CONSTRUCTION,BACKHOE LOADER,,2117,,1
1DX418PWVBA444164,2014-03-07,OEM A,OEM A MG410,CONSTRUCTION,MOTOR GRADER,2018-10-28,1389,,1
1CX656PQRUV773928,2017-04-03,OEM A,OEM A CD210,CONSTRUCTION,BULLDOZER,,8785,,1
1DX606DOZUT348896,2020-04-06,OEM A,OEM A WL410,CONSTRUCTION,WHEEL LOADER,2018-04-06,233,,1
1EX202PJMKR888425,2020-06-02,OEM A,OEM A WH650,FORESTRY,HARVESTER,,300,,1
1DX025TKVXQ691121,2015-12-20,OEM A,OEM A MG210,CONSTRUCTION,MOTOR GRADER,2016-05-28,2688,,1
1CX207LHSLL254287,2019-02-16,OEM A,OEM A CD650,CONSTRUCTION,BULLDOZER,2019-12-13,6629,,1
1DX122FCLOG607550,2011-03-11,OEM A,OEM A WL310,CONSTRUCTION,WHEEL LOADER,2018-05-25,1548,,1
1FX423MEKOC467019,2014-01-18,OEM A,OEM A SM410,FORESTRY,SWING MACHINE,,7899,,1
1DX608DQTJW267162,2020-08-30,OEM A,OEM A WL700,CONSTRUCTION,WHEEL LOADER,2017-08-10,2204,,1
1EX380VKNTY767838,2018-05-24,OEM A,OEM A WH650,FORESTRY,HARVESTER,2019-09-20,6453,,1
1DX935QQJGT102792,2018-02-18,OEM A,OEM A MG310,CONSTRUCTION,MOTOR GRADER,,6442,,1
1DX192PXYBL110893,2012-06-10,OEM A,OEM A MG650,CONSTRUCTION,MOTOR GRADER,,4741,,1
1DX414HQWKN585835,2015-09-10,OEM A,OEM A WL650,CONSTRUCTION,WHEEL LOADER,2019-06-03,5012,,1
1BX425VFZWW755276,2014-09-05,OEM A,OEM A EX410,CONSTRUCTION,EXCAVATOR,,3866,,1
1DX100LQNGZ569266,2014-04-11,OEM A,OEM A MG310,CONSTRUCTION,MOTOR GRADER,,3950,,1
HCM474MMHVV116414,2011-08-20,OEM A,OEM A KB310,FORESTRY,KNUCKLEBOOM,2020-10-06,8967,,1
1DX791OHRTI315712,2020-03-25,OEM A,OEM A WL410,CONSTRUCTION,WHEEL LOADER,,6018,,1
1AX685EJKQQ873302,2015-10-17,OEM A,OEM A BL310,CONSTRUCTION,BACKHOE LOADER,,6089,,1
1DX463WDNDS083710,2017-05-31,OEM A,OEM A MG650,CONSTRUCTION,MOTOR GRADER,,3007,,1
1AX745QSPFL495405,2017-08-03,OEM A,OEM A BL210,CONSTRUCTION,BACKHOE LOADER,,1620,,1
1DX454QTDTA595055,2012-05-03,OEM A,OEM A WL410,CONSTRUCTION,WHEEL LOADER,,2150,,1
1EX948ALKZX886867,2016-01-31,OEM A,OEM A TH310,FORESTRY,HARVESTER,,8420,,1
1BX427GRJTZ358836,2012-11-18,OEM A,OEM A EX410,CONSTRUCTION,EXCAVATOR,2018-03-09,6332,,1
1EX076ORSHW392591,2017-10-17,OEM A,OEM A WH520G,FORESTRY,HARVESTER,2019-04-29,3292,,1
1AX804CRHQE542005,2019-06-17,OEM A,OEM A BL210K,CONSTRUCTION,BACKHOE LOADER,,2561,12824,1
1FX287UOIRA896843,2014-02-03,OEM A,OEM A SM310,FORESTRY,SWING MACHINE,2019-05-19,1951,,1
1EX396YQFUU424052,2018-05-04,OEM A,OEM A WH650,FORESTRY,HARVESTER,,534,,1
1CX240DEWCZ031346,2012-02-12,OEM A,OEM A CD650,CONSTRUCTION,BULLDOZER,2018-03-30,4203,,1
1FX002GBYPO295839,2011-10-26,OEM A,OEM A SM650,FORESTRY,SWING MACHINE,,4495,,1
1DX774WNMVG144058,2015-06-11,OEM A,OEM A MG700G,CONSTRUCTION,MOTOR GRADER,2018-04-17,4123,,1
1AX534STPNY799071,2018-08-16,OEM A,OEM A BL310,CONSTRUCTION,BACKHOE LOADER,,319,,1
1DX219VPGKA409563,2013-11-17,OEM A,OEM A WL210,CONSTRUCTION,WHEEL LOADER,,5818,,1
1EX838CWOLD965804,2016-07-08,OEM A,OEM A WH210,FORESTRY,HARVESTER,2019-09-14,4435,,1
HCM090YGSQO419594,2017-09-19,OEM A,OEM A KB310G,FORESTRY,KNUCKLEBOOM,2016-04-29,8925,,1
1FX569IHGVO389595,2011-02-12,OEM A,OEM A SK330K,FORESTRY,SKIDDER,2019-02-28,4371,,1
1EX265CCHSU452955,2020-11-06,OEM A,OEM A TH410,FORESTRY,HARVESTER,,5312,,1
HCM667DOJEH167754,2018-10-02,OEM A,OEM A KB310L,FORESTRY,KNUCKLEBOOM,2019-11-14,6758,,1
1BX684VBDBL751918,2016-12-19,OEM A,OEM A EX650,CONSTRUCTION,EXCAVATOR,,8644,,1
1EX271HPFGO412971,2011-08-01,OEM A,OEM A TH650,FORESTRY,HARVESTER,,2311,,1
1EX647WDZFH262322,2018-08-06,OEM A,OEM A WH210,FORESTRY,HARVESTER,2020-05-19,8595,,1
1CX737QKQEY404112,2013-12-28,OEM A,OEM A CD410G,CONSTRUCTION,BULLDOZER,2016-05-08,1459,41719,1
1DX247SAFRM416577,2019-05-04,OEM A,OEM A WL650,CONSTRUCTION,WHEEL LOADER,,1134,,1
1AX811WJOCH188480,2015-11-10,OEM A,OEM A BL310G,CONSTRUCTION,BACKHOE LOADER,2017-03-31,2752,,1
1DX726GIDYR039746,2014-01-28,OEM A,OEM A WL410,CONSTRUCTION,WHEEL LOADER,,2558,,1
1DX467HCDPU746978,2019-06-13,OEM A,OEM A MG210,CONSTRUCTION,MOTOR GRADER,2019-12-08,2941,,1
1AX001AFBOK753277,2013-05-15,OEM A,OEM A BL310,CONSTRUCTION,BACKHOE LOADER,,6969,,1
1DX295KDFDV453623,2020-05-23,OEM A,OEM A WL330L,CONSTRUCTION,WHEEL LOADER,,207,,1
1AX467OUCCV434331,2019-04-25,OEM A,OEM A BL700L,CONSTRUCTION,BACKHOE LOADER,2017-11-26,8895,,1
1EX365WSQZA624906,2018-05-01,OEM A,OEM A WH650,FORESTRY,HARVESTER,,8640,,1
1FX882EAEKP054580,2017-07-15,OEM A,OEM A SM210,FORESTRY,SWING MACHINE,,6345,,1
1EX298NQUJQ615679,2012-02-24,OEM A,OEM A TH410,FORESTRY,HARVESTER,2019-04-23,3295,,1
1AX217PUZKP300212,2017-07-17,OEM A,OEM A BL700K,CONSTRUCTION,BACKHOE LOADER,2015-11-03,7545,,1
1DX761FNCED944820,2012-09-14,OEM A,OEM A MG250L,CONSTRUCTION,MOTOR GRADER,2016-03-07,6888,38424,1
1EX277VDWQC699381,2013-03-25,OEM A,OEM A TH650,FORESTRY,HARVESTER,,594,,1
1DX524BDILH867937,2011-03-27,OEM A,OEM A WL310,CONSTRUCTION,WHEEL LOADER,,180,,1
1DX148TXIPQ975902,2018-12-27,OEM A,OEM A WL410K,CONSTRUCTION,WHEEL LOADER,2019-01-21,8669,,1
1AX587EYGWM074981,2017-11-08,OEM A,OEM A BL310,CONSTRUCTION,BACKHOE LOADER,,1583,,1
1DX072ABVRD004567,2014-10-21,OEM A,OEM A MG650,CONSTRUCTION,MOTOR GRADER,2019-09-30,6703,,1
1EX559YJYEQ498365,2018-03-31,OEM A,OEM A TH210,FORESTRY,HARVESTER,2020-05-31,930,,1
1EX908XSWFU241284,2020-08-18,OEM A,OEM A WH210,FORESTRY,HARVESTER,,3432,,1
1DX881IWTJV182050,2015-08-10,OEM A,OEM A MG210,CONSTRUCTION,MOTOR GRADER,,3768,,1
1DX760WIATX573819,2019-04-09,OEM A,OEM A MG410,CONSTRUCTION,MOTOR GRADER,2016-06-20,1196,,1
1DX835CXDGP801991,2012-07-16,OEM A,OEM A MG210,CONSTRUCTION,MOTOR GRADER,2019-03-04,3074,,1
1FX550ZKIBI881256,2015-02-07,OEM A,OEM A FB250G,FORESTRY,FELLER BUNCHER,2020-05-03,7224,,1
1DX188CDTER806992,2013-12-03,OEM A,OEM A MG410,CONSTRUCTION,MOTOR GRADER,,5111,,1
1BX467FIGXT770102,2019-06-16,OEM A,OEM A EX650,CONSTRUCTION,EXCAVATOR,,7144,,1
1DX711OMPRE068562,2011-05-10,OEM A,OEM A WL310,CONSTRUCTION,WHEEL LOADER,,4490,,1
1DX886RFLYK780977,2020-01-03,OEM A,OEM A WL310,CONSTRUCTION,WHEEL LOADER,,1873,,1
1DX943KRAIT906297,2017-01-03,OEM A,OEM A MG330K,CONSTRUCTION,MOTOR GRADER,2015-02-01,8837,,1
1BX002XFHOZ304179,2020-06-12,OEM A,OEM A EX650,CONSTRUCTION,EXCAVATOR,,1865,,1
1AX210KJZES120866,2018-04-30,OEM A,OEM A BL520G,CONSTRUCTION,BACKHOE LOADER,2016-02-20,3973,69734,1
1EX334VWRPI795616,2017-02-16,OEM A,OEM A TH210K,FORESTRY,HARVESTER,2018-04-05,5420,,1
1EX286ZDWPC397465,2015-10-31,OEM A,OEM A FW310,FORESTRY,FORWARDER,2017-07-22,4623,,1
1AX697XQHDF073922,2012-01-21,OEM A,OEM A BL410,CONSTRUCTION,BACKHOE LOADER,,7253,,1
1CX431OJHTS611575,2019-07-02,OEM A,OEM A CD310,CONSTRUCTION,BULLDOZER,,5241,,1
1CX167EZFFQ064058,2011-10-10,OEM A,OEM A CD310,CONSTRUCTION,BULLDOZER,2019-06-08,1289,,1
1EX047ASMLQ208850,2020-12-30,OEM A,OEM A FW650,FORESTRY,FORWARDER,,3192,,1
1FX355CEOEN554228,2018-11-07,OEM A,OEM A SM310,FORESTRY,SWING MACHINE,,7277,,1
1AX536WBUOC568633,2018-02-01,OEM A,OEM A BL210,CONSTRUCTION,BACKHOE LOADER,,7404,,1
1EX010AQNJR646424,2019-12-30,OEM A,OEM A WH310G,FORESTRY,HARVESTER,2019-04-04,7490,,1
1FX642XACQQ751100,2018-01-27,OEM A,OEM A SK210G,FORESTRY,SKIDDER,2020-12-20,310,,1
1DX880BJMNN321650,2018-08-20,OEM A,OEM A MG520,CONSTRUCTION,MOTOR GRADER,2018-10-03,5770,74832,1
1AX831FALQY624365,2016-06-24,OEM A,OEM A BL210,CONSTRUCTION,BACKHOE LOADER,,4153,,1
1DX103SOQFH816411,2011-11-03,OEM A,OEM A MG410,CONSTRUCTION,MOTOR GRADER,,4103,,1
1DX985PDCLT749620,2020-03-01,OEM A,OEM A MG310,CONSTRUCTION,MOTOR GRADER,,6042,,1
1FX684UXZJG991475,2020-08-07,OEM A,OEM A FB330G,FORESTRY,FELLER BUNCHER,2019-04-03,7421,,1
1DX788PCHNU515969,2011-12-20,OEM A,OEM A MG650G,CONSTRUCTION,MOTOR GRADER,,5286,,1
1DX103KHOBT064514,2013-04-14,OEM A,OEM A MG210,CONSTRUCTION,MOTOR GRADER,2019-04-15,2625,,1
1DX037FZELK390408,2014-07-26,OEM A,OEM A MG650,CONSTRUCTION,MOTOR GRADER,2018-10-20,706,,1
1FX280RSTXI983404,2019-04-08,OEM A,OEM A SK210,FORESTRY,SKIDDER,2018-08-13,2320,,1
1FX586VUERI126603,2015-10-17,OEM A,OEM A FB410,FORESTRY,FELLER BUNCHER,,8005,,1
1BX242WJXCX795427,2012-02-28,OEM A,OEM A EX410,CONSTRUCTION,EXCAVATOR,,8953,,1
1EX981FZQJU022320,2020-01-25,OEM A,OEM A FW650G,FORESTRY,FORWARDER,2016-02-18,1213,,1
1CX647PSWFG756902,2021-08-01,OEM A,OEM A CD700G,CONSTRUCTION,BULLDOZER,2020-08-27,565,,1
1DX008NYDUG491673,2011-03-07,OEM A,OEM A WL210,CONSTRUCTION,WHEEL LOADER,2016-03-03,2197,,1
1AX621QCZGC870516,2018-11-17,OEM A,OEM A BL700G,CONSTRUCTION,BACKHOE LOADER,2016-04-14,1858,33269,1
1DX816PNUJQ801755,2020-01-17,OEM A,OEM A MG210,CONSTRUCTION,MOTOR GRADER,2019-12-13,4941,,1
1EX067OHZVV200569,2018-09-15,OEM A,OEM A TH700L,FORESTRY,HARVESTER,2017-04-10,1214,,1
1DX023LNRDH010420,2016-02-29,OEM A,OEM A MG210,CONSTRUCTION,MOTOR GRADER,2018-05-31,5722,,1
1DX436PRNDE183249,2020-12-24,OEM A,OEM A MG210,CONSTRUCTION,MOTOR GRADER,2016-03-27,5791,,1
1EX008XMBRZ481939,2017-02-03,OEM A,OEM A FW310K,FORESTRY,FORWARDER,2020-01-08,7862,,1
1AX832BADGH665478,2018-06-14,OEM A,OEM A BL650,CONSTRUCTION,BACKHOE LOADER,,4054,,1
1DX065FAYVO461549,2018-04-22,OEM A,OEM A MG310G,CONSTRUCTION,MOTOR GRADER,,801,,1
1DX617EFKTI183200,2018-09-01,OEM A,OEM A WL210,CONSTRUCTION,WHEEL LOADER,,1743,,1
1BX611GLZUA369344,2012-01-30,OEM A,OEM A EX410,CONSTRUCTION,EXCAVATOR,2016-01-24,5486,,1
1DX180XGVRB214642,2014-10-16,OEM A,OEM A MG650,CONSTRUCTION,MOTOR GRADER,2016-11-18,7535,,1
1FX255WGESK526735,2013-09-07,OEM A,OEM A SM410,FORESTRY,SWING MACHINE,,1943,,1
1DX080VSFME379214,2016-02-01,OEM A,OEM A WL210,CONSTRUCTION,WHEEL LOADER,,3887,,1
1EX231QDGZA364675,2019-04-07,OEM A,OEM A WH330,FORESTRY,HARVESTER,2019-07-12,6565,,1
1DX024RJFYV719900,2015-10-23,OEM A,OEM A WL650,CONSTRUCTION,WHEEL LOADER,,5715,,1
1EX014KJEGX633323,2012-08-12,OEM A,OEM A TH410,FORESTRY,HARVESTER,2017-01-24,8833,,1
1EX535NDHYW867910,2018-12-05,OEM A,OEM A TH330G,FORESTRY,HARVESTER,2020-05-30,7221,,1
1CX607BPGZS007597,2016-10-25,OEM A,OEM A CD650G,CONSTRUCTION,BULLDOZER,2017-04-12,6407,,1
1EX822OQDRX666308,2015-10-09,OEM A,OEM A FW310,FORESTRY,FORWARDER,2019-10-24,69,,1
1BX328NRIZE433317,2014-02-18,OEM A,OEM A EX410,CONSTRUCTION,EXCAVATOR,2017-08-19,7416,,1
1AX520UVJYG854592,2020-07-18,OEM A,OEM A BL650,CONSTRUCTION,BACKHOE LOADER,2019-12-14,616,,1
1EX347OVMYI837010,2018-04-05,OEM A,OEM A WH410,FORESTRY,HARVESTER,2017-03-29,8311,,1
1FX602JCAOY868512,2015-10-25,OEM A,OEM A SM310,FORESTRY,SWING MACHINE,,2250,,1
1DX817XISIW563300,2017-02-24,OEM A,OEM A WL410L,CONSTRUCTION,WHEEL LOADER,2017-03-10,1430,68518,1
1DX888ZFXBF500283,2013-07-28,OEM A,OEM A MG650,CONSTRUCTION,MOTOR GRADER,,5269,,1
1DX984CMTYA667333,2015-12-09,OEM A,OEM A WL520K,CONSTRUCTION,WHEEL LOADER,2020-04-02,5116,13520,1
1FX060BUXAB631922,2016-03-10,OEM A,OEM A SM650,FORESTRY,SWING MACHINE,2020-02-13,8575,,1
1DX241OHHLM552145,2017-08-12,OEM A,OEM A MG410,CONSTRUCTION,MOTOR GRADER,,3641,,1
1DX918RRLDM399165,2017-05-31,OEM A,OEM A WL310G,CONSTRUCTION,WHEEL LOADER,2019-12-20,6052,,1
1DX245LMKTS032529,2020-12-28,OEM A,OEM A MG330G,CONSTRUCTION,MOTOR GRADER,,1198,,1
1DX680FTOYC320301,2013-11-06,OEM A,OEM A WL210,CONSTRUCTION,WHEEL LOADER,2016-11-29,4190,,1
1FX560PPMZX940593,2020-08-23,OEM A,OEM A SK410G,FORESTRY,SKIDDER,2018-03-29,7677,,1
1CX479EBDCJ874135,2020-02-21,OEM A,OEM A CD650,CONSTRUCTION,BULLDOZER,2017-02-05,3335,,1
1DX029ZGWKH010528,2020-03-07,OEM A,OEM A MG650,CONSTRUCTION,MOTOR GRADER,,2745,,1
1FX482NVDAP256677,2015-05-16,OEM A,OEM A SK650,FORESTRY,SKIDDER,2019-07-09,317,,1
1DX847NMUGO792761,2021-09-04,OEM A,OEM A WL250,CONSTRUCTION,WHEEL LOADER,,8576,,1
1DX205PRUVC228222,2018-11-30,OEM A,OEM A MG250K,CONSTRUCTION,MOTOR GRADER,2015-01-14,314,,1
1AX357UCUNB043713,2017-03-08,OEM A,OEM A BL410,CONSTRUCTION,BACKHOE LOADER,,1060,,1
1DX861TQOFA813095,2020-08-22,OEM A,OEM A MG310,CONSTRUCTION,MOTOR GRADER,,7560,,1
1EX200QVKED195957,2018-10-15,OEM A,OEM A TH700K,FORESTRY,HARVESTER,2019-11-15,1708,,1
1DX508JFDQQ324493,2019-11-21,OEM A,OEM A WL310G,CONSTRUCTION,WHEEL LOADER,2016-09-06,984,,1
1DX354NVBHA941012,2017-03-17,OEM A,OEM A WL650,CONSTRUCTION,WHEEL LOADER,,3106,,1
1EX646EXTUS845003,2018-01-02,OEM A,OEM A WH210,FORESTRY,HARVESTER,2018-01-21,3810,,1
1DX909KRXPK527284,2018-11-21,OEM A,OEM A MG650,CONSTRUCTION,MOTOR GRADER,,3971,,1
1DX399PPBLL821500,2018-05-05,OEM A,OEM A WL310,CONSTRUCTION,WHEEL LOADER,,6398,,1
1BX049PKUAJ457293,2015-12-12,OEM A,OEM A EX210,CONSTRUCTION,EXCAVATOR,2019-12-02,3285,,1
1DX484WVPVW120605,2018-02-02,OEM A,OEM A WL410,CONSTRUCTION,WHEEL LOADER,,8290,,1
1EX489WGLJF692199,2020-06-17,OEM A,OEM A TH250K,FORESTRY,HARVESTER,,3544,,1
HCM333PRNSM020630,2015-07-31,OEM A,OEM A KB310,FORESTRY,KNUCKLEBOOM,,8946,,1
1DX539RXAIC941376,2013-05-02,OEM A,OEM A WL310,CONSTRUCTION,WHEEL LOADER,,4534,,1
1DX660KVYMK489962,2015-01-30,OEM A,OEM A MG650,CONSTRUCTION,MOTOR GRADER,2018-04-24,2465,,1
1DX251DLVYZ544629,2019-05-15,OEM A,OEM A MG520K,CONSTRUCTION,MOTOR GRADER,2015-06-28,3542,,1
1DX952MSLIA002617,2018-10-06,OEM A,OEM A WL650G,CONSTRUCTION,WHEEL LOADER,2020-05-01,8507,,1
1DX556DLUIP548693,2019-09-22,OEM A,OEM A MG310,CONSTRUCTION,MOTOR GRADER,2018-02-01,5336,,1
1BX874PIIIO972433,2019-02-27,OEM A,OEM A EX650,CONSTRUCTION,EXCAVATOR,2020-06-09,8928,,1
1DX794VQGSY546303,2016-05-15,OEM A,OEM A WL310K,CONSTRUCTION,WHEEL LOADER,2017-12-11,1524,,1
1DX578COPAV706720,2016-04-05,OEM A,OEM A WL650,CONSTRUCTION,WHEEL LOADER,,4097,,1
1EX998XLNND523691,2016-09-02,OEM A,OEM A WH210,FORESTRY,HARVESTER,2016-06-23,7388,,1
1BX652RSCNQ639175,2018-06-29,OEM A,OEM A EX700K,CONSTRUCTION,EXCAVATOR,2019-12-19,7684,,1
1AX227AIDTQ268166,2016-05-21,OEM A,OEM A BL310,CONSTRUCTION,BACKHOE LOADER,,2305,16472,1
1EX970WPVCZ665383,2019-06-07,OEM A,OEM A WH250G,FORESTRY,HARVESTER,2019-04-04,2295,,1
1DX118UILWZ261429,2020-09-07,OEM A,OEM A WL410,CONSTRUCTION,WHEEL LOADER,2017-07-11,926,,1
1FX988KOQQT447440,2019-05-04,OEM A,OEM A SK650L,FORESTRY,SKIDDER,2020-07-24,709,,1
1AX241YPVNY834784,2017-11-30,OEM A,OEM A BL410G,CONSTRUCTION,BACKHOE LOADER,,3533,,1
1AX967UBJOY760011,2014-11-22,OEM A,OEM A BL210,CONSTRUCTION,BACKHOE LOADER,2018-01-04,1350,,1
1EX954PGIIZ856980,2014-08-05,OEM A,OEM A FW410,FORESTRY,FORWARDER,2018-02-19,7844,,1
1DX963ZMAES345455,2011-05-20,OEM A,OEM A WL410,CONSTRUCTION,WHEEL LOADER,,3809,,1
1DX677KLKNL386052,2013-03-03,OEM A,OEM A MG210,CONSTRUCTION,MOTOR GRADER,,4465,,1
1DX259BLLNY071157,2020-08-23,OEM A,OEM A MG310,CONSTRUCTION,MOTOR GRADER,2018-11-24,8003,,1
1DX534DNPPJ315811,2018-04-03,OEM A,OEM A WL210,CONSTRUCTION,WHEEL LOADER,,2896,,1
1DX930GLHFP245382,2020-06-09,OEM A,OEM A WL520K,CONSTRUCTION,WHEEL LOADER,2017-10-21,8242,,1
1DX696IHTIL878069,2013-01-21,OEM A,OEM A WL410,CONSTRUCTION,WHEEL LOADER,2020-06-27,2959,,1
1AX730EPKAR972840,2012-02-09,OEM A,OEM A BL310,CONSTRUCTION,BACKHOE LOADER,,1982,,1
1DX027NENDI820899,2013-06-09,OEM A,OEM A MG210,CONSTRUCTION,MOTOR GRADER,2017-09-04,49,,1
1DX452BPLMK080445,2012-07-31,OEM A,OEM A WL410,CONSTRUCTION,WHEEL LOADER,,2460,,1
1FX961NPJPD097913,2012-01-16,OEM A,OEM A SK650,FORESTRY,SKIDDER,2020-05-05,1407,,1
1DX339MWGVO556064,2020-02-05,OEM A,OEM A MG410,CONSTRUCTION,MOTOR GRADER,2016-08-04,1736,51944,1
1AX603KTGCL134789,2016-03-11,OEM A,OEM A BL650,CONSTRUCTION,BACKHOE LOADER,,3034,,1
1BX772QUDQS705023,2016-01-20,OEM A,OEM A EX410K,CONSTRUCTION,EXCAVATOR,,2542,,1
1DX247GAADF522137,2012-01-08,OEM A,OEM A MG310,CONSTRUCTION,MOTOR GRADER,,8270,,1
1DX667SWJQQ174748,2017-11-17,OEM A,OEM A MG210,CONSTRUCTION,MOTOR GRADER,,7144,,1
1BX754FKMOV444162,2016-09-25,OEM A,OEM A EX310,CONSTRUCTION,EXCAVATOR,2017-11-04,5541,,1
1BX665HXRGI976560,2012-04-12,OEM A,OEM A EX310,CONSTRUCTION,EXCAVATOR,,4291,,1
1DX922RKHBF089666,2016-02-19,OEM A,OEM A WL650,CONSTRUCTION,WHEEL LOADER,,1594,,1
1EX929DOUBO557947,2020-03-23,OEM A,OEM A FW650,FORESTRY,FORWARDER,2018-07-21,7222,,1
1CX760UVNQI825378,2015-12-16,OEM A,OEM A CD210,CONSTRUCTION,BULLDOZER,,7764,,1
1FX520YXASE807569,2018-04-24,OEM A,OEM A SK520G,FORESTRY,SKIDDER,2020-07-20,5440,,1
1FX947DCFPB650553,2016-08-28,OEM A,OEM A SK310,FORESTRY,SKIDDER,2017-10-29,400,,1
1FX684EGQGS333401,2011-02-20,OEM A,OEM A FB650G,FORESTRY,FELLER BUNCHER,2019-05-07,6601,,1
1AX711HLUIN535100,2018-12-23,OEM A,OEM A BL210,CONSTRUCTION,BACKHOE LOADER,,352,,1
1DX141PCQVU542864,2019-04-21,OEM A,OEM A MG210L,CONSTRUCTION,MOTOR GRADER,2017-07-15,3289,28941,1
1DX084DKHLP629958,2017-03-27,OEM A,OEM A MG210L,CONSTRUCTION,MOTOR GRADER,2017-12-09,3803,,1
1AX584VMAUX402303,2020-12-17,OEM A,OEM A BL210,CONSTRUCTION,BACKHOE LOADER,,2085,,1
1DX308TPWBH597104,2018-06-23,OEM A,OEM A WL250,CONSTRUCTION,WHEEL LOADER,,3522,,1
1AX310KKRZO400414,2015-04-29,OEM A,OEM A BL410,CONSTRUCTION,BACKHOE LOADER,2018-08-20,4818,,1
1AX605OEHSP562699,2016-11-04,OEM A,OEM A BL310,CONSTRUCTION,BACKHOE LOADER,2019-10-21,2566,,1
1AX866AHARX276180,2016-10-29,OEM A,OEM A BL650,CONSTRUCTION,BACKHOE LOADER,,8044,,1
1FX045EJSCG163603,2011-08-10,OEM A,OEM A SM650,FORESTRY,SWING MACHINE,,3646,,1
1DX145OGBTO935846,2011-01-28,OEM A,OEM A WL650,CONSTRUCTION,WHEEL LOADER,,1565,,1
1DX036TEMZL351844,2018-11-06,OEM A,OEM A WL650,CONSTRUCTION,WHEEL LOADER,,7514,,1
1FX682PPPZT772565,2018-08-01,OEM A,OEM A SK410G,FORESTRY,SKIDDER,,2215,,1
1DX892PCPIY533464,2015-05-23,OEM A,OEM A MG210,CONSTRUCTION,MOTOR GRADER,2016-03-20,8964,,1
1DX468BAKAO433344,2017-01-13,OEM A,OEM A MG520,CONSTRUCTION,MOTOR GRADER,,4574,20253,1
1AX490SOEFF320847,2016-01-10,OEM A,OEM A BL210,CONSTRUCTION,BACKHOE LOADER,,6748,,1
1AX943YKXXY363796,2013-12-22,OEM A,OEM A BL210K,CONSTRUCTION,BACKHOE LOADER,2018-07-13,3769,63675,1
1DX884OXMFW458655,2016-05-01,OEM A,OEM A MG410,CONSTRUCTION,MOTOR GRADER,2019-08-10,1924,,1
1DX168UDLTL015210,2019-10-24,OEM A,OEM A MG410,CONSTRUCTION,MOTOR GRADER,,7292,,1
1EX142CQJFC273895,2014-03-26,OEM A,OEM A WH210,FORESTRY,HARVESTER,,983,,1
1DX387KWFYC819569,2015-01-24,OEM A,OEM A MG210K,CONSTRUCTION,MOTOR GRADER,,2524,,1
1DX897QMKQJ365097,2018-01-31,OEM A,OEM A WL250,CONSTRUCTION,WHEEL LOADER,,1659,71331,1
1DX882KBMWD159465,2014-08-02,OEM A,OEM A WL410,CONSTRUCTION,WHEEL LOADER,2020-03-14,1353,,1
1EX323LIXFX067586,2012-08-31,OEM A,OEM A WH410,FORESTRY,HARVESTER,2016-05-21,6902,,1
1AX996EEXYL422690,2018-07-09,OEM A,OEM A BL650,CONSTRUCTION,BACKHOE LOADER,,8982,,1
1BX696FGHBG252278,2012-05-08,OEM A,OEM A EX310,CONSTRUCTION,EXCAVATOR,2019-10-10,8843,,1
1DX141BEJZZ066676,2011-06-14,OEM A,OEM A MG210,CONSTRUCTION,MOTOR GRADER,2017-01-21,7415,,1
1EX574NCLIK318314,2015-08-21,OEM A,OEM A WH210,FORESTRY,HARVESTER,,3439,,1
1FX921FYXCJ213967,2017-10-11,OEM A,OEM A SM650,FORESTRY,SWING MACHINE,2019-01-02,8702,,1
1AX208JJZQH791096,2016-08-16,OEM A,OEM A BL210,CONSTRUCTION,BACKHOE LOADER,2017-04-03,3706,,1
1DX785ASBRP620105,2012-04-29,OEM A,OEM A MG210,CONSTRUCTION,MOTOR GRADER,,7317,,1
1DX833YMTLG044258,2013-02-19,OEM A,OEM A WL250L,CONSTRUCTION,WHEEL LOADER,,2307,,1
1AX122OXEMX967758,2016-08-08,OEM A,OEM A BL700K,CONSTRUCTION,BACKHOE LOADER,2016-10-03,6968,,1
1DX541MPMBE314716,2011-12-23,OEM A,OEM A WL310G,CONSTRUCTION,WHEEL LOADER,2017-05-12,7247,,1
1EX013RSAEG188486,2012-06-07,OEM A,OEM A FW310,FORESTRY,FORWARDER,,2577,,1
1EX133EEVNX265683,2018-11-01,OEM A,OEM A WH520L,FORESTRY,HARVESTER,,7244,,1
1FX487IZZRI135148,2016-11-03,OEM A,OEM A SM650K,FORESTRY,SWING MACHINE,2020-05-13,1918,,1
1EX665DHZGP509218,2016-01-05,OEM A,OEM A TH250K,FORESTRY,HARVESTER,,8616,,1
1BX143ILBGA890607,2014-03-06,OEM A,OEM A EX650,CONSTRUCTION,EXCAVATOR,,3603,,1
1EX614YBUVK080978,2020-12-23,OEM A,OEM A FW700,FORESTRY,FORWARDER,2017-12-02,664,,1
1BX083OLPGA637327,2019-04-23,OEM A,OEM A EX210,CONSTRUCTION,EXCAVATOR,,4383,,1
1AX023WANWZ639029,2012-12-09,OEM A,OEM A BL210K,CONSTRUCTION,BACKHOE LOADER,2015-09-17,2901,,1
1DX050AVDIL668273,2018-07-07,OEM A,OEM A MG210,CONSTRUCTION,MOTOR GRADER,2019-12-08,7992,,1
1DX103ROIBM224786,2017-12-28,OEM A,OEM A MG310,CONSTRUCTION,MOTOR GRADER,2017-07-12,808,,1
1FX530KKARO000395,2017-08-30,OEM A,OEM A FB210,FORESTRY,FELLER BUNCHER,2016-11-15,860,,1
1DX109VRWKV945514,2018-12-18,OEM A,OEM A WL410L,CONSTRUCTION,WHEEL LOADER,2015-11-06,4200,4805,1
1EX428RYEGQ648815,2016-06-05,OEM A,OEM A WH410,FORESTRY,HARVESTER,,4710,,1
1DX632HJPVZ597382,2017-04-13,OEM A,OEM A MG520K,CONSTRUCTION,MOTOR GRADER,2020-04-14,3624,49484,1
1DX716OJKHC021674,2015-09-19,OEM A,OEM A WL310,CONSTRUCTION,WHEEL LOADER,,4244,,1
1FX068LWZLU954465,2019-08-14,OEM A,OEM A SK410,FORESTRY,SKIDDER,2017-04-19,6546,,1
1DX296YWHQB794759,2017-12-18,OEM A,OEM A WL700L,CONSTRUCTION,WHEEL LOADER,,8693,49258,1
1DX919VZMRA845770,2020-06-06,OEM A,OEM A MG650,CONSTRUCTION,MOTOR GRADER,,7538,,1
HCM139EZVRF534152,2016-06-09,OEM A,OEM A KB250,FORESTRY,KNUCKLEBOOM,2020-11-09,3596,,1
1BX100SHLFT329961,2015-05-24,OEM A,OEM A EX410,CONSTRUCTION,EXCAVATOR,2018-09-18,8760,,1
1FX452SYRZP580817,2017-03-01,OEM A,OEM A FB330K,FORESTRY,FELLER BUNCHER,2020-07-01,2163,,1
1EX344SWPFY414444,2019-12-17,OEM A,OEM A WH410,FORESTRY,HARVESTER,,8289,,1
1DX597VOAIJ262730,2018-06-29,OEM A,OEM A WL310L,CONSTRUCTION,WHEEL LOADER,,6936,,1
1FX133ZOKKM539808,2011-12-16,OEM A,OEM A SK650,FORESTRY,SKIDDER,,6833,,1
1AX819LLLYJ675016,2018-04-02,OEM A,OEM A BL650,CONSTRUCTION,BACKHOE LOADER,2018-09-03,4903,,1
1DX582SBUQS787114,2018-02-16,OEM A,OEM A MG210G,CONSTRUCTION,MOTOR GRADER,2017-08-25,36,,1
1DX899AVWTB371174,2018-07-20,OEM A,OEM A MG650,CONSTRUCTION,MOTOR GRADER,,2813,,1
1DX091DOOWA865903,2019-05-23,OEM A,OEM A WL520K,CONSTRUCTION,WHEEL LOADER,2016-05-09,3211,,1
1DX839DDKPK423200,2018-06-29,OEM A,OEM A WL310,CONSTRUCTION,WHEEL LOADER,,1364,,1
1AX770TJJFL543302,2014-08-04,OEM A,OEM A BL650,CONSTRUCTION,BACKHOE LOADER,,8625,,1
1AX087RKAYC996694,2018-10-05,OEM A,OEM A BL650,CONSTRUCTION,BACKHOE LOADER,,3820,,1
1DX280PWCNL578464,2019-06-29,OEM A,OEM A WL410,CONSTRUCTION,WHEEL LOADER,2016-03-06,3496,,1
1DX014KEBTI744932,2012-03-01,OEM A,OEM A MG410,CONSTRUCTION,MOTOR GRADER,2019-04-04,8254,,1
1DX500EFHLG495040,2012-01-13,OEM A,OEM A WL210,CONSTRUCTION,WHEEL LOADER,2019-01-24,4414,,1
1DX307NKURW496882,2020-01-16,OEM A,OEM A WL310,CONSTRUCTION,WHEEL LOADER,2020-01-24,5927,,1
1FX800OKHHK186512,2012-04-04,OEM A,OEM A FB210,FORESTRY,FELLER BUNCHER,,8978,,1
1DX813JHDDL063352,2019-05-15,OEM A,OEM A WL310,CONSTRUCTION,WHEEL LOADER,,8877,,1
1DX870DKTHH487508,2013-06-05,OEM A,OEM A MG310,CONSTRUCTION,MOTOR GRADER,,4882,,1
1DX130SIJJO374123,2015-06-01,OEM A,OEM A WL520K,CONSTRUCTION,WHEEL LOADER,2017-03-21,2115,,1
1DX046ZBJRK174115,2019-05-08,OEM A,OEM A WL410,CONSTRUCTION,WHEEL LOADER,,5167,,1
1DX079FBMQS390882,2013-03-08,OEM A,OEM A WL210,CONSTRUCTION,WHEEL LOADER,2018-04-14,8125,,1
1FX429CLTSD666985,2018-10-24,OEM A,OEM A SK650,FORESTRY,SKIDDER,,2923,,1
1DX760EXMTZ407923,2016-08-24,OEM A,OEM A WL520G,CONSTRUCTION,WHEEL LOADER,2018-05-11,7807,,1
1DX087QNYKA869573,2018-06-15,OEM A,OEM A MG650K,CONSTRUCTION,MOTOR GRADER,2017-01-03,1904,,1
1CX043MOUAW969488,2013-09-30,OEM A,OEM A CD210,CONSTRUCTION,BULLDOZER,,3935,,1
1DX828KOPIB294114,2019-06-04,OEM A,OEM A MG310,CONSTRUCTION,MOTOR GRADER,2015-03-18,3159,,1
1EX202LUMVG158898,2012-07-25,OEM A,OEM A TH210,FORESTRY,HARVESTER,,8645,,1
1EX282VOGUJ695284,2019-09-30,OEM A,OEM A FW210,FORESTRY,FORWARDER,,1353,,1
1AX635GTOZM280179,2020-04-10,OEM A,OEM A BL310,CONSTRUCTION,BACKHOE LOADER,2019-02-11,2149,,1
1DX534XBZHW363396,2019-08-19,OEM A,OEM A WL700,CONSTRUCTION,WHEEL LOADER,,5007,44166,1
1FX724OABRX401505,2019-09-27,OEM A,OEM A SM210,FORESTRY,SWING MACHINE,,727,,1
1DX388LGBKF800905,2018-12-09,OEM A,OEM A WL310L,CONSTRUCTION,WHEEL LOADER,,7239,,1
1AX738XXUNK140401,2020-12-24,OEM A,OEM A BL700G,CONSTRUCTION,BACKHOE LOADER,2020-01-26,5265,,1
1BX099MTHKH977219,2013-12-09,OEM A,OEM A EX410,CONSTRUCTION,EXCAVATOR,2020-02-13,4718,,1
1FX260EDTOX184292,2016-04-15,OEM A,OEM A SK410,FORESTRY,SKIDDER,2016-01-01,7345,,1
HCM101HVEVD590655,2020-10-01,OEM A,OEM A KB410,FORESTRY,KNUCKLEBOOM,2019-06-06,7187,,1
1DX988XSFBR450644,2011-05-29,OEM A,OEM A MG650,CONSTRUCTION,MOTOR GRADER,2016-01-09,8668,,1
1BX546EXOYK254827,2014-10-17,OEM A,OEM A EX210,CONSTRUCTION,EXCAVATOR,2020-06-13,858,,1
1DX661MLZWP037631,2019-11-18,OEM A,OEM A MG310,CONSTRUCTION,MOTOR GRADER,,4325,,1
1FX001ASRUC552725,2018-05-01,OEM A,OEM A SK210K,FORESTRY,SKIDDER,2019-04-17,211,,1
1AX985FPUGF206924,2018-06-07,OEM A,OEM A BL250L,CONSTRUCTION,BACKHOE LOADER,2019-06-12,5866,,1
1BX482WIMDM021113,2015-12-31,OEM A,OEM A EX650,CONSTRUCTION,EXCAVATOR,2019-04-21,860,,1
1DX784WLUQG314750,2012-06-20,OEM A,OEM A MG650,CONSTRUCTION,MOTOR GRADER,,5489,,1
1AX662FHQRS309294,2013-03-07,OEM A,OEM A BL650,CONSTRUCTION,BACKHOE LOADER,,3567,,1
1DX203DBEVW965645,2019-05-12,OEM A,OEM A MG650,CONSTRUCTION,MOTOR GRADER,2018-01-29,7565,,1
1BX312YGRJM112436,2019-03-24,OEM A,OEM A EX250K,CONSTRUCTION,EXCAVATOR,2018-09-29,3829,46382,1
1DX775YMEZY595378,2011-12-18,OEM A,OEM A MG210,CONSTRUCTION,MOTOR GRADER,,4908,,1
1FX461ZJAAW826966,2019-01-09,OEM A,OEM A FB410,FORESTRY,FELLER BUNCHER,,4161,,1
1BX175ZSPIB246646,2017-08-10,OEM A,OEM A EX310,CONSTRUCTION,EXCAVATOR,,538,,1
1BX076IONMG404367,2011-04-29,OEM A,OEM A EX650,CONSTRUCTION,EXCAVATOR,,889,,1
1FX854GMHZS208587,2015-04-24,OEM A,OEM A SM520,FORESTRY,SWING MACHINE,2020-10-23,4745,,1
1DX681CYBGV619567,2017-08-01,OEM A,OEM A WL650K,CONSTRUCTION,WHEEL LOADER,2016-03-24,6883,25519,1
1FX111NYGDT335857,2012-10-05,OEM A,OEM A SM210,FORESTRY,SWING MACHINE,2020-05-28,2910,,1
1EX075WWEAS417949,2015-11-07,OEM A,OEM A WH410,FORESTRY,HARVESTER,2017-01-11,2131,,1
1DX251PESKY845946,2012-11-18,OEM A,OEM A WL310,CONSTRUCTION,WHEEL LOADER,2019-09-20,2370,,1
1BX400YJVZA677783,2017-10-12,OEM A,OEM A EX650,CONSTRUCTION,EXCAVATOR,2020-01-28,3601,,1
1DX633MWCAR291454,2011-10-26,OEM A,OEM A MG410,CONSTRUCTION,MOTOR GRADER,2020-06-02,6058,,1
1DX247KOTRN254736,2013-04-11,OEM A,OEM A MG650,CONSTRUCTION,MOTOR GRADER,,6591,,1
1DX750STHFN777812,2011-09-02,OEM A,OEM A WL210,CONSTRUCTION,WHEEL LOADER,2018-11-25,8828,,1
1AX147PIKHI995427,2018-04-10,OEM A,OEM A BL410K,CONSTRUCTION,BACKHOE LOADER,2020-10-30,5107,38211,1
1AX885LXIJX572636,2017-07-20,OEM A,OEM A BL650,CONSTRUCTION,BACKHOE LOADER,2018-08-03,8641,,1
1EX093WYBJT400394,2012-06-26,OEM A,OEM A TH650,FORESTRY,HARVESTER,,8620,,1
1EX408AHEYV881816,2020-07-23,OEM A,OEM A WH650,FORESTRY,HARVESTER,2016-03-22,3994,,1
1EX126QVLGS251130,2018-11-30,OEM A,OEM A WH410G,FORESTRY,HARVESTER,2020-07-30,6620,,1
1BX256OTZHF056373,2019-07-04,OEM A,OEM A EX410,CONSTRUCTION,EXCAVATOR,,5265,,1
1AX676QJAUO671649,2014-03-22,OEM A,OEM A BL310,CONSTRUCTION,BACKHOE LOADER,,7990,,1
1CX628GFROW457151,2017-05-07,OEM A,OEM A CD650G,CONSTRUCTION,BULLDOZER,2018-03-22,7107,,1
1AX468QKOCI387870,2019-07-04,OEM A,OEM A BL210,CONSTRUCTION,BACKHOE LOADER,,3049,,1
1DX059WXZDQ136371,2018-01-18,OEM A,OEM A WL520G,CONSTRUCTION,WHEEL LOADER,,6877,,1
1DX444BCBFL868267,2015-10-26,OEM A,OEM A WL410,CONSTRUCTION,WHEEL LOADER,,567,,1
1BX558YPSLO817985,2020-02-24,OEM A,OEM A EX410,CONSTRUCTION,EXCAVATOR,,3295,,1
1EX535HAUJH815887,2019-04-11,OEM A,OEM A WH330G,FORESTRY,HARVESTER,,5199,,1
1BX269JCOQK240010,2018-04-20,OEM A,OEM A EX310,CONSTRUCTION,EXCAVATOR,2016-10-31,1257,,1
1AX647BOADJ714533,2014-08-03,OEM A,OEM A BL650,CONSTRUCTION,BACKHOE LOADER,,7693,,1
1AX125SITPS673260,2015-09-19,OEM A,OEM A BL410,CONSTRUCTION,BACKHOE LOADER,,5374,,1
1AX636UIZOQ126408,2016-07-25,OEM A,OEM A BL410,CONSTRUCTION,BACKHOE LOADER,,2141,,1
1DX149XSXXL453851,2017-11-30,OEM A,OEM A MG330,CONSTRUCTION,MOTOR GRADER,,2389,,1
1DX562WCEVV114880,2017-12-21,OEM A,OEM A WL650,CONSTRUCTION,WHEEL LOADER,,6229,,1
1FX328JWPPK030023,2018-06-14,OEM A,OEM A SM650K,FORESTRY,SWING MACHINE,2016-06-03,1872,,1
1DX332BCROQ092834,2017-07-15,OEM A,OEM A MG410K,CONSTRUCTION,MOTOR GRADER,,3922,,1
1AX762POQZF760653,2017-07-29,OEM A,OEM A BL310,CONSTRUCTION,BACKHOE LOADER,2019-12-24,1545,,1
1DX094DWADC478901,2015-11-11,OEM A,OEM A MG650,CONSTRUCTION,MOTOR GRADER,2018-03-16,5781,,1
1AX888BVCQM401678,2020-12-18,OEM A,OEM A BL210,CONSTRUCTION,BACKHOE LOADER,2018-09-09,8518,,1
1EX987RALZA737316,2018-11-01,OEM A,OEM A WH700K,FORESTRY,HARVESTER,2020-03-14,4793,,1
1EX539MABID941124,2013-12-25,OEM A,OEM A FW310,FORESTRY,FORWARDER,,7914,,1
1DX115QARCN765985,2012-03-26,OEM A,OEM A WL210,CONSTRUCTION,WHEEL LOADER,2016-07-09,3072,,1
1CX439IGTXY787177,2018-07-11,OEM A,OEM A CD650,CONSTRUCTION,BULLDOZER,2017-09-18,136,,1
1EX257BJKUU191243,2014-02-22,OEM A,OEM A FW650,FORESTRY,FORWARDER,,3848,,1
1EX553GXXOK548985,2016-12-29,OEM A,OEM A TH650G,FORESTRY,HARVESTER,2018-04-25,788,,1
1DX695FDXAW994700,2016-10-26,OEM A,OEM A MG410,CONSTRUCTION,MOTOR GRADER,,3552,,1
1DX201ZLSBL805952,2014-03-07,OEM A,OEM A MG410,CONSTRUCTION,MOTOR GRADER,2018-12-03,8355,,1
1AX421ERHAD628995,2018-09-08,OEM A,OEM A BL210,CONSTRUCTION,BACKHOE LOADER,2016-04-15,5430,,1
1DX214PFVYG357687,2014-05-11,OEM A,OEM A MG210,CONSTRUCTION,MOTOR GRADER,,4607,,1
1AX459XCVYY463877,2017-09-26,OEM A,OEM A BL250G,CONSTRUCTION,BACKHOE LOADER,2019-05-01,2660,,1
1CX809BSNRW154293,2014-08-29,OEM A,OEM A CD650,CONSTRUCTION,BULLDOZER,,1893,,1
1EX452FKUMO409064,2013-06-12,OEM A,OEM A WH650,FORESTRY,HARVESTER,2019-07-30,5938,,1
1DX491EBGOX699279,2017-06-15,OEM A,OEM A MG700,CONSTRUCTION,MOTOR GRADER,2017-11-07,8832,21090,1
1DX235UAWOX927870,2013-02-17,OEM A,OEM A MG410,CONSTRUCTION,MOTOR GRADER,,345,,1
1BX364BMZNQ759931,2017-12-28,OEM A,OEM A EX520,CONSTRUCTION,EXCAVATOR,,2105,,1
1DX548CIXMG905138,2019-02-06,OEM A,OEM A WL310,CONSTRUCTION,WHEEL LOADER,2016-05-10,2228,,1
1FX245JDGEE316118,2018-02-09,OEM A,OEM A SM650,FORESTRY,SWING MACHINE,2017-07-11,7357,,1
1DX841ZVRGO655246,2012-11-16,OEM A,OEM A MG410,CONSTRUCTION,MOTOR GRADER,,7453,,1
1EX452KENGX509949,2012-07-03,OEM A,OEM A WH410,FORESTRY,HARVESTER,,188,,1
1DX376TNENI399993,2018-03-24,OEM A,OEM A MG210,CONSTRUCTION,MOTOR GRADER,,4949,,1
1DX713ZHTHE803631,2018-03-12,OEM A,OEM A MG410,CONSTRUCTION,MOTOR GRADER,,4102,,1
1BX420BOPZD313649,2014-04-29,OEM A,OEM A EX310,CONSTRUCTION,EXCAVATOR,2018-06-24,1961,,1
1DX579JXTBI275562,2014-08-10,OEM A,OEM A MG650,CONSTRUCTION,MOTOR GRADER,,7606,,1
1DX178GONHM325911,2016-02-13,OEM A,OEM A MG210,CONSTRUCTION,MOTOR GRADER,,3671,,1
1FX946CZJNW909971,2020-11-13,OEM A,OEM A SK310,FORESTRY,SKIDDER,2018-11-23,7860,,1
1BX645BOJZZ507834,2017-06-07,OEM A,OEM A EX330K,CONSTRUCTION,EXCAVATOR,2015-11-14,2410,,1
1AX409YBQMU475818,2015-11-03,OEM A,OEM A BL210,CONSTRUCTION,BACKHOE LOADER,2017-12-21,3660,,1
1DX917VJFLL589034,2019-02-04,OEM A,OEM A MG310,CONSTRUCTION,MOTOR GRADER,2017-02-25,6116,28431,1
1FX387HIJQA915970,2012-12-29,OEM A,OEM A SM210,FORESTRY,SWING MACHINE,,7720,,1
1AX998MHTXG570523,2018-05-24,OEM A,OEM A BL410L,CONSTRUCTION,BACKHOE LOADER,,6369,4493,1
1AX042HNFZX087474,2012-08-04,OEM A,OEM A BL210,CONSTRUCTION,BACKHOE LOADER,,4744,,1
1DX680AKMZV729192,2018-12-06,OEM A,OEM A MG210,CONSTRUCTION,MOTOR GRADER,,7749,,1
HCM164KJPQA817518,2017-06-28,OEM A,OEM A KB650,FORESTRY,KNUCKLEBOOM,2017-07-07,7255,,1
1EX654VZSNO407926,2014-03-30,OEM A,OEM A FW310,FORESTRY,FORWARDER,,886,,1
1DX205IMLLH183518,2017-03-12,OEM A,OEM A MG650,CONSTRUCTION,MOTOR GRADER,,5852,,1
1BX714WEKZZ510276,2018-10-01,OEM A,OEM A EX410,CONSTRUCTION,EXCAVATOR,,1354,61403,1
1AX238FVGQJ826755,2016-12-14,OEM A,OEM A BL210,CONSTRUCTION,BACKHOE LOADER,2018-09-09,1123,,1
1EX326LZJUZ910610,2016-05-12,OEM A,OEM A WH210,FORESTRY,HARVESTER,,4488,,1
1DX921ZFCVR620330,2013-09-08,OEM A,OEM A WL650,CONSTRUCTION,WHEEL LOADER,2016-06-27,2936,,1
1AX776YRIWL130006,2015-07-18,OEM A,OEM A BL210K,CONSTRUCTION,BACKHOE LOADER,,3385,,1
1FX946PNUXS585156,2014-10-27,OEM A,OEM A SM210,FORESTRY,SWING MACHINE,,254,,1
1FX159CTBFH985510,2018-08-15,OEM A,OEM A SK210,FORESTRY,SKIDDER,2016-05-31,4226,,1
1DX643AQSCT954383,2015-06-29,OEM A,OEM A MG310L,CONSTRUCTION,MOTOR GRADER,,1822,,1
1DX547FROXD809146,2016-04-22,OEM A,OEM A MG650,CONSTRUCTION,MOTOR GRADER,,1408,,1
1DX100BDOFR081957,2020-08-29,OEM A,OEM A WL210,CONSTRUCTION,WHEEL LOADER,2019-10-06,1690,,1
1EX549YQSCN698898,2014-07-17,OEM A,OEM A TH210,FORESTRY,HARVESTER,,5072,,1
1FX347XEEOR461774,2017-02-18,OEM A,OEM A SK410,FORESTRY,SKIDDER,2016-12-08,1477,,1
1EX156IQZDB592667,2020-02-06,OEM A,OEM A WH650,FORESTRY,HARVESTER,2019-02-06,6016,,1
1FX916WHZQT400199,2019-05-31,OEM A,OEM A SM410,FORESTRY,SWING MACHINE,,983,,1
1FX734GECRO221932,2020-09-01,OEM A,OEM A SK210,FORESTRY,SKIDDER,2017-04-28,2170,,1
1DX342ULBEV871481,2012-01-16,OEM A,OEM A WL310,CONSTRUCTION,WHEEL LOADER,,8018,,1
1DX976YEWTD947694,2017-05-03,OEM A,OEM A MG520,CONSTRUCTION,MOTOR GRADER,2017-07-28,985,,1
1DX853PDGKV269964,2017-07-18,OEM A,OEM A MG650G,CONSTRUCTION,MOTOR GRADER,,8272,21877,1
1DX198UVBMK544129,2017-09-19,OEM A,OEM A WL650L,CONSTRUCTION,WHEEL LOADER,,3381,,1
1DX295UNYCX033100,2012-05-20,OEM A,OEM A MG310,CONSTRUCTION,MOTOR GRADER,2017-07-15,2532,,1
1AX682PWYAH931044,2019-06-20,OEM A,OEM A BL310,CONSTRUCTION,BACKHOE LOADER,2017-10-24,7197,,1
1AX458JHCPZ959720,2015-03-28,OEM A,OEM A BL700L,CONSTRUCTION,BACKHOE LOADER,2015-05-22,8488,,1
1EX811LUKVN572828,2014-04-06,OEM A,OEM A TH650,FORESTRY,HARVESTER,,4872,,1
1FX419ONXMA424984,2017-05-17,OEM A,OEM A SM650,FORESTRY,SWING MACHINE,2017-10-14,6155,,1
1DX263JPVJN163231,2014-10-14,OEM A,OEM A WL210,CONSTRUCTION,WHEEL LOADER,,7512,,1
1DX451PGGQZ676775,2011-03-31,OEM A,OEM A MG410,CONSTRUCTION,MOTOR GRADER,2020-05-09,4019,,1
1AX578LDHBW243331,2013-04-06,OEM A,OEM A BL210,CONSTRUCTION,BACKHOE LOADER,,4200,,1
1FX040VGGBZ087300,2017-02-25,OEM A,OEM A SM210,FORESTRY,SWING MACHINE,,1790,,1
1AX887GQAXA714959,2012-04-15,OEM A,OEM A BL410,CONSTRUCTION,BACKHOE LOADER,2018-01-31,8425,,1
1DX388TTSOM023143,2018-03-23,OEM A,OEM A WL210K,CONSTRUCTION,WHEEL LOADER,2020-07-09,5454,,1
1FX720EABTP714154,2020-08-11,OEM A,OEM A SK650G,FORESTRY,SKIDDER,2019-03-17,487,,1
1AX540WBENN272564,2019-06-01,OEM A,OEM A BL310,CONSTRUCTION,BACKHOE LOADER,2018-02-14,7578,,1
1DX580UJCKU063278,2017-04-08,OEM A,OEM A WL310,CONSTRUCTION,WHEEL LOADER,2019-10-27,2032,,1
1EX801FJRMQ480487,2013-08-11,OEM A,OEM A WH520,FORESTRY,HARVESTER,,2523,,1
1DX106BWSXO369718,2011-07-03,OEM A,OEM A MG650,CONSTRUCTION,MOTOR GRADER,2018-06-24,3332,,1
1AX671IJVUM610626,2019-08-14,OEM A,OEM A BL250,CONSTRUCTION,BACKHOE LOADER,2020-02-03,260,,1
1DX894VDCQT801240,2016-03-02,OEM A,OEM A WL210L,CONSTRUCTION,WHEEL LOADER,,8268,,1
1DX804BPWVA707417,2019-05-29,OEM A,OEM A MG410,CONSTRUCTION,MOTOR GRADER,,1677,,1
1DX895SOGBG224215,2017-10-23,OEM A,OEM A MG650,CONSTRUCTION,MOTOR GRADER,2020-05-11,8652,,1
1DX349GURDO586681,2018-02-26,OEM A,OEM A WL310,CONSTRUCTION,WHEEL LOADER,2017-11-03,1001,,1
1FX478IDKDZ393112,2014-01-15,OEM A,OEM A SM210,FORESTRY,SWING MACHINE,,7357,,1
1EX486AZWRH345645,2018-04-11,OEM A,OEM A FW410G,FORESTRY,FORWARDER,2015-07-18,4926,,1
1FX699VDWHI080778,2017-09-05,OEM A,OEM A SM310G,FORESTRY,SWING MACHINE,2019-03-04,8642,,1
1EX224ARJZJ489490,2018-09-18,OEM A,OEM A WH210K,FORESTRY,HARVESTER,2019-08-19,911,,1
1DX139RKQUM744445,2013-02-20,OEM A,OEM A MG210,CONSTRUCTION,MOTOR GRADER,2017-06-15,5320,,1
1DX412IJEBQ787859,2019-05-11,OEM A,OEM A MG410,CONSTRUCTION,MOTOR GRADER,2017-02-09,4040,,1
1EX612FWXLG840324,2011-12-31,OEM A,OEM A WH210,FORESTRY,HARVESTER,,4131,,1
1DX979WLSFZ542432,2017-09-05,OEM A,OEM A WL310,CONSTRUCTION,WHEEL LOADER,2020-05-11,3556,31347,1
1DX691WAAAX897490,2019-01-07,OEM A,OEM A MG310,CONSTRUCTION,MOTOR GRADER,,64,,1
1EX986WQDHA174805,2017-08-26,OEM A,OEM A WH210,FORESTRY,HARVESTER,,2203,,1
1FX142PDSJD749047,2015-02-13,OEM A,OEM A SK650,FORESTRY,SKIDDER,,1032,,1
1AX543BVGNJ148026,2017-04-30,OEM A,OEM A BL410G,CONSTRUCTION,BACKHOE LOADER,2017-12-25,8051,,1
1BX257GJGGX423536,2013-10-04,OEM A,OEM A EX410,CONSTRUCTION,EXCAVATOR,,7195,,1
1EX112NLOTZ941833,2019-06-02,OEM A,OEM A TH210,FORESTRY,HARVESTER,,1815,,1
1DX590YIBYY162949,2015-01-18,OEM A,OEM A WL650,CONSTRUCTION,WHEEL LOADER,,3322,,1
1AX740WRJJD957442,2015-06-20,OEM A,OEM A BL310,CONSTRUCTION,BACKHOE LOADER,,8519,,1
1EX850GUVIB417913,2020-04-13,OEM A,OEM A WH410,FORESTRY,HARVESTER,2020-12-20,2336,,1
1DX214HYBXD489274,2019-09-06,OEM A,OEM A MG210K,CONSTRUCTION,MOTOR GRADER,2018-10-21,2836,,1
1FX461MIVCQ029932,2020-05-08,OEM A,OEM A SM410,FORESTRY,SWING MACHINE,,8317,,1
1EX629NPLGK927539,2016-04-10,OEM A,OEM A WH310,FORESTRY,HARVESTER,,3328,,1
1EX615VLEPB624840,2019-07-03,OEM A,OEM A FW330L,FORESTRY,FORWARDER,2018-09-22,3465,,1
1CX156WILGF688124,2020-08-12,OEM A,OEM A CD410,CONSTRUCTION,BULLDOZER,2019-12-21,1974,,1
1FX155AHVVX848102,2014-01-01,OEM A,OEM A SM210,FORESTRY,SWING MACHINE,,5468,,1
1FX950DYFCC508187,2018-04-13,OEM A,OEM A SK250G,FORESTRY,SKIDDER,2019-02-24,3569,,1
1EX165JDIAJ260011,2015-03-02,OEM A,OEM A FW210G,FORESTRY,FORWARDER,2017-11-08,1148,,1
1FX046JRXIA013164,2017-06-20,OEM A,OEM A SK650,FORESTRY,SKIDDER,2019-11-29,3569,,1
1AX249VLJMV102731,2016-11-30,OEM A,OEM A BL650,CONSTRUCTION,BACKHOE LOADER,2018-12-08,1082,,1
1DX316KDKBI137378,2012-11-22,OEM A,OEM A WL310,CONSTRUCTION,WHEEL LOADER,2016-11-03,5065,,1
1DX741NRQTA935933,2015-08-19,OEM A,OEM A WL210,CONSTRUCTION,WHEEL LOADER,,2293,,1
1BX430VGBWO391555,2019-12-12,OEM A,OEM A EX310,CONSTRUCTION,EXCAVATOR,2018-09-02,4706,,1
1DX367ZVJZS006926,2012-12-04,OEM A,OEM A MG310,CONSTRUCTION,MOTOR GRADER,,2769,,1
1BX432MHMRK998664,2018-04-25,OEM A,OEM A EX650,CONSTRUCTION,EXCAVATOR,,5375,,1
1AX473KUSIB629314,2013-08-19,OEM A,OEM A BL410,CONSTRUCTION,BACKHOE LOADER,,2783,,1
1FX399AQEYS587378,2018-07-04,OEM A,OEM A SM310,FORESTRY,SWING MACHINE,,3450,,1
1DX585ZQQXE393023,2018-12-18,OEM A,OEM A MG650L,CONSTRUCTION,MOTOR GRADER,,8360,23291,1
1AX612LZPGB995917,2015-04-01,OEM A,OEM A BL310,CONSTRUCTION,BACKHOE LOADER,,5270,,1
1EX720JPPFA940122,2015-08-24,OEM A,OEM A FW310,FORESTRY,FORWARDER,2020-04-14,7411,,1
1FX177NIJWZ574955,2020-02-07,OEM A,OEM A SM410,FORESTRY,SWING MACHINE,2018-08-08,238,,1
1DX220OHTEV413198,2016-10-19,OEM A,OEM A MG310,CONSTRUCTION,MOTOR GRADER,,3200,,1
1BX183SRWUN324332,2011-07-25,OEM A,OEM A EX410,CONSTRUCTION,EXCAVATOR,2019-08-10,2489,,1
1DX775VVTPX809885,2016-02-26,OEM A,OEM A WL650,CONSTRUCTION,WHEEL LOADER,2017-07-29,6790,,1
1DX667NNDTO895005,2019-10-25,OEM A,OEM A MG210,CONSTRUCTION,MOTOR GRADER,,8099,,1
1DX189ZLZXF014061,2018-12-14,OEM A,OEM A MG310,CONSTRUCTION,MOTOR GRADER,,343,,1
1DX699JBPOE483945,2015-09-30,OEM A,OEM A WL650,CONSTRUCTION,WHEEL LOADER,2017-11-23,3871,,1
1DX390DHZZC510788,2017-11-06,OEM A,OEM A MG330G,CONSTRUCTION,MOTOR GRADER,2015-08-31,308,,1
1DX664PENQA239454,2011-04-15,OEM A,OEM A WL310,CONSTRUCTION,WHEEL LOADER,2017-06-06,1035,,1
1AX521TMFQY927602,2013-07-25,OEM A,OEM A BL650,CONSTRUCTION,BACKHOE LOADER,,5571,,1
1BX135KIRDJ436487,2019-10-26,OEM A,OEM A EX310,CONSTRUCTION,EXCAVATOR,2018-06-02,421,,1
1DX262DXZQS762868,2017-01-08,OEM A,OEM A MG650K,CONSTRUCTION,MOTOR GRADER,2017-02-20,6518,,1
1DX199ETTIT394310,2016-09-05,OEM A,OEM A MG250G,CONSTRUCTION,MOTOR GRADER,,8219,54632,1
1DX850OHMQB408672,2016-06-16,OEM A,OEM A MG650,CONSTRUCTION,MOTOR GRADER,2017-10-10,7022,,1
1DX129XDWLD500876,2011-06-28,OEM A,OEM A WL210,CONSTRUCTION,WHEEL LOADER,2016-10-03,406,,1
1AX522BTJBW931087,2013-06-10,OEM A,OEM A BL650,CONSTRUCTION,BACKHOE LOADER,2018-11-23,3669,,1
1FX535WZVFD296181,2019-03-19,OEM A,OEM A SK210G,FORESTRY,SKIDDER,2015-11-10,7284,,1
1AX541YSKXG540778,2017-05-29,OEM A,OEM A BL650,CONSTRUCTION,BACKHOE LOADER,,3843,,1
1AX121ZQXIC167135,2013-07-30,OEM A,OEM A BL650,CONSTRUCTION,BACKHOE LOADER,2019-07-26,5961,,1
1FX451WPQIA896282,2013-04-23,OEM A,OEM A FB410,FORESTRY,FELLER BUNCHER,2017-03-05,6305,,1
1DX670FWZTG383844,2019-08-28,OEM A,OEM A WL410,CONSTRUCTION,WHEEL LOADER,,1151,,1
1DX923FPBIW057723,2014-12-11,OEM A,OEM A MG210,CONSTRUCTION,MOTOR GRADER,2018-11-05,3672,,1
1DX160SEBIC255955,2018-12-01,OEM A,OEM A WL650,CONSTRUCTION,WHEEL LOADER,,4957,,1
1DX213DYDWB546299,2016-10-04,OEM A,OEM A MG410,CONSTRUCTION,MOTOR GRADER,,53,,1
1DX913JZAID259918,2017-08-02,OEM A,OEM A MG650,CONSTRUCTION,MOTOR GRADER,2016-08-10,2736,,1
1DX294NCQMT902834,2020-08-28,OEM A,OEM A WL650L,CONSTRUCTION,WHEEL LOADER,2020-03-08,4842,61258,1
1DX193OVMNO624422,2014-09-06,OEM A,OEM A MG330K,CONSTRUCTION,MOTOR GRADER,2017-06-28,5056,,1
1AX805XWPGC897262,2019-01-25,OEM A,OEM A BL310,CONSTRUCTION,BACKHOE LOADER,,6664,,1
1FX154UXWQR277666,2011-04-23,OEM A,OEM A SK210,FORESTRY,SKIDDER,,6227,,1
1DX123MKOXJ070024,2019-10-07,OEM A,OEM A MG250G,CONSTRUCTION,MOTOR GRADER,2015-01-01,6523,45428,1
1DX723JMHYS429529,2013-09-28,OEM A,OEM A MG310,CONSTRUCTION,MOTOR GRADER,,8840,,1
1FX561ZIWRQ650400,2020-08-27,OEM A,OEM A SM210,FORESTRY,SWING MACHINE,,1879,,1
1AX736MHIMK973983,2014-09-24,OEM A,OEM A BL210,CONSTRUCTION,BACKHOE LOADER,,5830,,1
1AX536TEKBU136396,2011-06-14,OEM A,OEM A BL650,CONSTRUCTION,BACKHOE LOADER,,3471,,1
1FX640MSEFN001690,2019-10-11,OEM A,OEM A FB250,FORESTRY,FELLER BUNCHER,,8566,,1
1DX500GIBPP525693,2016-07-27,OEM A,OEM A MG310,CONSTRUCTION,MOTOR GRADER,,4898,,1
1DX107CYSFM054340,2015-03-12,OEM A,OEM A MG650,CONSTRUCTION,MOTOR GRADER,,4536,,1
1DX442CLWVI370117,2013-03-30,OEM A,OEM A WL410,CONSTRUCTION,WHEEL LOADER,,1683,,1
1DX945GTPPV425213,2013-12-16,OEM A,OEM A WL650,CONSTRUCTION,WHEEL LOADER,,1505,,1
1DX516ISTQI029875,2013-05-27,OEM A,OEM A MG650,CONSTRUCTION,MOTOR GRADER,2017-07-13,7792,,1
1FX991TOZJI057540,2019-08-18,OEM A,OEM A SM650G,FORESTRY,SWING MACHINE,2020-01-29,475,,1
1FX884JQSKN725877,2019-05-04,OEM A,OEM A SK650K,FORESTRY,SKIDDER,2017-12-27,1019,,1
1EX819COOVP607985,2019-04-29,OEM A,OEM A FW210,FORESTRY,FORWARDER,2019-01-19,4841,,1
1DX801KMDYV723960,2017-05-22,OEM A,OEM A MG210,CONSTRUCTION,MOTOR GRADER,2018-05-11,7744,,1
1DX918JUJPC795069,2016-10-31,OEM A,OEM A WL700K,CONSTRUCTION,WHEEL LOADER,,1197,,1
1EX788PXZKL597336,2017-04-13,OEM A,OEM A FW410,FORESTRY,FORWARDER,2018-03-22,7134,,1
1DX719NGMSR323096,2017-04-24,OEM A,OEM A WL330G,CONSTRUCTION,WHEEL LOADER,,1307,,1
1DX917MDQZQ074010,2013-04-28,OEM A,OEM A MG310,CONSTRUCTION,MOTOR GRADER,,2435,,1
1DX987HRCQL756658,2017-03-06,OEM A,OEM A MG650,CONSTRUCTION,MOTOR GRADER,2018-08-11,5518,,1
1EX129JPOZD200150,2011-02-08,OEM A,OEM A WH650,FORESTRY,HARVESTER,,7025,,1
1AX492CWTWE346147,2018-09-30,OEM A,OEM A BL310,CONSTRUCTION,BACKHOE LOADER,2016-05-28,568,,1
1CX560BIZGE564297,2019-04-06,OEM A,OEM A CD310,CONSTRUCTION,BULLDOZER,2018-01-06,1643,,1
1AX292URBXI641880,2017-05-29,OEM A,OEM A BL310,CONSTRUCTION,BACKHOE LOADER,2018-12-13,4590,,1
1AX499MOBBJ412796,2015-05-01,OEM A,OEM A BL650,CONSTRUCTION,BACKHOE LOADER,2018-06-03,6125,,1
1BX433NPEDV824478,2013-02-22,OEM A,OEM A EX650,CONSTRUCTION,EXCAVATOR,2017-04-08,4882,,1
1DX560KWEON856232,2019-01-06,OEM A,OEM A MG210K,CONSTRUCTION,MOTOR GRADER,2017-05-10,7402,,1
1DX090ISMDM989115,2012-09-02,OEM A,OEM A WL650,CONSTRUCTION,WHEEL LOADER,2018-01-09,6682,,1
1AX520EKSXW297160,2015-01-14,OEM A,OEM A BL310,CONSTRUCTION,BACKHOE LOADER,,6038,,1
1DX549FHVRB182945,2018-10-11,OEM A,OEM A WL310,CONSTRUCTION,WHEEL LOADER,2019-06-12,3583,,1
1DX415KCNSL567059,2013-06-25,OEM A,OEM A MG410,CONSTRUCTION,MOTOR GRADER,2017-04-15,898,,1
1DX946QMVTK733655,2017-09-06,OEM A,OEM A MG700G,CONSTRUCTION,MOTOR GRADER,2019-07-10,56,,1
1DX690PQAKO780895,2019-10-21,OEM A,OEM A MG410L,CONSTRUCTION,MOTOR GRADER,2015-11-23,7183,,1
1AX716TFJAX923937,2019-10-27,OEM A,OEM A BL520L,CONSTRUCTION,BACKHOE LOADER,2018-12-28,324,,1
1AX350EROTM930882,2018-09-13,OEM A,OEM A BL650,CONSTRUCTION,BACKHOE LOADER,,4318,,1
1EX572JYCLM009681,2019-04-10,OEM A,OEM A FW310G,FORESTRY,FORWARDER,,4961,,1
1EX563PBWXP643439,2011-04-12,OEM A,OEM A FW310,FORESTRY,FORWARDER,2017-06-24,3471,,1
1DX998LDTPL634505,2019-05-14,OEM A,OEM A WL330K,CONSTRUCTION,WHEEL LOADER,2020-05-04,8553,22729,1
1DX266FQZBA455758,2015-08-26,OEM A,OEM A MG410,CONSTRUCTION,MOTOR GRADER,,7551,,1
1DX889OSRSN223709,2015-10-24,OEM A,OEM A MG310,CONSTRUCTION,MOTOR GRADER,,5022,,1
1DX055HPNJM594299,2018-06-03,OEM A,OEM A MG650,CONSTRUCTION,MOTOR GRADER,,5120,,1
1DX601DYWZE976744,2014-11-28,OEM A,OEM A WL650,CONSTRUCTION,WHEEL LOADER,,1726,,1
1FX611SQVMM043720,2013-01-25,OEM A,OEM A SK210,FORESTRY,SKIDDER,2018-06-26,1997,,1
1DX653YJEPE704518,2012-05-04,OEM A,OEM A WL210,CONSTRUCTION,WHEEL LOADER,,6290,,1
1CX572CFXIL113273,2012-05-16,OEM A,OEM A CD650,CONSTRUCTION,BULLDOZER,,4134,,1
1EX981MTNGH597086,2015-01-15,OEM A,OEM A WH310,FORESTRY,HARVESTER,2018-01-20,8383,,1
1DX869KTSWS830450,2019-03-14,OEM A,OEM A MG650,CONSTRUCTION,MOTOR GRADER,2016-05-27,6684,,1
1DX874HGRMW697540,2017-08-01,OEM A,OEM A MG700K,CONSTRUCTION,MOTOR GRADER,2016-03-12,241,,1
1DX474SQQGO934172,2019-01-10,OEM A,OEM A WL410,CONSTRUCTION,WHEEL LOADER,,5767,,1
1DX865NNFGE304041,2013-03-20,OEM A,OEM A WL210,CONSTRUCTION,WHEEL LOADER,,5104,,1
1DX559AMCUR342143,2019-07-15,OEM A,OEM A MG330L,CONSTRUCTION,MOTOR GRADER,2015-02-11,1211,,1
1DX874ZNGGV728558,2012-01-31,OEM A,OEM A WL310,CONSTRUCTION,WHEEL LOADER,,8170,,1
1DX104AYQBZ976448,2018-02-09,OEM A,OEM A WL210G,CONSTRUCTION,WHEEL LOADER,,3385,,1
1DX420YTWQE858080,2018-02-17,OEM A,OEM A MG520K,CONSTRUCTION,MOTOR GRADER,2020-11-24,153,,1
1DX101CRQAA847142,2020-12-02,OEM A,OEM A WL650,CONSTRUCTION,WHEEL LOADER,,2808,,1
1FX204LAAFL511537,2020-10-10,OEM A,OEM A SK700K,FORESTRY,SKIDDER,2019-01-24,7935,,1
1DX205FTPRH495943,2013-09-17,OEM A,OEM A MG520G,CONSTRUCTION,MOTOR GRADER,2016-06-15,7092,67878,1
1EX651DPHVN583916,2016-09-18,OEM A,OEM A WH650,FORESTRY,HARVESTER,2018-01-26,1762,,1
1AX009DORUA096528,2019-08-21,OEM A,OEM A BL650G,CONSTRUCTION,BACKHOE LOADER,,2494,,1
1DX164QVELP827880,2016-03-28,OEM A,OEM A WL310,CONSTRUCTION,WHEEL LOADER,2018-10-22,1640,,1
1DX556EOICQ418900,2013-01-18,OEM A,OEM A WL650,CONSTRUCTION,WHEEL LOADER,,455,,1
1FX739RNBHU253804,2014-09-17,OEM A,OEM A SK310,FORESTRY,SKIDDER,2018-01-11,6677,,1
1AX355WPOPF751503,2013-07-21,OEM A,OEM A BL210,CONSTRUCTION,BACKHOE LOADER,,3646,,1
1DX815CTPXF032295,2019-08-21,OEM A,OEM A MG210,CONSTRUCTION,MOTOR GRADER,2016-12-14,971,,1
1DX400VYEPR050447,2011-02-21,OEM A,OEM A MG210,CONSTRUCTION,MOTOR GRADER,,8002,,1
1DX073ILAAG647449,2011-08-11,OEM A,OEM A WL410,CONSTRUCTION,WHEEL LOADER,,6258,,1
1AX987ADELH380852,2013-01-21,OEM A,OEM A BL410,CONSTRUCTION,BACKHOE LOADER,,4972,,1
1DX984LFUHU001255,2019-08-28,OEM A,OEM A WL650,CONSTRUCTION,WHEEL LOADER,,4449,,1
1FX856OYIQT241532,2020-04-05,OEM A,OEM A SK210,FORESTRY,SKIDDER,2016-07-15,5801,,1
1DX581WHXSI394724,2014-03-25,OEM A,OEM A WL410,CONSTRUCTION,WHEEL LOADER,2016-03-22,8936,,1
1BX987WAXIX459871,2012-10-01,OEM A,OEM A EX650,CONSTRUCTION,EXCAVATOR,,6719,,1
1EX690LHOSB714295,2019-06-20,OEM A,OEM A FW410,FORESTRY,FORWARDER,2018-01-16,4985,,1
1FX134DNHDV841901,2018-12-31,OEM A,OEM A SK310,FORESTRY,SKIDDER,,6210,,1
1AX961KYJEH341150,2020-08-23,OEM A,OEM A BL650,CONSTRUCTION,BACKHOE LOADER,2017-10-30,464,,1
1DX110AREKN968031,2015-01-16,OEM A,OEM A MG650,CONSTRUCTION,MOTOR GRADER,,5722,,1
1EX607IKEFX988073,2012-06-19,OEM A,OEM A WH310,FORESTRY,HARVESTER,2020-01-18,3731,,1
1DX111ZXQXV414820,2019-06-03,OEM A,OEM A MG410,CONSTRUCTION,MOTOR GRADER,2018-11-12,7373,,1
1DX461BWKDM111826,2019-01-06,OEM A,OEM A MG250L,CONSTRUCTION,MOTOR GRADER,2017-09-27,6370,4347,1
1EX018HARPP842915,2018-08-17,OEM A,OEM A WH410,FORESTRY,HARVESTER,,7047,,1
1AX918WZJXN887336,2018-03-28,OEM A,OEM A BL410,CONSTRUCTION,BACKHOE LOADER,,2304,,1
1AX642FTFUB363409,2016-04-08,OEM A,OEM A BL410,CONSTRUCTION,BACKHOE LOADER,,8589,,1
1DX650LDLMV617013,2011-01-03,OEM A,OEM A WL410,CONSTRUCTION,WHEEL LOADER,2018-06-21,6699,,1
1DX522TRABA962931,2016-09-29,OEM A,OEM A WL410,CONSTRUCTION,WHEEL LOADER,,8645,,1
1CX308TMLLF600376,2018-06-09,OEM A,OEM A CD700G,CONSTRUCTION,BULLDOZER,2016-03-31,1777,,1
1DX739EYKMN698112,2015-10-03,OEM A,OEM A MG650,CONSTRUCTION,MOTOR GRADER,,4964,,1
1AX427ENURV054876,2019-10-10,OEM A,OEM A BL410,CONSTRUCTION,BACKHOE LOADER,,42,,1
1FX289EJCNI629977,2012-08-31,OEM A,OEM A SM210,FORESTRY,SWING MACHINE,,7695,,1
1BX856BUYWG219211,2011-12-23,OEM A,OEM A EX650,CONSTRUCTION,EXCAVATOR,2019-01-18,61,,1
1EX778BHXUX434967,2017-06-06,OEM A,OEM A WH310L,FORESTRY,HARVESTER,2020-09-10,8445,,1
1DX486CBJAD936613,2012-06-16,OEM A,OEM A MG700G,CONSTRUCTION,MOTOR GRADER,,3903,,1
1DX990JVPUD290591,2018-12-11,OEM A,OEM A MG410,CONSTRUCTION,MOTOR GRADER,2017-02-07,4960,,1
1FX164ILBAZ808137,2018-11-19,OEM A,OEM A SM210,FORESTRY,SWING MACHINE,,1917,,1
1FX373IOKDV988438,2017-08-07,OEM A,OEM A FB250K,FORESTRY,FELLER BUNCHER,2020-01-27,561,,1
1DX368ZBOXU953174,2014-05-28,OEM A,OEM A MG650,CONSTRUCTION,MOTOR GRADER,2020-08-06,4435,,1
1EX227SEONS738311,2016-03-21,OEM A,OEM A TH650,FORESTRY,HARVESTER,,7895,,1
1EX953HSVCR319608,2019-03-31,OEM A,OEM A TH520G,FORESTRY,HARVESTER,,5404,,1
1AX534ZVJZR599518,2017-05-14,OEM A,OEM A BL700G,CONSTRUCTION,BACKHOE LOADER,2016-09-14,678,,1
1EX171QUAQR790541,2017-10-24,OEM A,OEM A WH650L,FORESTRY,HARVESTER,2017-05-23,6578,,1
1DX105PLUTW568306,2019-01-11,OEM A,OEM A MG520G,CONSTRUCTION,MOTOR GRADER,2018-03-15,5558,,1
1EX252NSIOZ954597,2018-11-28,OEM A,OEM A FW650G,FORESTRY,FORWARDER,,6487,,1
1CX752ZFEJM000060,2020-04-12,OEM A,OEM A AD410,CONSTRUCTION,ARTICULATED TRUCK,,1918,,1
1AX571WTUFK675797,2020-04-11,OEM A,OEM A BL210L,CONSTRUCTION,BACKHOE LOADER,2018-05-05,2704,,1
1EX992KLWMR272213,2019-08-01,OEM A,OEM A TH700K,FORESTRY,HARVESTER,2019-01-10,1559,,1
1DX403GLEGT817083,2018-07-20,OEM A,OEM A WL700,CONSTRUCTION,WHEEL LOADER,2019-08-23,8332,,1
1FX093ATWUF354387,2020-06-18,OEM A,OEM A FB700K,FORESTRY,FELLER BUNCHER,2019-08-26,5865,,1
1EX261URNIZ823794,2018-06-13,OEM A,OEM A WH210L,FORESTRY,HARVESTER,2017-10-23,2813,,1
1BX472DMIJE799691,2013-10-15,OEM A,OEM A EX210,CONSTRUCTION,EXCAVATOR,,5854,,1
1EX916DEEPF346758,2017-10-28,OEM A,OEM A WH310,FORESTRY,HARVESTER,2019-04-02,698,,1
1EX411UPUWV167469,2011-03-16,OEM A,OEM A FW410,FORESTRY,FORWARDER,2018-03-13,5485,,1
1EX066JMVLN247080,2020-12-21,OEM A,OEM A WH410,FORESTRY,HARVESTER,,6954,,1
1FX205WRPNW442177,2018-12-19,OEM A,OEM A FB250K,FORESTRY,FELLER BUNCHER,2015-08-11,3053,,1
1EX975RHJWL841529,2012-11-24,OEM A,OEM A WH410,FORESTRY,HARVESTER,,1884,,1
1FX279COFXP289415,2020-11-09,OEM A,OEM A SK410,FORESTRY,SKIDDER,,1520,,1
1DX863OEPOF236277,2014-01-12,OEM A,OEM A MG310,CONSTRUCTION,MOTOR GRADER,,4833,,1
1AX981TTXRT212334,2015-07-21,OEM A,OEM A BL250,CONSTRUCTION,BACKHOE LOADER,2015-06-04,8490,,1
1DX318BPMZT572272,2020-07-25,OEM A,OEM A WL520L,CONSTRUCTION,WHEEL LOADER,2015-06-02,8187,,1
1DX582QJSIY784344,2020-04-13,OEM A,OEM A MG210L,CONSTRUCTION,MOTOR GRADER,,2605,,1
1FX978NWYPU031152,2020-04-26,OEM A,OEM A SK410,FORESTRY,SKIDDER,2016-07-23,2710,,1
1BX817KPEVF571672,2012-09-29,OEM A,OEM A EX310,CONSTRUCTION,EXCAVATOR,,2160,,1
1DX691FDHRB116433,2019-12-21,OEM A,OEM A WL650G,CONSTRUCTION,WHEEL LOADER,,1811,55154,1
1CX483XQUXF455124,2019-05-25,OEM A,OEM A CD210G,CONSTRUCTION,BULLDOZER,,1333,,1
1EX840YGESD607685,2018-08-21,OEM A,OEM A WH520,FORESTRY,HARVESTER,2020-11-16,2092,,1
1CX637TBWSJ748972,2020-01-08,OEM A,OEM A CD210,CONSTRUCTION,BULLDOZER,,7712,,1
1CX391VFTQL096060,2015-05-23,OEM A,OEM A CD250,CONSTRUCTION,BULLDOZER,2016-06-01,3600,,1
1EX260VVRDL349522,2014-11-27,OEM A,OEM A TH650,FORESTRY,HARVESTER,,284,,1
1DX221SMXRR700702,2017-06-14,OEM A,OEM A MG210,CONSTRUCTION,MOTOR GRADER,,2366,,1
1DX243ICBEA486724,2013-02-19,OEM A,OEM A WL410,CONSTRUCTION,WHEEL LOADER,2017-09-22,5143,,1
1AX580TCKOS835839,2018-06-04,OEM A,OEM A BL650,CONSTRUCTION,BACKHOE LOADER,,7721,,1
1EX978DKIGK690196,2016-10-21,OEM A,OEM A FW650,FORESTRY,FORWARDER,,2987,,1
1EX976LDAHW041328,2016-12-30,OEM A,OEM A WH650,FORESTRY,HARVESTER,2016-10-08,6106,,1
1EX792SGPHZ260224,2012-11-29,OEM A,OEM A FW210,FORESTRY,FORWARDER,,5311,,1
1BX770MBASW363887,2018-05-26,OEM A,OEM A EX700K,CONSTRUCTION,EXCAVATOR,,5806,19559,1
1DX606PCBMJ013250,2017-11-03,OEM A,OEM A WL330,CONSTRUCTION,WHEEL LOADER,2015-10-04,3915,,1
1DX400PMDSV297535,2013-05-03,OEM A,OEM A WL410,CONSTRUCTION,WHEEL LOADER,,523,,1
1EX118OXVOC911649,2012-04-05,OEM A,OEM A WH310,FORESTRY,HARVESTER,,5965,,1
1AX892BAFUP532934,2012-08-26,OEM A,OEM A BL410,CONSTRUCTION,BACKHOE LOADER,,8986,,1
1AX177ERBOH013538,2020-12-25,OEM A,OEM A BL700,CONSTRUCTION,BACKHOE LOADER,2017-09-28,4488,37853,1
1DX283LIXDK440153,2017-09-10,OEM A,OEM A MG410,CONSTRUCTION,MOTOR GRADER,2015-02-16,6956,,1
1DX634BHYPN036404,2018-10-09,OEM A,OEM A WL210,CONSTRUCTION,WHEEL LOADER,,8438,,1
1DX738JIPPQ400690,2013-04-19,OEM A,OEM A MG310,CONSTRUCTION,MOTOR GRADER,,46,,1
1AX562FGGYN688755,2017-08-30,OEM A,OEM A BL520L,CONSTRUCTION,BACKHOE LOADER,2015-04-11,1793,,1
1BX902UERLC080259,2020-03-02,OEM A,OEM A EX410,CONSTRUCTION,EXCAVATOR,2018-04-22,749,,1
1DX380KNAJN886390,2011-05-19,OEM A,OEM A WL210K,CONSTRUCTION,WHEEL LOADER,2017-02-26,3865,,1
1DX405AWWWB830576,2017-10-24,OEM A,OEM A WL310,CONSTRUCTION,WHEEL LOADER,,5265,,1
1FX964YHSHM372415,2014-11-28,OEM A,OEM A FB310L,FORESTRY,FELLER BUNCHER,2020-10-04,2462,,1
1AX839YQIZS807691,2016-07-02,OEM A,OEM A BL650,CONSTRUCTION,BACKHOE LOADER,2020-04-13,311,,1
1DX280DKUHG498302,2018-11-05,OEM A,OEM A MG210,CONSTRUCTION,MOTOR GRADER,,8172,,1
1EX946RFOHK494988,2020-06-16,OEM A,OEM A WH210,FORESTRY,HARVESTER,2016-10-27,3985,,1
1DX382HYGDR795368,2015-03-11,OEM A,OEM A MG210,CONSTRUCTION,MOTOR GRADER,2019-12-04,7006,,1
1FX419SLFOA652587,2015-07-13,OEM A,OEM A SK210,FORESTRY,SKIDDER,2018-08-22,1482,,1
1FX007CHOVC125113,2017-10-09,OEM A,OEM A SK650,FORESTRY,SKIDDER,,825,,1
1EX207BHYGZ133571,2013-04-08,OEM A,OEM A FW410,FORESTRY,FORWARDER,,6161,,1
1FX043GTHHL317836,2017-11-07,OEM A,OEM A SK310,FORESTRY,SKIDDER,,2107,,1
1EX370YVLNN930987,2020-01-30,OEM A,OEM A WH700K,FORESTRY,HARVESTER,,5910,,1
1DX570PWCGA711713,2015-05-12,OEM A,OEM A WL410K,CONSTRUCTION,WHEEL LOADER,2015-04-05,2612,,1
1AX604JSFZV328894,2019-09-12,OEM A,OEM A BL310,CONSTRUCTION,BACKHOE LOADER,,4726,,1
1FX907WMBFW211939,2011-11-16,OEM A,OEM A SK410,FORESTRY,SKIDDER,2018-04-16,3284,,1
1FX018HMOAU061088,2019-07-22,OEM A,OEM A SK520L,FORESTRY,SKIDDER,2020-08-07,6883,,1
1AX650BFQFV608187,2015-03-13,OEM A,OEM A BL210,CONSTRUCTION,BACKHOE LOADER,,4286,,1
1DX308YHVES202422,2011-04-28,OEM A,OEM A MG310,CONSTRUCTION,MOTOR GRADER,2019-10-02,1703,,1
1AX865BCSPG353511,2018-01-29,OEM A,OEM A BL310,CONSTRUCTION,BACKHOE LOADER,2016-06-04,749,,1
1DX025KKIVC015239,2015-06-21,OEM A,OEM A WL410,CONSTRUCTION,WHEEL LOADER,,3165,,1
1DX355JZXVG870772,2020-07-07,OEM A,OEM A WL310L,CONSTRUCTION,WHEEL LOADER,2016-10-01,1648,,1
1EX116CJEDU231308,2011-04-22,OEM A,OEM A FW410,FORESTRY,FORWARDER,,1102,,1
1FX441FYZMR793222,2017-05-31,OEM A,OEM A FB520,FORESTRY,FELLER BUNCHER,2020-04-20,1212,,1
1BX474GTOZC743154,2013-08-21,OEM A,OEM A EX520,CONSTRUCTION,EXCAVATOR,2015-08-10,4210,,1
1DX990PNQVO676810,2014-07-19,OEM A,OEM A WL410,CONSTRUCTION,WHEEL LOADER,,8189,,1
1EX456KOHIQ857608,2014-03-19,OEM A,OEM A TH650,FORESTRY,HARVESTER,,2880,,1
1DX570BLAIE916946,2017-07-29,OEM A,OEM A MG650K,CONSTRUCTION,MOTOR GRADER,,7827,,1
1FX642BYVHL900650,2020-01-25,OEM A,OEM A SM310,FORESTRY,SWING MACHINE,,3204,,1
1DX864PNSBF159963,2013-04-15,OEM A,OEM A MG650,CONSTRUCTION,MOTOR GRADER,2018-12-25,6189,,1
1AX003TTCBD981963,2014-09-12,OEM A,OEM A BL310,CONSTRUCTION,BACKHOE LOADER,,3060,,1
1DX623NIKZR052978,2015-05-19,OEM A,OEM A MG250G,CONSTRUCTION,MOTOR GRADER,,242,64061,1
1AX465WBUEE966919,2020-12-16,OEM A,OEM A BL700K,CONSTRUCTION,BACKHOE LOADER,2017-01-19,6635,18826,1
1FX484PWONQ936778,2018-09-02,OEM A,OEM A FB700G,FORESTRY,FELLER BUNCHER,2020-10-14,1827,,1
1EX024BIXJB751574,2015-05-15,OEM A,OEM A FW410,FORESTRY,FORWARDER,2020-07-10,1801,,1
1EX215ENGPW020671,2011-11-14,OEM A,OEM A WH310,FORESTRY,HARVESTER,,8838,,1
1AX087THODJ597910,2017-06-12,OEM A,OEM A BL310,CONSTRUCTION,BACKHOE LOADER,,3787,,1
1DX911NAJDB150166,2020-08-10,OEM A,OEM A MG410,CONSTRUCTION,MOTOR GRADER,,8824,,1
1BX723YDXIY746548,2014-01-31,OEM A,OEM A EX410,CONSTRUCTION,EXCAVATOR,,785,,1
1DX428KFFOS022159,2012-02-06,OEM A,OEM A MG310K,CONSTRUCTION,MOTOR GRADER,,684,,1
1DX432TJKIA595338,2015-01-28,OEM A,OEM A MG650,CONSTRUCTION,MOTOR GRADER,,6422,,1
1AX482XADQQ548108,2014-09-20,OEM A,OEM A BL210,CONSTRUCTION,BACKHOE LOADER,,8283,,1
1EX379EMIIL997349,2018-05-02,OEM A,OEM A WH310,FORESTRY,HARVESTER,,7770,,1
1DX960SVDQN716920,2012-04-10,OEM A,OEM A WL410,CONSTRUCTION,WHEEL LOADER,,3526,,1
1AX800TKCMF912116,2017-01-13,OEM A,OEM A BL410,CONSTRUCTION,BACKHOE LOADER,,1356,,1
1DX750KCJKR655195,2018-05-03,OEM A,OEM A MG700,CONSTRUCTION,MOTOR GRADER,2018-02-01,2638,53567,1
1FX383DLCOO514881,2011-04-15,OEM A,OEM A SK210K,FORESTRY,SKIDDER,2019-08-08,6807,,1
1EX580JMMZA792623,2018-08-12,OEM A,OEM A TH330,FORESTRY,HARVESTER,2019-12-23,7397,,1
1DX776MJWHB993650,2019-03-13,OEM A,OEM A MG410,CONSTRUCTION,MOTOR GRADER,,1738,,1
1DX386IGBWN528630,2013-08-10,OEM A,OEM A MG650,CONSTRUCTION,MOTOR GRADER,2020-08-18,7709,,1
1AX763NKKXD716404,2014-02-28,OEM A,OEM A BL410,CONSTRUCTION,BACKHOE LOADER,2019-08-15,546,,1
HCM925FYHNE869656,2017-02-14,OEM A,OEM A KB520K,FORESTRY,KNUCKLEBOOM,2019-05-04,6580,,1
1FX348VUAUL969641,2020-11-16,OEM A,OEM A SM210,FORESTRY,SWING MACHINE,,3863,,1
1DX440GIVIW991232,2013-12-23,OEM A,OEM A WL210,CONSTRUCTION,WHEEL LOADER,,1943,,1
1AX956ACICH247101,2019-01-15,OEM A,OEM A BL410,CONSTRUCTION,BACKHOE LOADER,2019-08-15,8146,,1
1AX388CIHAJ725536,2017-07-04,OEM A,OEM A BL330G,CONSTRUCTION,BACKHOE LOADER,2016-09-14,505,,1
1BX535LXXPE598284,2017-08-28,OEM A,OEM A EX250,CONSTRUCTION,EXCAVATOR,2018-06-07,6424,,1
1EX990GMTPQ354104,2017-05-11,OEM A,OEM A WH650,FORESTRY,HARVESTER,,7876,,1
1CX978XVUFQ300036,2017-11-21,OEM A,OEM A CD250K,CONSTRUCTION,BULLDOZER,2016-09-15,5605,,1
1EX674EBPTA981403,2019-08-03,OEM A,OEM A WH210G,FORESTRY,HARVESTER,,1858,,1
1FX975MEFWT034637,2012-03-26,OEM A,OEM A SM210,FORESTRY,SWING MACHINE,2016-08-07,8643,,1
1DX961JQQES281643,2020-05-06,OEM A,OEM A WL650,CONSTRUCTION,WHEEL LOADER,,2340,,1
1DX074EAGNS569028,2019-10-07,OEM A,OEM A MG410K,CONSTRUCTION,MOTOR GRADER,,4062,40763,1
1DX217LMPRF335547,2018-05-21,OEM A,OEM A WL250L,CONSTRUCTION,WHEEL LOADER,,7233,47652,1
1BX074KKCUN603876,2020-01-01,OEM A,OEM A EX410,CONSTRUCTION,EXCAVATOR,,747,,1
1DX038CQEAB483926,2017-12-09,OEM A,OEM A WL410,CONSTRUCTION,WHEEL LOADER,,2637,,1
1BX112OSWGL078246,2020-02-06,OEM A,OEM A EX650,CONSTRUCTION,EXCAVATOR,,538,,1
1FX468GWIQY760242,2018-07-11,OEM A,OEM A SK520G,FORESTRY,SKIDDER,2015-05-11,402,,1
1FX139JIQQN411222,2013-02-13,OEM A,OEM A SM210,FORESTRY,SWING MACHINE,,2217,,1
1AX394KFOAQ679374,2020-06-22,OEM A,OEM A BL310,CONSTRUCTION,BACKHOE LOADER,2018-06-10,4292,,1
1DX623OPCGP738404,2013-07-30,OEM A,OEM A MG210,CONSTRUCTION,MOTOR GRADER,,7117,,1
1AX199KSHWQ816075,2015-01-24,OEM A,OEM A BL410,CONSTRUCTION,BACKHOE LOADER,,746,,1
1AX159DGOOD637789,2017-04-15,OEM A,OEM A BL310,CONSTRUCTION,BACKHOE LOADER,,8473,,1
1DX655LMNQS912275,2019-04-09,OEM A,OEM A WL410,CONSTRUCTION,WHEEL LOADER,,3733,,1
1EX220HOMDE269032,2019-02-14,OEM A,OEM A FW650,FORESTRY,FORWARDER,,7316,,1
1FX636WSZJO974433,2019-03-15,OEM A,OEM A SK310,FORESTRY,SKIDDER,,7138,,1
1FX892INNOF965334,2016-07-13,OEM A,OEM A SM310,FORESTRY,SWING MACHINE,2016-11-23,5221,,1
1DX470LTHQD506331,2014-08-27,OEM A,OEM A WL650,CONSTRUCTION,WHEEL LOADER,2018-08-27,756,,1
1AX724DESPF033927,2020-02-15,OEM A,OEM A BL650,CONSTRUCTION,BACKHOE LOADER,2017-06-17,793,,1
1EX862YJZKL248137,2015-11-10,OEM A,OEM A FW250K,FORESTRY,FORWARDER,2019-04-12,6802,,1
1AX573PMAUY085471,2014-04-30,OEM A,OEM A BL310,CONSTRUCTION,BACKHOE LOADER,2016-12-16,1115,,1
1EX476LPCQZ401587,2018-03-13,OEM A,OEM A WH410,FORESTRY,HARVESTER,,2780,,1
1DX787SOTXX040712,2017-09-22,OEM A,OEM A WL410,CONSTRUCTION,WHEEL LOADER,2020-06-30,8120,,1
1CX204TEYBD725124,2012-09-05,OEM A,OEM A CD410,CONSTRUCTION,BULLDOZER,2019-10-04,4404,,1
1DX314YSJVM142430,2017-05-03,OEM A,OEM A WL310K,CONSTRUCTION,WHEEL LOADER,,4592,,1
1DX083ITFMV109307,2013-12-16,OEM A,OEM A MG210,CONSTRUCTION,MOTOR GRADER,2017-07-21,6740,,1
1FX330HMIHO289181,2014-12-21,OEM A,OEM A SK650,FORESTRY,SKIDDER,2020-03-07,93,,1
1AX229LGJXK128211,2016-01-05,OEM A,OEM A BL410,CONSTRUCTION,BACKHOE LOADER,,6068,,1
1EX546AZUIR661251,2017-11-18,OEM A,OEM A FW310,FORESTRY,FORWARDER,,2101,,1
1FX362XIPVI647237,2019-09-21,OEM A,OEM A SK410,FORESTRY,SKIDDER,2016-09-13,5701,,1
1DX664MFRVH794133,2018-07-30,OEM A,OEM A WL650,CONSTRUCTION,WHEEL LOADER,,4150,,1
1DX486KTBGL745994,2014-11-02,OEM A,OEM A MG650,CONSTRUCTION,MOTOR GRADER,2019-12-22,318,,1
HCM643RBEIW876297,2018-03-23,OEM A,OEM A KB330G,FORESTRY,KNUCKLEBOOM,2016-02-29,8166,,1
1BX563IVILH639670,2018-12-10,OEM A,OEM A EX520G,CONSTRUCTION,EXCAVATOR,,1087,,1
1BX691WSHOZ683954,2011-02-19,OEM A,OEM A EX650G,CONSTRUCTION,EXCAVATOR,2017-04-21,7118,,1
1FX023FYRPW797014,2019-07-20,OEM A,OEM A FB330G,FORESTRY,FELLER BUNCHER,2020-04-08,2954,,1
1BX976ZVALQ852162,2020-05-06,OEM A,OEM A EX410,CONSTRUCTION,EXCAVATOR,2016-02-05,506,,1
1FX488OFHTN986826,2012-12-18,OEM A,OEM A SM210,FORESTRY,SWING MACHINE,2020-06-10,7048,,1
1AX650RMFMI089668,2018-06-09,OEM A,OEM A BL410,CONSTRUCTION,BACKHOE LOADER,,2013,,1
1DX877WPDVN844830,2014-12-04,OEM A,OEM A MG650,CONSTRUCTION,MOTOR GRADER,2019-03-28,6374,,1
1AX960KJMYD035456,2013-08-04,OEM A,OEM A BL210,CONSTRUCTION,BACKHOE LOADER,,898,,1
1FX486XOURG219176,2020-03-03,OEM A,OEM A SM700,FORESTRY,SWING MACHINE,2019-03-19,8138,,1
1AX614CEGKM344885,2017-04-15,OEM A,OEM A BL410G,CONSTRUCTION,BACKHOE LOADER,2016-02-15,6658,,1
1DX330LUEPI198434,2016-01-27,OEM A,OEM A MG410,CONSTRUCTION,MOTOR GRADER,,3978,,1
1FX513FDPXP319127,2015-12-06,OEM A,OEM A SK310,FORESTRY,SKIDDER,,2646,,1
1DX713ICUER984811,2020-03-18,OEM A,OEM A MG310G,CONSTRUCTION,MOTOR GRADER,,5758,,1
1AX247GSPPZ663294,2012-03-28,OEM A,OEM A BL210,CONSTRUCTION,BACKHOE LOADER,,8782,,1
1DX681WFONV952609,2016-12-18,OEM A,OEM A WL210,CONSTRUCTION,WHEEL LOADER,,7649,,1
1DX761HNGZN964812,2016-06-20,OEM A,OEM A MG310,CONSTRUCTION,MOTOR GRADER,,6404,,1
1DX531VMMOR363005,2013-02-06,OEM A,OEM A MG650,CONSTRUCTION,MOTOR GRADER,2020-02-07,8244,,1
1BX535UYPTR061756,2019-01-21,OEM A,OEM A EX520L,CONSTRUCTION,EXCAVATOR,2017-01-09,8071,11950,1
1BX026TWVQU458099,2014-10-19,OEM A,OEM A EX650,CONSTRUCTION,EXCAVATOR,,506,,1
1FX293UEKXK108225,2020-02-05,OEM A,OEM A SK310G,FORESTRY,SKIDDER,2020-05-24,3648,,1
1DX073XYHFU091727,2018-02-18,OEM A,OEM A MG520L,CONSTRUCTION,MOTOR GRADER,2016-12-25,6091,28094,1
1EX917EQIMM067879,2018-12-28,OEM A,OEM A FW310,FORESTRY,FORWARDER,,8064,,1
1DX256ZJJHE548712,2011-02-18,OEM A,OEM A MG210,CONSTRUCTION,MOTOR GRADER,,293,,1
1DX561APRLO832428,2018-05-17,OEM A,OEM A WL650,CONSTRUCTION,WHEEL LOADER,,7146,,1
1EX524MHYOJ227837,2020-01-09,OEM A,OEM A TH310,FORESTRY,HARVESTER,,5287,,1
1AX830LDAYC289018,2019-10-12,OEM A,OEM A BL210K,CONSTRUCTION,BACKHOE LOADER,,7446,,1
1DX357WIDWK811437,2020-01-10,OEM A,OEM A WL210,CONSTRUCTION,WHEEL LOADER,,1220,,1
1DX327STIMC557034,2018-04-10,OEM A,OEM A MG410K,CONSTRUCTION,MOTOR GRADER,2015-06-01,7895,73215,1
1AX342XDCJC229451,2015-07-17,OEM A,OEM A BL310K,CONSTRUCTION,BACKHOE LOADER,2016-07-21,2164,,1
1FX610TTVOL643795,2011-10-01,OEM A,OEM A SM310,FORESTRY,SWING MACHINE,,1812,,1
1AX186LUMXY167733,2017-07-25,OEM A,OEM A BL410,CONSTRUCTION,BACKHOE LOADER,,1975,,1
1BX783JMRGU705215,2017-01-05,OEM A,OEM A EX520L,CONSTRUCTION,EXCAVATOR,,3345,13655,1
1FX327PUYVZ982928,2018-11-18,OEM A,OEM A SM410K,FORESTRY,SWING MACHINE,2020-03-21,926,,1
1DX061VRCVC831493,2013-08-12,OEM A,OEM A MG410,CONSTRUCTION,MOTOR GRADER,,4709,,1
1EX406INMQN894847,2013-10-29,OEM A,OEM A FW410,FORESTRY,FORWARDER,,3826,,1
1EX073PJFEO949586,2013-08-02,OEM A,OEM A WH410,FORESTRY,HARVESTER,2017-04-07,962,,1
1DX318QIWDH039080,2020-09-10,OEM A,OEM A WL410,CONSTRUCTION,WHEEL LOADER,2018-07-13,3874,,1
1DX610FPULQ937873,2019-02-23,OEM A,OEM A WL650G,CONSTRUCTION,WHEEL LOADER,2015-06-17,4898,79188,1
1FX838ZIFOF119988,2015-03-30,OEM A,OEM A SM700G,FORESTRY,SWING MACHINE,2019-02-15,1505,,1
1AX055ALNNS617022,2017-02-01,OEM A,OEM A BL410K,CONSTRUCTION,BACKHOE LOADER,2020-09-07,7385,63667,1
1AX113NXVKW163942,2017-10-15,OEM A,OEM A BL250L,CONSTRUCTION,BACKHOE LOADER,,4033,,1
1DX365PDOVW078124,2017-11-01,OEM A,OEM A WL310,CONSTRUCTION,WHEEL LOADER,2016-09-11,1546,,1
1AX738NKCTS395221,2015-06-04,OEM A,OEM A BL650,CONSTRUCTION,BACKHOE LOADER,,2600,,1
1DX646EGRUY804283,2016-02-29,OEM A,OEM A WL650,CONSTRUCTION,WHEEL LOADER,,6671,,1
1AX732ZKILC560021,2012-09-30,OEM A,OEM A BL410,CONSTRUCTION,BACKHOE LOADER,,4181,,1
1FX909SCWZR243915,2017-03-24,OEM A,OEM A SK410,FORESTRY,SKIDDER,,5280,,1
1EX606NJEDB625485,2018-12-22,OEM A,OEM A FW310,FORESTRY,FORWARDER,2019-05-28,3395,,1
1FX479QVEIJ259944,2015-12-01,OEM A,OEM A SM250K,FORESTRY,SWING MACHINE,,3113,,1
1BX123QGZFI372132,2016-08-06,OEM A,OEM A EX650,CONSTRUCTION,EXCAVATOR,2017-10-27,2822,,1
1EX620BGQCP238934,2011-04-02,OEM A,OEM A TH210,FORESTRY,HARVESTER,,4209,,1
1DX065TDUMS375181,2019-05-22,OEM A,OEM A MG250,CONSTRUCTION,MOTOR GRADER,2015-10-24,2908,,1
1FX936FIOWC534034,2012-04-14,OEM A,OEM A SM210,FORESTRY,SWING MACHINE,,6541,,1
1DX365XRLVL501643,2015-10-28,OEM A,OEM A MG310,CONSTRUCTION,MOTOR GRADER,,6945,,1
1FX393IDJAL177310,2016-01-23,OEM A,OEM A SM410,FORESTRY,SWING MACHINE,,6700,,1
1FX090LYNNX841390,2013-03-07,OEM A,OEM A FB650,FORESTRY,FELLER BUNCHER,,3003,,1
1FX573JLCCD212292,2013-07-07,OEM A,OEM A SM650,FORESTRY,SWING MACHINE,2019-11-20,1633,,1
1FX798YEGUT283645,2012-03-21,OEM A,OEM A SM310,FORESTRY,SWING MACHINE,,1228,,1
1DX955MCOGM037949,2017-06-14,OEM A,OEM A WL310,CONSTRUCTION,WHEEL LOADER,,4823,,1
1DX294VDYPY277727,2017-07-04,OEM A,OEM A MG650K,CONSTRUCTION,MOTOR GRADER,,6976,49501,1
1FX976QZWZA952469,2011-10-01,OEM A,OEM A SK210,FORESTRY,SKIDDER,2016-05-17,6520,,1
1DX419TFDZB289395,2017-08-02,OEM A,OEM A MG210,CONSTRUCTION,MOTOR GRADER,,6595,,1
1DX453VYUDS832531,2015-01-23,OEM A,OEM A MG650,CONSTRUCTION,MOTOR GRADER,,117,,1
1EX991DBKAY616259,2017-05-16,OEM A,OEM A FW210,FORESTRY,FORWARDER,,2790,,1
1AX345JLFIQ098670,2018-09-24,OEM A,OEM A BL210,CONSTRUCTION,BACKHOE LOADER,2019-12-31,8661,,1
1EX184KSTST331195,2018-10-18,OEM A,OEM A TH650,FORESTRY,HARVESTER,,2837,,1
1DX239YRMVU748177,2017-11-29,OEM A,OEM A MG410,CONSTRUCTION,MOTOR GRADER,,3980,,1
1DX505MKUPT599967,2019-05-14,OEM A,OEM A MG330L,CONSTRUCTION,MOTOR GRADER,2018-08-30,2055,,1
1DX877GLASZ834252,2019-01-30,OEM A,OEM A MG650,CONSTRUCTION,MOTOR GRADER,,3023,,1
1DX699QJIQZ879061,2011-06-23,OEM A,OEM A WL650,CONSTRUCTION,WHEEL LOADER,,7432,,1
1DX108LRACY422372,2018-11-07,OEM A,OEM A WL250G,CONSTRUCTION,WHEEL LOADER,2015-05-09,732,,1
1DX128IPWYP053886,2012-04-21,OEM A,OEM A WL650,CONSTRUCTION,WHEEL LOADER,,5652,,1
1EX710NSGWW556452,2015-07-02,OEM A,OEM A FW520,FORESTRY,FORWARDER,2020-07-24,7898,,1
1EX905QJNQH662414,2013-12-20,OEM A,OEM A WH210,FORESTRY,HARVESTER,,7093,,1
1DX634BUUEN942376,2020-09-03,OEM A,OEM A WL650,CONSTRUCTION,WHEEL LOADER,2018-06-27,795,,1
1AX404LREOG126239,2017-04-04,OEM A,OEM A BL330K,CONSTRUCTION,BACKHOE LOADER,2015-03-03,7560,,1
1DX372RZVGJ458608,2018-10-11,OEM A,OEM A WL330,CONSTRUCTION,WHEEL LOADER,2015-03-06,1915,38148,1
1DX303YDGCZ175587,2020-03-18,OEM A,OEM A WL650,CONSTRUCTION,WHEEL LOADER,2019-11-01,5104,,1
1CX962PNSBU958731,2019-02-13,OEM A,OEM A CD520K,CONSTRUCTION,BULLDOZER,,6142,71993,1
1FX563JSTOE179073,2019-08-25,OEM A,OEM A SM410,FORESTRY,SWING MACHINE,2017-12-19,2943,,1
1AX288OYYBY939896,2014-10-07,OEM A,OEM A BL650,CONSTRUCTION,BACKHOE LOADER,,3550,,1
1DX800UUMMZ390788,2013-11-02,OEM A,OEM A WL310,CONSTRUCTION,WHEEL LOADER,2020-06-23,315,,1
1AX511EOQFZ857845,2013-09-25,OEM A,OEM A BL650,CONSTRUCTION,BACKHOE LOADER,,4795,,1
1DX066MWJHZ554481,2011-11-18,OEM A,OEM A WL410,CONSTRUCTION,WHEEL LOADER,,6711,,1
1DX287SLDJZ340429,2018-01-16,OEM A,OEM A WL700G,CONSTRUCTION,WHEEL LOADER,,2227,,1
1AX985GRGTH081277,2017-05-25,OEM A,OEM A BL210,CONSTRUCTION,BACKHOE LOADER,2017-07-11,4330,,1
1DX355YKBQI967453,2017-07-23,OEM A,OEM A WL410,CONSTRUCTION,WHEEL LOADER,2016-07-22,7833,,1
1DX535COAGU215287,2017-04-14,OEM A,OEM A MG410G,CONSTRUCTION,MOTOR GRADER,,8027,,1
1CX805VQMBA413623,2014-09-06,OEM A,OEM A CD650,CONSTRUCTION,BULLDOZER,,4773,,1
1DX895NAJLP061003,2018-09-01,OEM A,OEM A WL210,CONSTRUCTION,WHEEL LOADER,,2217,,1
1DX838WIJCN404544,2018-04-13,OEM A,OEM A WL210,CONSTRUCTION,WHEEL LOADER,,3149,,1
1AX638BIYZX600330,2014-04-24,OEM A,OEM A BL210,CONSTRUCTION,BACKHOE LOADER,2018-01-10,6310,,1
1AX409UKWKP390460,2019-06-03,OEM A,OEM A BL310,CONSTRUCTION,BACKHOE LOADER,,4133,,1
1BX692NANWN176994,2017-09-27,OEM A,OEM A EX250G,CONSTRUCTION,EXCAVATOR,,6518,42350,1
1AX889UJFNU316906,2018-08-05,OEM A,OEM A BL410K,CONSTRUCTION,BACKHOE LOADER,2017-06-25,6232,,1
1EX935GOYJB424837,2020-05-02,OEM A,OEM A TH410,FORESTRY,HARVESTER,2016-01-22,1042,,1
1DX550PSZIM366871,2018-09-21,OEM A,OEM A MG250K,CONSTRUCTION,MOTOR GRADER,,7809,63521,1
1EX990RKQHQ173731,2014-07-23,OEM A,OEM A TH650,FORESTRY,HARVESTER,,4624,,1
1EX028VXSOV459137,2016-11-24,OEM A,OEM A FW310,FORESTRY,FORWARDER,,888,,1
1DX772ZTDEY861123,2015-10-13,OEM A,OEM A MG310,CONSTRUCTION,MOTOR GRADER,2016-12-27,3731,,1
1DX458KBXTA677419,2020-04-10,OEM A,OEM A WL410,CONSTRUCTION,WHEEL LOADER,2020-04-20,3433,11534,1
1DX611CGSYM624583,2016-06-09,OEM A,OEM A MG650,CONSTRUCTION,MOTOR GRADER,2017-08-29,2871,,1
1CX755FPDBA200669,2016-05-27,OEM A,OEM A CD650,CONSTRUCTION,BULLDOZER,2018-09-03,6256,65722,1
1AX709QOESF639957,2012-05-24,OEM A,OEM A BL210,CONSTRUCTION,BACKHOE LOADER,,5821,,1
1DX469IZQCD447209,2018-12-17,OEM A,OEM A MG700,CONSTRUCTION,MOTOR GRADER,2017-02-28,5532,,1
1AX236JPGOL936279,2018-11-06,OEM A,OEM A BL310,CONSTRUCTION,BACKHOE LOADER,,2893,,1
1BX361ANNAH918499,2012-07-13,OEM A,OEM A EX410,CONSTRUCTION,EXCAVATOR,2016-08-19,6595,,1
1DX720UYEOD559344,2019-07-29,OEM A,OEM A MG650,CONSTRUCTION,MOTOR GRADER,2017-08-30,8105,,1
1EX654NGSBL639768,2012-01-14,OEM A,OEM A WH210,FORESTRY,HARVESTER,2018-07-05,3395,,1
1EX599GXNJW390704,2012-02-08,OEM A,OEM A WH330,FORESTRY,HARVESTER,2015-01-21,223,,1
1DX514XFWXN744011,2019-08-19,OEM A,OEM A WL210K,CONSTRUCTION,WHEEL LOADER,2015-01-26,7474,,1
1DX936XUPUU467650,2017-04-27,OEM A,OEM A MG650,CONSTRUCTION,MOTOR GRADER,,4707,,1
1DX345FRBLR685375,2011-12-15,OEM A,OEM A WL650,CONSTRUCTION,WHEEL LOADER,2016-07-16,4840,,1
1DX095CLXPY377527,2015-03-12,OEM A,OEM A WL650,CONSTRUCTION,WHEEL LOADER,2018-03-10,806,,1
1DX949EVVIZ341840,2017-09-28,OEM A,OEM A WL700,CONSTRUCTION,WHEEL LOADER,2020-03-04,1491,72527,1
1DX086HSONI812240,2020-09-18,OEM A,OEM A WL310,CONSTRUCTION,WHEEL LOADER,,364,,1
1DX642QUGED666280,2018-08-28,OEM A,OEM A MG210,CONSTRUCTION,MOTOR GRADER,,4759,,1
1FX358NLZDL558375,2012-03-20,OEM A,OEM A SK310,FORESTRY,SKIDDER,2017-06-13,2452,,1
1AX080XCALN772277,2018-06-08,OEM A,OEM A BL250G,CONSTRUCTION,BACKHOE LOADER,2015-03-30,5623,71189,1
1FX135TQWZU483530,2017-09-25,OEM A,OEM A SK310,FORESTRY,SKIDDER,2020-04-03,1616,,1
1AX128YAAFB273418,2020-02-13,OEM A,OEM A BL650,CONSTRUCTION,BACKHOE LOADER,2018-07-30,592,,1
1DX949FZSHB766954,2015-03-20,OEM A,OEM A WL410,CONSTRUCTION,WHEEL LOADER,,3635,,1
1DX647ZGCNM214527,2018-07-20,OEM A,OEM A MG410,CONSTRUCTION,MOTOR GRADER,,7636,,1
1EX402URLMM610177,2017-02-18,OEM A,OEM A FW650K,FORESTRY,FORWARDER,2016-06-22,1973,,1
1EX184XCKAC853456,2020-07-01,OEM A,OEM A TH650,FORESTRY,HARVESTER,2020-04-24,6347,,1
1DX461RKKKF229251,2015-09-27,OEM A,OEM A MG210,CONSTRUCTION,MOTOR GRADER,2016-04-21,2168,,1
1DX093KELXI781248,2014-10-08,OEM A,OEM A WL210,CONSTRUCTION,WHEEL LOADER,,2953,,1
1DX396LYQEC472802,2017-01-10,OEM A,OEM A MG410,CONSTRUCTION,MOTOR GRADER,2017-02-27,4375,,1
1DX005GPWFH219892,2016-06-12,OEM A,OEM A WL210,CONSTRUCTION,WHEEL LOADER,2017-07-15,468,,1
1EX714JZUYS702969,2020-09-12,OEM A,OEM A FW210,FORESTRY,FORWARDER,,3555,,1
1DX212DLWAC156234,2012-09-11,OEM A,OEM A MG650,CONSTRUCTION,MOTOR GRADER,2017-04-04,2747,,1
1BX908SGNKE703336,2019-01-03,OEM A,OEM A EX410L,CONSTRUCTION,EXCAVATOR,,518,,1
1DX346KUFWV738667,2015-03-30,OEM A,OEM A MG410,CONSTRUCTION,MOTOR GRADER,,6888,,1
1DX461JWMUH758816,2015-01-22,OEM A,OEM A MG410L,CONSTRUCTION,MOTOR GRADER,2020-09-15,7517,,1
1DX520HKPTC944470,2017-09-11,OEM A,OEM A WL310,CONSTRUCTION,WHEEL LOADER,,513,,1
1DX447KUSCU666851,2015-12-19,OEM A,OEM A MG650,CONSTRUCTION,MOTOR GRADER,,2269,,1
1DX407GKVRX499735,2013-11-27,OEM A,OEM A MG410,CONSTRUCTION,MOTOR GRADER,2019-11-27,4905,,1
1EX869MWVEZ771206,2014-02-19,OEM A,OEM A FW410,FORESTRY,FORWARDER,2020-08-09,5987,,1
1DX078GIICZ528800,2018-11-04,OEM A,OEM A MG410,CONSTRUCTION,MOTOR GRADER,2016-07-01,2593,,1
1AX987OMGCU119742,2015-02-19,OEM A,OEM A BL410,CONSTRUCTION,BACKHOE LOADER,,4677,,1
1DX793EHZEO731314,2013-10-30,OEM A,OEM A MG210,CONSTRUCTION,MOTOR GRADER,2016-02-15,4048,,1
1DX495QHOHL510178,2014-06-15,OEM A,OEM A WL410L,CONSTRUCTION,WHEEL LOADER,2019-01-19,5624,,1
1AX650GLMJZ089649,2015-07-29,OEM A,OEM A BL330,CONSTRUCTION,BACKHOE LOADER,2020-07-16,5197,,1
1EX301VYTNJ096891,2020-09-27,OEM A,OEM A TH410,FORESTRY,HARVESTER,,8410,,1
1EX986ISXXP294100,2017-07-08,OEM A,OEM A WH250,FORESTRY,HARVESTER,2016-03-05,8598,,1
1DX414KTGBU913810,2014-08-20,OEM A,OEM A WL650,CONSTRUCTION,WHEEL LOADER,,4300,,1
1BX969EIYKB650199,2012-09-10,OEM A,OEM A EX650,CONSTRUCTION,EXCAVATOR,2017-05-03,4219,,1
1BX057HMKKT582336,2020-06-30,OEM A,OEM A EX410,CONSTRUCTION,EXCAVATOR,2018-09-24,2768,,1
1AX735IEPAU391689,2015-05-10,OEM A,OEM A BL700K,CONSTRUCTION,BACKHOE LOADER,2019-09-28,111,,1
1EX113JCGHD612145,2020-03-25,OEM A,OEM A FW650,FORESTRY,FORWARDER,,6298,,1
1DX926SIUIX874646,2011-01-27,OEM A,OEM A WL650,CONSTRUCTION,WHEEL LOADER,,1090,,1
1AX901CIMMW635575,2012-03-03,OEM A,OEM A BL210,CONSTRUCTION,BACKHOE LOADER,2019-04-08,658,,1
1DX941HBVUI532060,2018-09-18,OEM A,OEM A MG310,CONSTRUCTION,MOTOR GRADER,,6735,,1
1FX954NAMPK086279,2017-11-29,OEM A,OEM A SM210,FORESTRY,SWING MACHINE,2019-11-03,7511,,1
1DX985MAFLM787731,2020-11-02,OEM A,OEM A MG700L,CONSTRUCTION,MOTOR GRADER,2015-03-30,7723,,1
1EX837IQJJA050099,2013-09-30,OEM A,OEM A WH310,FORESTRY,HARVESTER,,1431,,1
1EX521FJBFN625286,2017-12-26,OEM A,OEM A FW700L,FORESTRY,FORWARDER,2020-10-17,5634,,1
1FX401PLQCX166182,2011-02-09,OEM A,OEM A FB410,FORESTRY,FELLER BUNCHER,,6727,,1
1AX564UGTHW787445,2014-08-03,OEM A,OEM A BL210,CONSTRUCTION,BACKHOE LOADER,,4528,,1
1DX280AUHYB052280,2017-04-13,OEM A,OEM A WL250,CONSTRUCTION,WHEEL LOADER,2020-10-03,7698,,1
1DX069GTQIK166476,2013-12-09,OEM A,OEM A WL410,CONSTRUCTION,WHEEL LOADER,,8194,,1
1DX104GZQDV543767,2018-03-27,OEM A,OEM A WL650,CONSTRUCTION,WHEEL LOADER,2017-10-29,8404,,1
1EX616PMZCK309850,2018-11-13,OEM A,OEM A FW410,FORESTRY,FORWARDER,,3382,,1
1DX399DZAHV098769,2016-01-19,OEM A,OEM A MG330,CONSTRUCTION,MOTOR GRADER,,7305,24093,1
1BX325YGYCC791928,2011-06-30,OEM A,OEM A EX210,CONSTRUCTION,EXCAVATOR,2020-03-11,6008,,1
1DX223BAOFT542380,2017-01-13,OEM A,OEM A MG410K,CONSTRUCTION,MOTOR GRADER,,4154,,1
1DX932CYXDY059975,2013-02-17,OEM A,OEM A MG210,CONSTRUCTION,MOTOR GRADER,,1953,,1
1BX565QYFWB212379,2019-05-14,OEM A,OEM A EX410,CONSTRUCTION,EXCAVATOR,2018-06-24,2495,,1
1FX624RHQQS669763,2018-05-27,OEM A,OEM A SM210G,FORESTRY,SWING MACHINE,2019-07-19,3945,,1
1FX556CYXNK829022,2014-04-19,OEM A,OEM A FB210,FORESTRY,FELLER BUNCHER,,4539,,1
1DX364XYPIZ671042,2014-10-23,OEM A,OEM A WL210L,CONSTRUCTION,WHEEL LOADER,,4078,41524,1
1AX041NTAPI468348,2012-09-06,OEM A,OEM A BL650,CONSTRUCTION,BACKHOE LOADER,,1317,,1
1DX632NYXWB237254,2016-09-02,OEM A,OEM A WL310,CONSTRUCTION,WHEEL LOADER,,838,,1
1FX358SPMJH189266,2020-06-16,OEM A,OEM A SM520,FORESTRY,SWING MACHINE,2020-12-26,160,,1
1DX439IHLNZ473305,2015-01-24,OEM A,OEM A WL310,CONSTRUCTION,WHEEL LOADER,2016-04-19,8560,,1
1DX424BLUDT552061,2011-03-18,OEM A,OEM A WL410,CONSTRUCTION,WHEEL LOADER,2020-08-08,1966,,1
1FX716HIKGJ363447,2019-01-26,OEM A,OEM A SK410,FORESTRY,SKIDDER,2017-05-25,5517,,1
1DX386UEQUP954009,2013-09-28,OEM A,OEM A WL210,CONSTRUCTION,WHEEL LOADER,,369,,1
1DX893NBAMZ226721,2011-05-17,OEM A,OEM A MG650,CONSTRUCTION,MOTOR GRADER,,6001,,1
1DX991CDNPM024240,2011-04-07,OEM A,OEM A MG310,CONSTRUCTION,MOTOR GRADER,,6066,,1
1DX018FMCUY784496,2018-11-26,OEM A,OEM A MG250G,CONSTRUCTION,MOTOR GRADER,2020-08-26,3490,2688,1
1DX710SNOOL451398,2013-04-13,OEM A,OEM A WL410,CONSTRUCTION,WHEEL LOADER,,3971,,1
1EX220IMPIO343344,2015-03-18,OEM A,OEM A WH310,FORESTRY,HARVESTER,,1866,,1
1AX775KXGBK181261,2018-04-30,OEM A,OEM A BL410G,CONSTRUCTION,BACKHOE LOADER,2017-06-30,138,19117,1
1DX727GOWWZ479283,2019-05-15,OEM A,OEM A WL410,CONSTRUCTION,WHEEL LOADER,2015-05-24,823,23831,1
1FX217NMYYQ526537,2017-03-20,OEM A,OEM A SM650L,FORESTRY,SWING MACHINE,,3257,,1
1EX876HKTJV661888,2012-03-03,OEM A,OEM A FW210,FORESTRY,FORWARDER,,1550,,1
1EX435MEMQT067278,2013-02-01,OEM A,OEM A WH210,FORESTRY,HARVESTER,,4264,,1
1FX887TJUQT532569,2016-02-26,OEM A,OEM A SK410,FORESTRY,SKIDDER,,8002,,1
1DX971PVJCT971020,2018-10-04,OEM A,OEM A MG700L,CONSTRUCTION,MOTOR GRADER,,4740,75384,1
1DX047GQHEN824011,2019-11-24,OEM A,OEM A WL310,CONSTRUCTION,WHEEL LOADER,2017-06-29,8272,,1
1AX217BXTOY933692,2016-03-06,OEM A,OEM A BL310,CONSTRUCTION,BACKHOE LOADER,2016-04-27,94,,1
1DX235PGOCO809994,2017-08-30,OEM A,OEM A MG310,CONSTRUCTION,MOTOR GRADER,,6250,,1
1EX201ZGQZT199893,2018-10-28,OEM A,OEM A WH410,FORESTRY,HARVESTER,,2497,,1
1EX799VJGRQ854156,2018-06-24,OEM A,OEM A TH210,FORESTRY,HARVESTER,,6982,,1
1DX489CJWCX133061,2017-12-30,OEM A,OEM A WL310,CONSTRUCTION,WHEEL LOADER,,1352,,1
1DX445SUOGB353526,2020-10-30,OEM A,OEM A MG410,CONSTRUCTION,MOTOR GRADER,,4770,,1
1DX790KZNEG966999,2017-02-17,OEM A,OEM A WL700K,CONSTRUCTION,WHEEL LOADER,,2734,,1
1CX218MNLTZ088204,2019-02-03,OEM A,OEM A CD410,CONSTRUCTION,BULLDOZER,,5425,,1
1AX390DMFUQ125256,2018-01-13,OEM A,OEM A BL650,CONSTRUCTION,BACKHOE LOADER,,5088,,1
1EX319GWQCW939245,2019-10-30,OEM A,OEM A FW700,FORESTRY,FORWARDER,2019-01-18,665,,1
1AX368QNOMW477734,2020-04-10,OEM A,OEM A BL250K,CONSTRUCTION,BACKHOE LOADER,,5471,70596,1
1EX458FKVPQ693338,2012-12-07,OEM A,OEM A FW410,FORESTRY,FORWARDER,,6581,,1
1DX842ALBSQ519647,2015-01-17,OEM A,OEM A MG650,CONSTRUCTION,MOTOR GRADER,2020-01-21,6135,,1
1CX518TOXGJ599736,2019-12-10,OEM A,OEM A CD410,CONSTRUCTION,BULLDOZER,2016-11-18,7144,64505,1
1DX963ZBAMD393590,2019-10-04,OEM A,OEM A MG210,CONSTRUCTION,MOTOR GRADER,2017-12-13,3449,,1
1BX335YNPZS437345,2017-02-20,OEM A,OEM A EX310,CONSTRUCTION,EXCAVATOR,2016-10-26,3862,,1
1AX055SFEHA176650,2019-10-30,OEM A,OEM A BL700K,CONSTRUCTION,BACKHOE LOADER,2015-06-08,5807,,1
1FX661MKPFX957624,2019-06-23,OEM A,OEM A SM210,FORESTRY,SWING MACHINE,,1766,,1
1FX949UXGJW851164,2015-04-13,OEM A,OEM A SK650G,FORESTRY,SKIDDER,2019-07-11,585,,1
1FX607GVOYN014690,2012-03-07,OEM A,OEM A SK210,FORESTRY,SKIDDER,,7170,,1
1DX258ORPEA016878,2016-08-15,OEM A,OEM A WL410,CONSTRUCTION,WHEEL LOADER,,1478,,1
1EX601EPDSK852438,2014-11-23,OEM A,OEM A WH410,FORESTRY,HARVESTER,2020-04-26,4612,,1
1DX781OROZW367770,2013-09-26,OEM A,OEM A WL310,CONSTRUCTION,WHEEL LOADER,2019-04-12,4528,,1
1FX608YKQHA834687,2020-10-11,OEM A,OEM A SK330,FORESTRY,SKIDDER,2020-06-21,8100,,1
1EX688WLSOX803007,2015-07-12,OEM A,OEM A FW210,FORESTRY,FORWARDER,2016-01-04,3318,,1
1CX690TDYEK997312,2011-04-19,OEM A,OEM A CD210,CONSTRUCTION,BULLDOZER,2016-10-15,1669,,1
1AX471XAQFP937726,2019-11-26,OEM A,OEM A BL310L,CONSTRUCTION,BACKHOE LOADER,,3794,48294,1
1EX131LOFDR798423,2013-07-05,OEM A,OEM A WH310,FORESTRY,HARVESTER,2019-07-24,8390,,1
1DX308IDOHW033583,2020-09-23,OEM A,OEM A MG210G,CONSTRUCTION,MOTOR GRADER,2019-11-22,3427,,1
1BX781PYRPA698966,2013-12-05,OEM A,OEM A EX650,CONSTRUCTION,EXCAVATOR,,4383,,1
1AX578ILOXW933204,2012-01-21,OEM A,OEM A BL650,CONSTRUCTION,BACKHOE LOADER,,6378,,1
1FX990XAFKO581715,2015-06-04,OEM A,OEM A FB210,FORESTRY,FELLER BUNCHER,,4043,,1
1DX489GQRFR629144,2016-01-12,OEM A,OEM A MG310,CONSTRUCTION,MOTOR GRADER,2016-11-01,6823,,1
1BX178TILSV369678,2018-04-21,OEM A,OEM A EX310,CONSTRUCTION,EXCAVATOR,2018-01-18,4869,,1
1DX094SBQXE498173,2017-06-27,OEM A,OEM A WL310,CONSTRUCTION,WHEEL LOADER,,7384,,1
1AX805RIINQ009890,2015-09-26,OEM A,OEM A BL650,CONSTRUCTION,BACKHOE LOADER,2018-03-14,1896,,1
1BX956PJZBZ118500,2017-06-25,OEM A,OEM A EX410L,CONSTRUCTION,EXCAVATOR,2019-01-09,2159,,1
1AX183XMPZY181831,2020-07-18,OEM A,OEM A BL330G,CONSTRUCTION,BACKHOE LOADER,2016-04-22,5915,,1
1EX977AIXUF691189,2017-01-21,OEM A,OEM A FW650G,FORESTRY,FORWARDER,2020-03-03,4585,,1
1FX534KMJOP830820,2018-10-17,OEM A,OEM A FB410,FORESTRY,FELLER BUNCHER,,643,,1
1DX887ZUEZH476455,2016-09-29,OEM A,OEM A WL650,CONSTRUCTION,WHEEL LOADER,2019-10-04,7515,,1
1EX910VSIWJ651666,2011-09-20,OEM A,OEM A FW310,FORESTRY,FORWARDER,,1127,,1
1AX026LKMFJ612001,2016-10-03,OEM A,OEM A BL310L,CONSTRUCTION,BACKHOE LOADER,,7301,45705,1
1AX099VSDYU827726,2015-08-31,OEM A,OEM A BL210G,CONSTRUCTION,BACKHOE LOADER,2017-12-18,3131,1796,1
1DX262NKMNB485605,2016-12-13,OEM A,OEM A WL650,CONSTRUCTION,WHEEL LOADER,,5161,,1
1FX004RICEH114419,2014-10-22,OEM A,OEM A SM210,FORESTRY,SWING MACHINE,2019-01-26,1548,,1
1DX944ILJIF924920,2014-07-16,OEM A,OEM A WL310,CONSTRUCTION,WHEEL LOADER,,8088,,1
1FX148BEVET084356,2019-11-18,OEM A,OEM A SM210K,FORESTRY,SWING MACHINE,,3460,,1
1DX069ELLBS313196,2019-11-15,OEM A,OEM A MG310,CONSTRUCTION,MOTOR GRADER,,616,,1
1EX541PVKYL656486,2019-02-18,OEM A,OEM A FW310,FORESTRY,FORWARDER,,8985,,1
HCM661WFYLV455266,2018-12-03,OEM A,OEM A KB310,FORESTRY,KNUCKLEBOOM,,2119,,1
1DX656CZKIG390595,2019-05-14,OEM A,OEM A MG210,CONSTRUCTION,MOTOR GRADER,2020-07-10,4177,,1
1FX555DQNBE510519,2019-07-13,OEM A,OEM A SK700G,FORESTRY,SKIDDER,,5446,,1
1CX867VSJQW899896,2019-04-06,OEM A,OEM A CD410,CONSTRUCTION,BULLDOZER,2019-04-21,1195,,1
1FX787IZEPO268190,2012-12-13,OEM A,OEM A FB310,FORESTRY,FELLER BUNCHER,,8712,,1
1BX892LCVTY199127,2018-03-06,OEM A,OEM A EX520,CONSTRUCTION,EXCAVATOR,2015-05-26,5641,,1
1FX319PZTEF673959,2018-07-19,OEM A,OEM A FB310L,FORESTRY,FELLER BUNCHER,2019-12-27,8717,,1
1DX665SDWUD445175,2017-03-25,OEM A,OEM A MG250G,CONSTRUCTION,MOTOR GRADER,2018-02-25,2625,28439,1
1EX921AUKFF800689,2018-08-25,OEM A,OEM A FW650,FORESTRY,FORWARDER,,8736,,1
1AX831TFHJR606543,2015-09-25,OEM A,OEM A BL650,CONSTRUCTION,BACKHOE LOADER,2019-01-12,2740,,1
1DX021UZDDH742192,2011-02-13,OEM A,OEM A MG310,CONSTRUCTION,MOTOR GRADER,,5823,,1
1DX785QVBNO036657,2017-08-12,OEM A,OEM A MG410,CONSTRUCTION,MOTOR GRADER,2019-02-14,5846,,1
1FX675WZXYP832696,2014-06-01,OEM A,OEM A SK210,FORESTRY,SKIDDER,,6848,,1
1DX491EFVTH420181,2017-03-02,OEM A,OEM A MG310,CONSTRUCTION,MOTOR GRADER,,789,,1
1DX427QBIOQ972362,2012-02-27,OEM A,OEM A WL210,CONSTRUCTION,WHEEL LOADER,2017-07-24,5994,,1
1EX643NLGEU807875,2015-06-22,OEM A,OEM A FW650,FORESTRY,FORWARDER,,6736,,1
1AX986MTDJB961212,2018-03-15,OEM A,OEM A BL210,CONSTRUCTION,BACKHOE LOADER,2017-02-18,6057,61477,1
1FX384YLTCF800787,2014-03-09,OEM A,OEM A SM310,FORESTRY,SWING MACHINE,,6638,,1
1FX895YFMEH121590,2012-04-06,OEM A,OEM A SM410,FORESTRY,SWING MACHINE,2017-11-20,6084,,1
1FX152VQAOB898776,2018-07-24,OEM A,OEM A SK410L,FORESTRY,SKIDDER,,2751,,1
1DX323LKEQB501926,2011-02-24,OEM A,OEM A MG310,CONSTRUCTION,MOTOR GRADER,2018-10-13,2563,,1
1DX711MWGGM850054,2018-07-29,OEM A,OEM A MG310G,CONSTRUCTION,MOTOR GRADER,2018-10-19,3591,,1
1EX078RBPRW069198,2019-04-13,OEM A,OEM A TH410,FORESTRY,HARVESTER,2016-04-20,4310,,1
1AX091LSHPR289597,2016-07-21,OEM A,OEM A BL310L,CONSTRUCTION,BACKHOE LOADER,2015-05-13,712,,1
1DX685AHUQG652478,2017-11-09,OEM A,OEM A MG310K,CONSTRUCTION,MOTOR GRADER,,2505,,1
1DX617HMENX631443,2017-02-12,OEM A,OEM A MG410,CONSTRUCTION,MOTOR GRADER,,8974,,1
1AX745JLPCP329853,2012-06-21,OEM A,OEM A BL210,CONSTRUCTION,BACKHOE LOADER,2019-11-08,992,,1
1DX514KXYQN986747,2017-04-21,OEM A,OEM A MG210,CONSTRUCTION,MOTOR GRADER,,7643,,1
1DX711HDKAQ198760,2015-05-20,OEM A,OEM A MG210,CONSTRUCTION,MOTOR GRADER,,6608,,1
1DX006KKMNP187637,2014-10-03,OEM A,OEM A WL310G,CONSTRUCTION,WHEEL LOADER,2017-04-05,4646,,1
1AX962BTNXV307986,2015-04-19,OEM A,OEM A BL210,CONSTRUCTION,BACKHOE LOADER,,5047,,1
1BX216JAQZC074266,2013-08-10,OEM A,OEM A EX310,CONSTRUCTION,EXCAVATOR,,1480,,1
1EX523WIEWU440351,2013-11-09,OEM A,OEM A WH310,FORESTRY,HARVESTER,2020-05-03,644,,1
HCM728DCMQL350369,2015-03-25,OEM A,OEM A KB310,FORESTRY,KNUCKLEBOOM,,1815,,1
1FX417OPMIP010268,2018-03-10,OEM A,OEM A SM410,FORESTRY,SWING MACHINE,2019-06-11,3913,,1
1DX989IFXEN016339,2018-04-28,OEM A,OEM A WL310,CONSTRUCTION,WHEEL LOADER,,8184,,1
1DX718OCOVH293643,2011-06-26,OEM A,OEM A WL330G,CONSTRUCTION,WHEEL LOADER,2016-08-10,3788,,1
1DX666LOYKH604383,2011-02-21,OEM A,OEM A WL310,CONSTRUCTION,WHEEL LOADER,,4903,,1
1EX096HWKOM573911,2019-03-15,OEM A,OEM A FW650,FORESTRY,FORWARDER,2018-10-01,7319,,1
1DX349LNIXB179617,2016-09-09,OEM A,OEM A MG310,CONSTRUCTION,MOTOR GRADER,,3418,,1
1DX473EJMAL173258,2018-06-25,OEM A,OEM A MG410,CONSTRUCTION,MOTOR GRADER,,5543,,1
1DX477APQQH566834,2019-12-27,OEM A,OEM A WL410,CONSTRUCTION,WHEEL LOADER,2018-04-06,138,,1
1EX150YSGOS946485,2019-09-10,OEM A,OEM A WH210,FORESTRY,HARVESTER,,3947,,1
1DX416FQGBZ596622,2015-11-28,OEM A,OEM A MG210,CONSTRUCTION,MOTOR GRADER,,748,,1
1DX352AQWJO139857,2018-03-14,OEM A,OEM A MG650,CONSTRUCTION,MOTOR GRADER,2016-06-27,5542,,1
1DX805JHBRU858316,2014-09-23,OEM A,OEM A WL700L,CONSTRUCTION,WHEEL LOADER,2015-06-25,5149,,1
1EX402LQJLJ939713,2017-05-12,OEM A,OEM A FW210,FORESTRY,FORWARDER,,2961,,1
1DX719QCXXP301178,2017-11-26,OEM A,OEM A WL650,CONSTRUCTION,WHEEL LOADER,,7481,,1
1DX593UUTFU611787,2019-07-19,OEM A,OEM A WL650L,CONSTRUCTION,WHEEL LOADER,2017-12-27,5012,43901,1
1AX597RFQZT916333,2021-04-18,OEM A,OEM A BL700K,CONSTRUCTION,BACKHOE LOADER,2016-03-13,3736,,1
1AX503DDFMJ094847,2018-03-21,OEM A,OEM A BL520K,CONSTRUCTION,BACKHOE LOADER,,8170,58243,1
1AX422MHBXU045920,2018-12-27,OEM A,OEM A BL310,CONSTRUCTION,BACKHOE LOADER,2017-09-01,1806,,1
1AX753WFRGS284622,2019-03-24,OEM A,OEM A BL410,CONSTRUCTION,BACKHOE LOADER,,3175,,1
1CX492LIGJF756218,2017-09-27,OEM A,OEM A CD650,CONSTRUCTION,BULLDOZER,2019-09-27,6124,,1
1FX853NNJWO445677,2020-09-19,OEM A,OEM A FB650,FORESTRY,FELLER BUNCHER,2020-03-03,131,,1
1FX730QRTNY587200,2020-06-01,OEM A,OEM A SM310,FORESTRY,SWING MACHINE,,733,,1
1DX457NOIWS550495,2017-06-19,OEM A,OEM A MG410,CONSTRUCTION,MOTOR GRADER,,940,,1
1DX336BARYO663794,2018-02-22,OEM A,OEM A MG210L,CONSTRUCTION,MOTOR GRADER,,8224,40736,1
1DX821UMGMK423850,2019-06-11,OEM A,OEM A MG410G,CONSTRUCTION,MOTOR GRADER,,1641,,1
1FX700NZPJC073607,2020-08-15,OEM A,OEM A SK410,FORESTRY,SKIDDER,2017-11-17,2554,,1
1DX018UZQWO048686,2020-11-14,OEM A,OEM A MG210,CONSTRUCTION,MOTOR GRADER,,8434,,1
1AX406GPUEQ403969,2011-05-05,OEM A,OEM A BL210,CONSTRUCTION,BACKHOE LOADER,,1293,,1
1DX510YLSDY214624,2015-10-21,OEM A,OEM A MG650,CONSTRUCTION,MOTOR GRADER,,4310,,1
1CX558EUIRC975046,2011-06-02,OEM A,OEM A CD410,CONSTRUCTION,BULLDOZER,,3837,,1
1BX617QQBHJ269174,2017-03-22,OEM A,OEM A EX520L,CONSTRUCTION,EXCAVATOR,2015-10-27,7149,,1
1DX429JAQHD161615,2019-06-18,OEM A,OEM A WL310K,CONSTRUCTION,WHEEL LOADER,2018-09-15,8629,,1
1AX326GHOND114976,2017-08-11,OEM A,OEM A BL210,CONSTRUCTION,BACKHOE LOADER,2019-04-15,2310,,1
1DX113RDYIR570851,2012-02-11,OEM A,OEM A MG650,CONSTRUCTION,MOTOR GRADER,,6212,,1
1DX871VZLNT113529,2015-10-20,OEM A,OEM A MG310,CONSTRUCTION,MOTOR GRADER,,3084,,1
HCM486LXYMJ270236,2018-06-28,OEM A,OEM A KB700,FORESTRY,KNUCKLEBOOM,2020-12-13,7943,,1
1DX468PWTEY610174,2017-09-22,OEM A,OEM A MG310L,CONSTRUCTION,MOTOR GRADER,2019-04-25,1457,,1
1CX392OHPPN343865,2021-02-25,OEM A,OEM A AD410K,CONSTRUCTION,ARTICULATED TRUCK,2018-08-30,7264,,1
1AX471GKOMC594774,2017-02-08,OEM A,OEM A BL410K,CONSTRUCTION,BACKHOE LOADER,2015-05-13,7297,,1
1BX071EDHOV434972,2016-01-24,OEM A,OEM A EX410,CONSTRUCTION,EXCAVATOR,,2681,,1
1EX694XCAUY007886,2020-06-27,OEM A,OEM A FW250G,FORESTRY,FORWARDER,2016-01-04,3704,,1
1EX054PSQVF769582,2017-12-01,OEM A,OEM A FW210,FORESTRY,FORWARDER,2016-07-23,4420,,1
1DX092KILCL762535,2014-11-23,OEM A,OEM A WL410,CONSTRUCTION,WHEEL LOADER,2019-12-24,7416,,1
1AX944DOXQQ334506,2011-08-15,OEM A,OEM A BL410,CONSTRUCTION,BACKHOE LOADER,,13,,1
1DX697AWWOF633873,2020-04-29,OEM A,OEM A WL210,CONSTRUCTION,WHEEL LOADER,,2568,,1
1DX937GRGHU243660,2013-09-08,OEM A,OEM A MG210,CONSTRUCTION,MOTOR GRADER,,7608,,1
1DX750PVTGF199281,2018-01-29,OEM A,OEM A WL650K,CONSTRUCTION,WHEEL LOADER,2018-02-22,4594,,1
1FX196DIYYI012331,2015-08-27,OEM A,OEM A SK210,FORESTRY,SKIDDER,,6120,,1
1EX021RFVPN693302,2019-12-09,OEM A,OEM A WH210L,FORESTRY,HARVESTER,2020-07-28,8062,,1
1DX704YMZRW982392,2012-09-11,OEM A,OEM A MG650,CONSTRUCTION,MOTOR GRADER,2017-02-05,6862,,1
1DX183LWRFA812770,2017-10-30,OEM A,OEM A WL410,CONSTRUCTION,WHEEL LOADER,,4541,,1
1DX586NQACM587214,2020-02-09,OEM A,OEM A WL310,CONSTRUCTION,WHEEL LOADER,2019-03-25,5256,,1
1DX885APZEI442020,2017-03-22,OEM A,OEM A MG650L,CONSTRUCTION,MOTOR GRADER,2019-04-29,6670,,1
1DX086WPSUG629714,2017-01-10,OEM A,OEM A WL210,CONSTRUCTION,WHEEL LOADER,,8708,,1
1AX260MCMUU638999,2019-12-13,OEM A,OEM A BL410,CONSTRUCTION,BACKHOE LOADER,2018-07-26,4328,,1
1DX867WPMFU581180,2017-01-04,OEM A,OEM A MG410,CONSTRUCTION,MOTOR GRADER,2020-01-04,7147,,1
1EX762AUYVA409467,2020-09-11,OEM A,OEM A TH650,FORESTRY,HARVESTER,2018-07-29,7525,,1
1EX710RDHJB566814,2018-02-13,OEM A,OEM A FW210K,FORESTRY,FORWARDER,2016-05-20,2774,,1
1DX062HTUTV895764,2014-04-24,OEM A,OEM A MG650,CONSTRUCTION,MOTOR GRADER,2016-04-05,5679,,1
1EX317MAWHP655764,2020-04-02,OEM A,OEM A WH650K,FORESTRY,HARVESTER,2019-11-28,699,,1
1DX673EXVLF960496,2014-07-23,OEM A,OEM A MG410L,CONSTRUCTION,MOTOR GRADER,,5513,15648,1
1DX929BPGHQ678937,2020-02-13,OEM A,OEM A WL410,CONSTRUCTION,WHEEL LOADER,2016-08-22,4981,73213,1
1AX783JJLHP418922,2018-12-18,OEM A,OEM A BL650,CONSTRUCTION,BACKHOE LOADER,,4104,,1
1DX520TNCID873076,2019-04-20,OEM A,OEM A MG650,CONSTRUCTION,MOTOR GRADER,,3684,,1
1EX897AJACV198476,2019-12-19,OEM A,OEM A FW210,FORESTRY,FORWARDER,,1620,,1
1AX942GDBHL914107,2011-03-06,OEM A,OEM A BL210,CONSTRUCTION,BACKHOE LOADER,,8285,,1
1DX639FDJOG900428,2014-07-09,OEM A,OEM A MG210,CONSTRUCTION,MOTOR GRADER,2016-06-26,291,,1
1DX414SBPLQ864530,2016-05-20,OEM A,OEM A MG410,CONSTRUCTION,MOTOR GRADER,2017-12-23,3579,,1
1DX434NDIWO961154,2012-02-01,OEM A,OEM A WL310,CONSTRUCTION,WHEEL LOADER,2018-05-26,3477,,1
1BX485WCUEU900267,2012-02-21,OEM A,OEM A EX310,CONSTRUCTION,EXCAVATOR,,1115,,1
1DX567CFGQK745697,2017-12-07,OEM A,OEM A MG310,CONSTRUCTION,MOTOR GRADER,,4034,,1
1DX543XUOBB942991,2015-06-03,OEM A,OEM A MG210,CONSTRUCTION,MOTOR GRADER,2019-04-10,755,,1
1FX391WWKAV570900,2012-09-18,OEM A,OEM A SM410,FORESTRY,SWING MACHINE,,6043,,1
1CX054MZYUG053747,2014-10-04,OEM A,OEM A CD410,CONSTRUCTION,BULLDOZER,,195,,1
1DX124JQKQN841929,2019-10-21,OEM A,OEM A WL210G,CONSTRUCTION,WHEEL LOADER,2017-01-21,5367,45692,1
1CX533TJSMW039972,2018-09-02,OEM A,OEM A AD410G,CONSTRUCTION,ARTICULATED TRUCK,2019-10-31,7413,55191,1
1DX546AQDNJ785921,2017-01-24,OEM A,OEM A MG650,CONSTRUCTION,MOTOR GRADER,2018-01-03,2284,,1
1AX715LLGUQ011207,2019-01-16,OEM A,OEM A BL310,CONSTRUCTION,BACKHOE LOADER,,3579,,1
1CX707QXFHY930573,2017-02-25,OEM A,OEM A AD650L,CONSTRUCTION,ARTICULATED TRUCK,,352,,1
1DX665IOOKO602713,2018-11-20,OEM A,OEM A MG310,CONSTRUCTION,MOTOR GRADER,,8451,,1
1AX302NSLUS962477,2017-12-05,OEM A,OEM A BL250G,CONSTRUCTION,BACKHOE LOADER,,1441,27654,1
1CX753DRWVV263768,2013-12-17,OEM A,OEM A CD410,CONSTRUCTION,BULLDOZER,,7903,,1
1AX245RKLQU670509,2018-11-19,OEM A,OEM A BL410,CONSTRUCTION,BACKHOE LOADER,,4871,,1
1DX153FQTCV994800,2016-12-15,OEM A,OEM A WL330,CONSTRUCTION,WHEEL LOADER,2017-11-10,5908,,1
1DX366NUUHE538045,2018-10-19,OEM A,OEM A MG410,CONSTRUCTION,MOTOR GRADER,2017-12-01,1518,,1
1AX887PTGCB304020,2018-06-20,OEM A,OEM A BL410,CONSTRUCTION,BACKHOE LOADER,,7672,,1
1EX568GNUUT503522,2013-10-24,OEM A,OEM A TH310,FORESTRY,HARVESTER,,5007,,1
1DX532SOHTJ016780,2018-08-14,OEM A,OEM A MG250K,CONSTRUCTION,MOTOR GRADER,2015-02-15,4842,,1
1DX065KCWYD986818,2015-09-09,OEM A,OEM A MG310,CONSTRUCTION,MOTOR GRADER,2018-05-15,4348,,1
1EX619IVCBQ310780,2013-08-19,OEM A,OEM A FW410,FORESTRY,FORWARDER,2019-01-28,8648,,1
1AX455TIICN520344,2011-03-10,OEM A,OEM A BL310,CONSTRUCTION,BACKHOE LOADER,2019-11-01,2624,,1
1AX548TSPEF670370,2015-06-04,OEM A,OEM A BL210L,CONSTRUCTION,BACKHOE LOADER,2016-01-24,6156,16169,1
1DX994ZYFLA220951,2011-08-13,OEM A,OEM A WL700,CONSTRUCTION,WHEEL LOADER,,6967,,1
1DX725BXTXL965036,2020-06-27,OEM A,OEM A WL700K,CONSTRUCTION,WHEEL LOADER,2016-02-09,1368,75265,1
1AX937IGGPT600301,2016-03-19,OEM A,OEM A BL410,CONSTRUCTION,BACKHOE LOADER,,7776,,1
1FX406TUDBX370690,2019-04-29,OEM A,OEM A SM650,FORESTRY,SWING MACHINE,2017-10-06,2648,,1
1DX350OFCPR159437,2020-01-30,OEM A,OEM A MG410,CONSTRUCTION,MOTOR GRADER,2018-06-17,4919,,1
1FX259RPTIU732600,2017-02-08,OEM A,OEM A SK410,FORESTRY,SKIDDER,2018-05-13,1693,,1
1DX766GJPKJ422895,2012-07-16,OEM A,OEM A MG410,CONSTRUCTION,MOTOR GRADER,2017-04-21,1802,,1
1EX107CHAQK505265,2019-11-12,OEM A,OEM A TH210,FORESTRY,HARVESTER,2020-06-06,3069,,1
1DX072MNXDY120354,2012-04-08,OEM A,OEM A WL310,CONSTRUCTION,WHEEL LOADER,,3459,,1
1DX777SQVZQ817474,2018-08-17,OEM A,OEM A MG520L,CONSTRUCTION,MOTOR GRADER,2020-02-02,4757,,1
1BX841HPSDY015312,2015-05-17,OEM A,OEM A EX410,CONSTRUCTION,EXCAVATOR,,184,,1
1BX662KULRG883684,2014-08-27,OEM A,OEM A EX410G,CONSTRUCTION,EXCAVATOR,2019-09-17,2603,,1
1DX952OHUWY876998,2014-04-17,OEM A,OEM A WL210,CONSTRUCTION,WHEEL LOADER,2020-02-09,1240,,1
1AX594RGZVR519394,2013-04-01,OEM A,OEM A BL650,CONSTRUCTION,BACKHOE LOADER,,1715,,1
1DX631LVLKR226718,2012-06-09,OEM A,OEM A WL330,CONSTRUCTION,WHEEL LOADER,2017-03-02,7904,47570,1
1DX604FKFMY697225,2018-07-24,OEM A,OEM A MG650,CONSTRUCTION,MOTOR GRADER,2015-10-24,4365,,1
1DX745QCMHC411913,2018-08-06,OEM A,OEM A MG210,CONSTRUCTION,MOTOR GRADER,,24,,1
1EX576PEIZP204064,2019-10-20,OEM A,OEM A WH330G,FORESTRY,HARVESTER,2019-03-20,5706,,1
1DX899XEOYT314085,2017-07-19,OEM A,OEM A WL250L,CONSTRUCTION,WHEEL LOADER,2015-04-30,3860,77756,1
1BX004YLWFX186323,2015-02-07,OEM A,OEM A EX210,CONSTRUCTION,EXCAVATOR,2016-02-23,2679,,1
1AX896LDFQH170663,2019-12-22,OEM A,OEM A BL310,CONSTRUCTION,BACKHOE LOADER,,867,,1
1DX708SAGNO420203,2016-02-14,OEM A,OEM A MG650,CONSTRUCTION,MOTOR GRADER,2020-02-02,1044,,1
1FX469RTETX432732,2012-11-09,OEM A,OEM A SK520G,FORESTRY,SKIDDER,2020-03-31,1831,,1
1DX745DNULA555230,2018-05-26,OEM A,OEM A WL310,CONSTRUCTION,WHEEL LOADER,2016-04-10,4347,,1
1DX551DYMQZ880369,2020-05-18,OEM A,OEM A MG310,CONSTRUCTION,MOTOR GRADER,2019-03-06,3802,,1
1DX634SOINZ073333,2011-06-17,OEM A,OEM A MG650K,CONSTRUCTION,MOTOR GRADER,2016-01-12,7755,,1
1DX372ZVOIW720241,2019-01-03,OEM A,OEM A MG310K,CONSTRUCTION,MOTOR GRADER,2015-06-27,7047,51636,1
1EX712LTLRJ662456,2016-10-30,OEM A,OEM A TH650,FORESTRY,HARVESTER,2018-09-22,2867,,1
1FX828UTPIC507166,2011-02-07,OEM A,OEM A SK310,FORESTRY,SKIDDER,,7129,,1
1FX375GDKTJ621145,2020-06-28,OEM A,OEM A SM210,FORESTRY,SWING MACHINE,,7369,,1
1DX254YSXUS265992,2020-09-08,OEM A,OEM A MG410,CONSTRUCTION,MOTOR GRADER,,4562,,1
1AX769YEPXL058564,2019-07-12,OEM A,OEM A BL310,CONSTRUCTION,BACKHOE LOADER,,5669,,1
1DX542LHZNI324380,2020-01-19,OEM A,OEM A MG410,CONSTRUCTION,MOTOR GRADER,2020-07-02,1051,,1
1DX503ZSQHL614281,2016-08-18,OEM A,OEM A MG410K,CONSTRUCTION,MOTOR GRADER,,5968,,1
1BX167QZRDC511677,2020-08-16,OEM A,OEM A EX210,CONSTRUCTION,EXCAVATOR,,2438,,1
1EX193XYKGU295950,2014-09-25,OEM A,OEM A FW310,FORESTRY,FORWARDER,,6197,,1
1DX538NGMJU519285,2011-08-06,OEM A,OEM A WL210,CONSTRUCTION,WHEEL LOADER,,4336,,1
1DX235CYDJJ853385,2016-07-20,OEM A,OEM A MG410,CONSTRUCTION,MOTOR GRADER,,5872,,1
1BX066DOTND480917,2011-04-26,OEM A,OEM A EX410,CONSTRUCTION,EXCAVATOR,,1157,,1
1AX960GOEOT049466,2019-03-21,OEM A,OEM A BL520,CONSTRUCTION,BACKHOE LOADER,,6125,,1
1AX418SBCTW780808,2019-10-28,OEM A,OEM A BL700K,CONSTRUCTION,BACKHOE LOADER,2018-01-23,7285,,1
1DX961YDRCJ797166,2017-07-15,OEM A,OEM A WL210,CONSTRUCTION,WHEEL LOADER,,1465,,1
1DX341NPWXH646227,2015-04-15,OEM A,OEM A MG210,CONSTRUCTION,MOTOR GRADER,2020-05-08,1174,,1
1DX954JABKC555726,2017-06-29,OEM A,OEM A MG410,CONSTRUCTION,MOTOR GRADER,,7805,,1
1AX124EVVWU679597,2020-06-26,OEM A,OEM A BL650,CONSTRUCTION,BACKHOE LOADER,,6468,,1
1DX690GJHFT116906,2017-11-13,OEM A,OEM A MG410K,CONSTRUCTION,MOTOR GRADER,,7968,,1
1DX535BDOON847184,2011-04-12,OEM A,OEM A MG310,CONSTRUCTION,MOTOR GRADER,,3490,,1
1FX577ZCEFK773419,2018-07-12,OEM A,OEM A FB650,FORESTRY,FELLER BUNCHER,2020-04-06,6849,,1
1EX494TSUVT930971,2018-05-15,OEM A,OEM A FW650K,FORESTRY,FORWARDER,,5490,,1
1BX373HXMKG858794,2018-07-06,OEM A,OEM A EX210,CONSTRUCTION,EXCAVATOR,,5162,,1
1AX758SDYTS863328,2019-06-02,OEM A,OEM A BL250L,CONSTRUCTION,BACKHOE LOADER,2018-12-04,6665,,1
1DX191WOXZG402411,2015-08-17,OEM A,OEM A WL210L,CONSTRUCTION,WHEEL LOADER,2016-01-21,3709,,1
1AX619YXQGB913549,2013-08-22,OEM A,OEM A BL410,CONSTRUCTION,BACKHOE LOADER,,8267,,1
1DX641QAEAP269445,2012-01-07,OEM A,OEM A MG410,CONSTRUCTION,MOTOR GRADER,,3151,,1
1DX782GVDMO331983,2015-07-05,OEM A,OEM A MG650,CONSTRUCTION,MOTOR GRADER,,625,,1
1AX946VKNVZ497892,2014-04-29,OEM A,OEM A BL310,CONSTRUCTION,BACKHOE LOADER,2017-12-08,6354,,1
1DX790IMLDU477263,2017-06-21,OEM A,OEM A MG250,CONSTRUCTION,MOTOR GRADER,2016-04-04,7046,,1
1DX046EZOJX232364,2015-10-16,OEM A,OEM A MG650G,CONSTRUCTION,MOTOR GRADER,2019-12-12,6243,52690,1
1EX922RBAZR551090,2018-04-22,OEM A,OEM A WH310,FORESTRY,HARVESTER,,4109,,1
1DX979QAHLV346244,2015-11-06,OEM A,OEM A WL410,CONSTRUCTION,WHEEL LOADER,2017-10-15,8854,,1
1EX754KPIDW460731,2014-02-13,OEM A,OEM A WH210,FORESTRY,HARVESTER,2016-01-17,2902,,1
1AX199JMUZJ222900,2019-09-13,OEM A,OEM A BL700L,CONSTRUCTION,BACKHOE LOADER,2017-08-16,7351,65149,1
1FX195JKEEY368816,2013-07-19,OEM A,OEM A FB310,FORESTRY,FELLER BUNCHER,,7218,,1
1DX068WFCFP413512,2017-04-22,OEM A,OEM A WL650,CONSTRUCTION,WHEEL LOADER,2020-09-16,1612,28208,1
1AX368ZWITY165110,2016-07-26,OEM A,OEM A BL310L,CONSTRUCTION,BACKHOE LOADER,2020-12-05,2587,,1
1DX015EDBYN331445,2020-01-20,OEM A,OEM A MG650,CONSTRUCTION,MOTOR GRADER,,4377,,1
1DX425XIGBY100994,2020-08-04,OEM A,OEM A MG650,CONSTRUCTION,MOTOR GRADER,,4117,,1
1DX085CHKZN455632,2017-06-30,OEM A,OEM A WL650,CONSTRUCTION,WHEEL LOADER,,4610,,1
1DX572GWRWA439760,2020-06-07,OEM A,OEM A MG210,CONSTRUCTION,MOTOR GRADER,2016-10-31,7682,,1
1DX956OKWVR541430,2014-06-09,OEM A,OEM A WL210,CONSTRUCTION,WHEEL LOADER,,1393,,1
1CX722PGQKK900777,2012-08-01,OEM A,OEM A CD410,CONSTRUCTION,BULLDOZER,,7327,,1
1FX601WLNUC490364,2011-05-11,OEM A,OEM A SM410,FORESTRY,SWING MACHINE,,750,,1
1DX019SRHIP805408,2014-06-23,OEM A,OEM A WL650,CONSTRUCTION,WHEEL LOADER,2019-07-05,2692,,1
1FX667QBFDL421343,2017-03-28,OEM A,OEM A FB410K,FORESTRY,FELLER BUNCHER,2020-10-25,697,,1
1DX103OPXKH883557,2011-10-23,OEM A,OEM A WL410,CONSTRUCTION,WHEEL LOADER,,4839,,1
1FX959KYCQF485027,2017-07-24,OEM A,OEM A FB700K,FORESTRY,FELLER BUNCHER,2019-01-19,7084,,1
1DX999ZVJTV453075,2018-04-18,OEM A,OEM A MG700,CONSTRUCTION,MOTOR GRADER,,3058,,1
1DX846QUAEW697045,2019-12-17,OEM A,OEM A MG310,CONSTRUCTION,MOTOR GRADER,2017-01-09,3512,,1
1DX750KVYFL988847,2018-07-18,OEM A,OEM A MG650,CONSTRUCTION,MOTOR GRADER,2019-07-28,8334,,1
1FX324GYTXB818559,2019-01-01,OEM A,OEM A SM310,FORESTRY,SWING MACHINE,,4373,,1
1DX322HLZXB450713,2019-11-30,OEM A,OEM A MG210,CONSTRUCTION,MOTOR GRADER,,8590,,1
1DX581CEUWD077273,2015-07-02,OEM A,OEM A WL700L,CONSTRUCTION,WHEEL LOADER,,3716,52294,1
1AX549OJRSC372625,2014-12-22,OEM A,OEM A BL410,CONSTRUCTION,BACKHOE LOADER,,2619,,1
1DX710EQPPR875395,2014-06-23,OEM A,OEM A WL650,CONSTRUCTION,WHEEL LOADER,2020-01-25,5155,,1
1DX410QTKXI860115,2019-03-18,OEM A,OEM A MG310L,CONSTRUCTION,MOTOR GRADER,2018-09-03,5284,,1
HCM310ZQULV370766,2012-12-28,OEM A,OEM A KB410,FORESTRY,KNUCKLEBOOM,,5778,,1
1DX164KJQOX153684,2012-08-05,OEM A,OEM A MG310G,CONSTRUCTION,MOTOR GRADER,2016-03-18,5885,,1
1DX954JZZMA493986,2013-04-23,OEM A,OEM A MG410,CONSTRUCTION,MOTOR GRADER,,7258,,1
1DX554MJLVX919498,2015-10-12,OEM A,OEM A MG310,CONSTRUCTION,MOTOR GRADER,,6661,,1
1DX607PRFRM692451,2013-08-02,OEM A,OEM A MG410,CONSTRUCTION,MOTOR GRADER,2016-05-28,3220,,1
1BX682SHKRJ537479,2016-01-19,OEM A,OEM A EX210,CONSTRUCTION,EXCAVATOR,,5075,,1
1DX177VUDJX144615,2014-12-28,OEM A,OEM A MG310,CONSTRUCTION,MOTOR GRADER,,6580,,1
1AX494FNTJN785416,2017-01-29,OEM A,OEM A BL650,CONSTRUCTION,BACKHOE LOADER,,1359,,1
1AX204QRJUZ646617,2016-11-27,OEM A,OEM A BL310,CONSTRUCTION,BACKHOE LOADER,,731,,1
1EX972TRQJQ756857,2020-09-11,OEM A,OEM A TH650,FORESTRY,HARVESTER,,2433,,1
1AX045TMWNJ798976,2020-11-13,OEM A,OEM A BL210,CONSTRUCTION,BACKHOE LOADER,,7885,,1
1DX437KVIBQ568881,2013-06-08,OEM A,OEM A WL210,CONSTRUCTION,WHEEL LOADER,,7700,,1
1DX300TOMSM232373,2020-10-22,OEM A,OEM A WL210,CONSTRUCTION,WHEEL LOADER,2016-11-03,5237,,1
1DX365UTEYL668017,2013-10-05,OEM A,OEM A WL210,CONSTRUCTION,WHEEL LOADER,,613,,1
1FX872QZYGK592800,2014-08-24,OEM A,OEM A SM410,FORESTRY,SWING MACHINE,2018-01-30,7261,,1
1AX409ZDOZE130286,2014-01-04,OEM A,OEM A BL310,CONSTRUCTION,BACKHOE LOADER,,8145,,1
1AX922ACNWW988602,2018-05-10,OEM A,OEM A BL410,CONSTRUCTION,BACKHOE LOADER,,883,,1
1FX868UNBYT096326,2016-09-10,OEM A,OEM A SM310,FORESTRY,SWING MACHINE,2018-12-15,3876,,1
1CX363GEBXB441731,2019-11-07,OEM A,OEM A CD310,CONSTRUCTION,BULLDOZER,,7795,,1
1EX254EXIEK902242,2011-03-30,OEM A,OEM A WH410,FORESTRY,HARVESTER,2019-02-03,2882,,1
1DX014SLFID350249,2020-08-19,OEM A,OEM A MG310,CONSTRUCTION,MOTOR GRADER,,139,,1
1AX116EFCYX925055,2017-10-05,OEM A,OEM A BL210,CONSTRUCTION,BACKHOE LOADER,,3144,,1
1DX461JHCRD869744,2019-11-23,OEM A,OEM A WL210,CONSTRUCTION,WHEEL LOADER,,8681,,1
1EX899IUWHH121753,2018-03-16,OEM A,OEM A FW410K,FORESTRY,FORWARDER,2019-12-14,2818,,1
1DX923DPGGX768805,2013-09-02,OEM A,OEM A WL410,CONSTRUCTION,WHEEL LOADER,,8974,,1
1FX443ALTAI444017,2016-10-11,OEM A,OEM A SK310,FORESTRY,SKIDDER,2020-01-15,6028,,1
1EX584IIAYO458298,2015-08-14,OEM A,OEM A FW410,FORESTRY,FORWARDER,,862,,1
1EX026NDAGY732880,2015-08-31,OEM A,OEM A WH700G,FORESTRY,HARVESTER,2019-08-07,5911,,1
1BX170OTUHO393193,2015-07-18,OEM A,OEM A EX650,CONSTRUCTION,EXCAVATOR,2019-11-11,7679,,1
1DX022QGXQY695519,2020-04-15,OEM A,OEM A WL210,CONSTRUCTION,WHEEL LOADER,,4007,,1
1DX533RDBOB077317,2020-03-22,OEM A,OEM A WL310,CONSTRUCTION,WHEEL LOADER,2019-12-10,2813,,1
1DX651TELNN294718,2016-02-04,OEM A,OEM A WL310,CONSTRUCTION,WHEEL LOADER,2018-08-22,3913,,1
1AX297HRVVV133722,2019-04-24,OEM A,OEM A BL250K,CONSTRUCTION,BACKHOE LOADER,,3978,,1
1EX984QLLZJ477694,2018-05-18,OEM A,OEM A WH410,FORESTRY,HARVESTER,,6612,,1
1DX151CWMTM833543,2020-04-27,OEM A,OEM A MG650K,CONSTRUCTION,MOTOR GRADER,2017-07-26,7317,,1
1DX732WDMGJ738249,2011-03-11,OEM A,OEM A MG650,CONSTRUCTION,MOTOR GRADER,,8513,,1
1AX487GDMMW364056,2011-02-28,OEM A,OEM A BL210,CONSTRUCTION,BACKHOE LOADER,2016-04-26,8012,,1
1FX295XBMZH587007,2015-09-02,OEM A,OEM A SK210,FORESTRY,SKIDDER,,4506,,1
1FX297TXXPZ979337,2019-10-19,OEM A,OEM A SM410,FORESTRY,SWING MACHINE,,2136,,1
1EX145KANWI333242,2014-08-07,OEM A,OEM A FW210,FORESTRY,FORWARDER,,6464,,1
1DX700FUTAZ527512,2011-03-28,OEM A,OEM A MG210,CONSTRUCTION,MOTOR GRADER,2020-06-16,4839,,1
1EX042HLENW065257,2015-04-19,OEM A,OEM A WH210K,FORESTRY,HARVESTER,2020-07-23,2903,,1
1FX178MJROT020568,2014-05-09,OEM A,OEM A SK210,FORESTRY,SKIDDER,,436,,1
1DX050KFMZK674781,2012-10-20,OEM A,OEM A WL210,CONSTRUCTION,WHEEL LOADER,,4101,,1
1DX089GYOES390183,2018-02-06,OEM A,OEM A WL700L,CONSTRUCTION,WHEEL LOADER,2019-03-14,2429,,1
1EX040VQMKF837365,2019-07-01,OEM A,OEM A WH210,FORESTRY,HARVESTER,2019-03-04,8621,,1
1DX566LVBLJ978311,2016-08-12,OEM A,OEM A WL210,CONSTRUCTION,WHEEL LOADER,2016-01-03,3772,,1
1DX432VDWHL746427,2019-03-11,OEM A,OEM A WL310,CONSTRUCTION,WHEEL LOADER,2017-05-29,2948,,1
1EX258TBHFI616875,2012-08-31,OEM A,OEM A WH520G,FORESTRY,HARVESTER,2016-05-28,124,,1
1AX318TCGFU855562,2018-03-26,OEM A,OEM A BL650,CONSTRUCTION,BACKHOE LOADER,,415,,1
1DX290TMLDJ652703,2011-03-12,OEM A,OEM A MG650,CONSTRUCTION,MOTOR GRADER,,3776,,1
1DX212SCWSE661994,2016-12-02,OEM A,OEM A MG310L,CONSTRUCTION,MOTOR GRADER,2015-03-14,3418,29076,1
1FX215RYXKH792567,2012-03-20,OEM A,OEM A SK210,FORESTRY,SKIDDER,2019-05-27,1810,,1
1BX425BCZHF131539,2012-04-27,OEM A,OEM A EX310,CONSTRUCTION,EXCAVATOR,,390,,1
1DX872CKFTW246310,2011-10-24,OEM A,OEM A MG410,CONSTRUCTION,MOTOR GRADER,2019-02-18,1183,,1
1AX097ARNPU264518,2017-07-22,OEM A,OEM A BL410,CONSTRUCTION,BACKHOE LOADER,2018-12-06,6709,,1
1FX410JJCUJ553266,2017-10-23,OEM A,OEM A SK700,FORESTRY,SKIDDER,2018-08-17,5798,,1
1AX946TEBZM144979,2016-11-19,OEM A,OEM A BL250,CONSTRUCTION,BACKHOE LOADER,2016-07-25,231,77841,1
1DX257AMKGQ910765,2012-03-30,OEM A,OEM A WL410,CONSTRUCTION,WHEEL LOADER,,6065,,1
1DX414XXVOQ052851,2012-09-05,OEM A,OEM A MG310,CONSTRUCTION,MOTOR GRADER,2017-10-08,216,,1
1DX186BJYQC398338,2017-03-02,OEM A,OEM A MG210,CONSTRUCTION,MOTOR GRADER,,8509,,1
1DX336DTEXR999523,2018-04-24,OEM A,OEM A WL330,CONSTRUCTION,WHEEL LOADER,2017-03-31,1013,,1
1FX440HIIYU550012,2015-07-25,OEM A,OEM A FB210,FORESTRY,FELLER BUNCHER,,6202,,1
1DX201REUKG769145,2019-02-01,OEM A,OEM A WL210L,CONSTRUCTION,WHEEL LOADER,,6821,,1
1DX074EAFSK682077,2011-10-05,OEM A,OEM A WL310,CONSTRUCTION,WHEEL LOADER,2016-01-04,1677,,1
1DX760HOFRJ039082,2018-01-17,OEM A,OEM A WL330G,CONSTRUCTION,WHEEL LOADER,2015-04-15,4536,,1
1AX589HXYQI799673,2012-01-02,OEM A,OEM A BL650,CONSTRUCTION,BACKHOE LOADER,,3524,,1
1FX092KYFCQ963420,2020-12-12,OEM A,OEM A SK650,FORESTRY,SKIDDER,2019-06-17,5781,,1
1EX614FSZMS503658,2012-12-22,OEM A,OEM A FW210,FORESTRY,FORWARDER,,4456,,1
1DX794KXKBQ610317,2017-09-23,OEM A,OEM A WL310G,CONSTRUCTION,WHEEL LOADER,2018-12-03,6313,3598,1
1DX964RBEDD733657,2016-04-07,OEM A,OEM A MG210,CONSTRUCTION,MOTOR GRADER,,4575,,1
1EX124WGECD390828,2018-01-26,OEM A,OEM A WH210,FORESTRY,HARVESTER,2020-04-26,8581,,1
1AX922BPPBF818987,2019-07-15,OEM A,OEM A BL210,CONSTRUCTION,BACKHOE LOADER,,7877,,1
1DX433TBVYE351789,2017-10-24,OEM A,OEM A MG650G,CONSTRUCTION,MOTOR GRADER,2016-02-02,7012,32584,1
1DX773OWAWT026180,2016-04-02,OEM A,OEM A MG410,CONSTRUCTION,MOTOR GRADER,,4736,,1
1AX013FCDKS940790,2018-11-18,OEM A,OEM A BL650,CONSTRUCTION,BACKHOE LOADER,2018-04-05,184,,1
1DX349FQCZV683339,2018-05-01,OEM A,OEM A WL650L,CONSTRUCTION,WHEEL LOADER,,1357,25865,1
1EX578PIBUP010261,2014-06-09,OEM A,OEM A FW310,FORESTRY,FORWARDER,2018-03-26,7026,,1
1EX261VWHRZ033587,2017-05-04,OEM A,OEM A WH410,FORESTRY,HARVESTER,,4850,,1
HCM953SSHDV345070,2012-08-05,OEM A,OEM A KB210,FORESTRY,KNUCKLEBOOM,,8152,,1
1AX607SCTZO566539,2014-09-21,OEM A,OEM A BL310,CONSTRUCTION,BACKHOE LOADER,2020-07-26,4199,,1
1DX687IXQQS218820,2018-07-26,OEM A,OEM A MG210,CONSTRUCTION,MOTOR GRADER,,1849,,1
1EX327UZWOF728241,2020-02-04,OEM A,OEM A TH650,FORESTRY,HARVESTER,2016-03-11,210,,1
1EX337ZEIMN213665,2015-03-26,OEM A,OEM A WH650,FORESTRY,HARVESTER,2018-07-14,1375,,1
1AX011USRRR004879,2015-12-14,OEM A,OEM A BL310G,CONSTRUCTION,BACKHOE LOADER,,1501,74967,1
1AX125XLHIE724106,2015-06-26,OEM A,OEM A BL410L,CONSTRUCTION,BACKHOE LOADER,2020-02-06,4264,,1
1DX080DTREF122636,2017-12-16,OEM A,OEM A WL210,CONSTRUCTION,WHEEL LOADER,2019-09-30,4475,,1
1AX468BOKBV604906,2016-06-02,OEM A,OEM A BL410,CONSTRUCTION,BACKHOE LOADER,,8603,,1
1BX609MCWFN323063,2018-01-18,OEM A,OEM A EX310,CONSTRUCTION,EXCAVATOR,,5225,,1
1EX520AWLNY655874,2013-10-02,OEM A,OEM A WH410,FORESTRY,HARVESTER,,7090,,1
1AX576CGKKK574897,2013-03-21,OEM A,OEM A BL210,CONSTRUCTION,BACKHOE LOADER,2016-08-07,6442,,1
1EX849JMASK878779,2020-11-20,OEM A,OEM A WH310,FORESTRY,HARVESTER,2018-06-20,4895,,1
1DX951PJSDC715818,2018-12-24,OEM A,OEM A MG330G,CONSTRUCTION,MOTOR GRADER,,8924,,1
1DX471WKTLJ681361,2013-03-11,OEM A,OEM A WL310,CONSTRUCTION,WHEEL LOADER,2018-08-24,5217,,1
1FX403EHEVJ243941,2019-09-28,OEM A,OEM A SK520K,FORESTRY,SKIDDER,2019-03-26,39,,1
1BX556DCSLV990950,2016-07-21,OEM A,OEM A EX250G,CONSTRUCTION,EXCAVATOR,2016-08-10,5125,,1
1AX510ANLYQ561704,2017-07-15,OEM A,OEM A BL700,CONSTRUCTION,BACKHOE LOADER,,7174,,1
1DX168YUUYG500936,2017-10-21,OEM A,OEM A WL310K,CONSTRUCTION,WHEEL LOADER,2018-03-06,2450,71319,1
1DX594WHLSR660049,2012-08-29,OEM A,OEM A MG310L,CONSTRUCTION,MOTOR GRADER,2019-02-13,7801,,1
1AX020YQKLS385152,2019-08-16,OEM A,OEM A BL310,CONSTRUCTION,BACKHOE LOADER,2019-09-12,5049,,1
1CX954NSCEE573967,2017-08-28,OEM A,OEM A CD310,CONSTRUCTION,BULLDOZER,2017-01-11,4831,,1
1DX455XTGJP470748,2018-10-08,OEM A,OEM A MG650,CONSTRUCTION,MOTOR GRADER,2019-12-08,5964,,1
1EX602TTOUY000882,2019-11-19,OEM A,OEM A FW650,FORESTRY,FORWARDER,2016-11-03,2898,,1
1FX331AYYUZ340380,2011-07-27,OEM A,OEM A SM650,FORESTRY,SWING MACHINE,2019-06-17,2439,,1
1CX009JOBOK525818,2018-08-25,OEM A,OEM A CD310,CONSTRUCTION,BULLDOZER,,8842,,1
1DX301ZSMWR137538,2016-09-30,OEM A,OEM A MG210,CONSTRUCTION,MOTOR GRADER,,2201,,1
1DX659LJPXV337265,2014-01-19,OEM A,OEM A MG410,CONSTRUCTION,MOTOR GRADER,,5120,,1
1DX336IIYKS419266,2018-10-03,OEM A,OEM A MG650,CONSTRUCTION,MOTOR GRADER,,5128,,1
1FX102VWRIG553737,2012-08-09,OEM A,OEM A SK310,FORESTRY,SKIDDER,,4088,,1
1DX067DZABK605849,2013-03-26,OEM A,OEM A MG410,CONSTRUCTION,MOTOR GRADER,,6564,,1
1FX365VJMKE485481,2019-12-17,OEM A,OEM A SK210,FORESTRY,SKIDDER,2017-05-09,2017,,1
1AX015POSGZ814781,2017-09-19,OEM A,OEM A BL250K,CONSTRUCTION,BACKHOE LOADER,2018-11-10,8529,,1
1DX884KVTXJ396729,2015-12-16,OEM A,OEM A MG330G,CONSTRUCTION,MOTOR GRADER,2020-08-02,6650,21820,1
1DX245BGBOM403823,2015-09-04,OEM A,OEM A MG310,CONSTRUCTION,MOTOR GRADER,,6200,,1
1DX529OFTWB251224,2018-06-17,OEM A,OEM A WL210G,CONSTRUCTION,WHEEL LOADER,2016-07-13,964,,1
1DX083XHKHL633747,2015-11-24,OEM A,OEM A WL410,CONSTRUCTION,WHEEL LOADER,2016-12-09,157,,1
1EX817CYECK172933,2011-08-06,OEM A,OEM A WH310,FORESTRY,HARVESTER,2019-02-04,3999,,1
1DX263ENHLH718431,2018-08-08,OEM A,OEM A WL210L,CONSTRUCTION,WHEEL LOADER,,5987,,1
1BX070MNGXV974939,2012-03-05,OEM A,OEM A EX210,CONSTRUCTION,EXCAVATOR,2016-01-27,969,,1
1EX675NRLAU139965,2019-10-26,OEM A,OEM A FW650L,FORESTRY,FORWARDER,,3117,,1
1DX694WXEBS415762,2012-07-18,OEM A,OEM A MG650,CONSTRUCTION,MOTOR GRADER,,5213,,1
1DX463IRLDH210256,2011-05-04,OEM A,OEM A WL650,CONSTRUCTION,WHEEL LOADER,,2516,,1
1EX682YFRIL950562,2015-01-06,OEM A,OEM A TH310,FORESTRY,HARVESTER,,6453,,1
1DX631GIKXP172078,2018-02-14,OEM A,OEM A MG410,CONSTRUCTION,MOTOR GRADER,2016-03-16,6453,,1
1EX751NMAXR679476,2016-08-19,OEM A,OEM A FW700K,FORESTRY,FORWARDER,2019-05-25,5036,,1
1AX715TSDBY640374,2015-08-08,OEM A,OEM A BL310,CONSTRUCTION,BACKHOE LOADER,,8872,,1
1DX801SMTSD347586,2014-05-18,OEM A,OEM A MG310,CONSTRUCTION,MOTOR GRADER,,5331,,1
1AX085RNFPQ911299,2017-03-01,OEM A,OEM A BL520K,CONSTRUCTION,BACKHOE LOADER,2018-02-26,1326,,1
1DX335LQSHO625355,2016-10-04,OEM A,OEM A WL410,CONSTRUCTION,WHEEL LOADER,2019-04-06,6169,,1
1AX252JLBCT680169,2019-01-02,OEM A,OEM A BL310,CONSTRUCTION,BACKHOE LOADER,,3895,,1
1FX147SPKSZ119052,2017-12-23,OEM A,OEM A SM310K,FORESTRY,SWING MACHINE,2020-04-12,8916,,1
1AX588WQVCY841142,2014-09-08,OEM A,OEM A BL410,CONSTRUCTION,BACKHOE LOADER,,3013,,1
1AX008PRSGQ155037,2015-02-07,OEM A,OEM A BL650,CONSTRUCTION,BACKHOE LOADER,2018-02-13,7129,,1
1DX342XRNAL893679,2015-03-19,OEM A,OEM A MG210,CONSTRUCTION,MOTOR GRADER,2017-08-27,4334,,1
1DX530HJKRZ415223,2012-09-06,OEM A,OEM A MG650,CONSTRUCTION,MOTOR GRADER,2018-12-27,343,,1
1EX649DWWYH996892,2014-03-28,OEM A,OEM A WH210,FORESTRY,HARVESTER,2018-10-25,2222,,1
1AX505JZKVQ678928,2015-11-27,OEM A,OEM A BL650,CONSTRUCTION,BACKHOE LOADER,,5002,,1
1DX141CYHOQ966127,2020-01-15,OEM A,OEM A WL650,CONSTRUCTION,WHEEL LOADER,,202,,1
1EX871GPRUD759711,2019-01-14,OEM A,OEM A WH310,FORESTRY,HARVESTER,2016-03-30,8296,,1
1FX657BXFNN705760,2014-01-17,OEM A,OEM A SM330G,FORESTRY,SWING MACHINE,2019-04-22,6481,,1
1AX066EXMLK161763,2017-04-12,OEM A,OEM A BL650K,CONSTRUCTION,BACKHOE LOADER,2018-04-02,8334,,1
1FX833JESFH951097,2018-09-26,OEM A,OEM A SM310G,FORESTRY,SWING MACHINE,2019-02-01,5395,,1
1EX796PBDZP600533,2020-10-07,OEM A,OEM A WH650,FORESTRY,HARVESTER,,650,,1
1EX440IDRIX018083,2015-03-19,OEM A,OEM A TH310,FORESTRY,HARVESTER,,5799,,1
1DX461HNGWF355565,2017-02-04,OEM A,OEM A MG520K,CONSTRUCTION,MOTOR GRADER,,7274,,1
1DX418ACWYC847738,2016-07-17,OEM A,OEM A MG410,CONSTRUCTION,MOTOR GRADER,,2653,,1
1BX760ZOCAM167878,2016-05-27,OEM A,OEM A EX650,CONSTRUCTION,EXCAVATOR,2016-11-02,4463,,1
1EX793OFBYG550052,2017-05-31,OEM A,OEM A WH250,FORESTRY,HARVESTER,2020-07-30,3418,,1
1AX151KMUEC561758,2015-06-27,OEM A,OEM A BL210,CONSTRUCTION,BACKHOE LOADER,,3839,,1
1DX789TTQNR556984,2018-07-12,OEM A,OEM A MG310L,CONSTRUCTION,MOTOR GRADER,2018-04-05,1484,53257,1
1FX842CUJDP330193,2014-06-28,OEM A,OEM A SM310,FORESTRY,SWING MACHINE,,8886,,1
1AX799SFMZB996114,2012-04-01,OEM A,OEM A BL650,CONSTRUCTION,BACKHOE LOADER,,3975,,1
1EX713HHRHD142999,2012-03-24,OEM A,OEM A WH210,FORESTRY,HARVESTER,2019-10-20,1746,,1
1AX782SBMFT895805,2012-03-31,OEM A,OEM A BL210,CONSTRUCTION,BACKHOE LOADER,,2733,,1
1FX385ZTSUA728997,2015-12-03,OEM A,OEM A SM310,FORESTRY,SWING MACHINE,,7861,,1
1AX908EPYUE960020,2018-06-21,OEM A,OEM A BL210,CONSTRUCTION,BACKHOE LOADER,,3697,,1
1DX774FZWMW301820,2011-01-16,OEM A,OEM A MG310,CONSTRUCTION,MOTOR GRADER,,4939,,1
1DX823DMCAT962371,2013-09-17,OEM A,OEM A MG650,CONSTRUCTION,MOTOR GRADER,2018-05-05,768,,1
1FX975CFRGY507006,2016-08-02,OEM A,OEM A FB410,FORESTRY,FELLER BUNCHER,,3034,,1
1FX564DYDJW897620,2011-10-17,OEM A,OEM A SM410,FORESTRY,SWING MACHINE,,6407,,1
1DX594MAQHC750234,2014-08-15,OEM A,OEM A WL410,CONSTRUCTION,WHEEL LOADER,2019-01-08,8480,,1
1FX137METSP669095,2019-08-26,OEM A,OEM A SM310G,FORESTRY,SWING MACHINE,2020-03-19,3398,,1
1BX461TPGOL339932,2019-09-18,OEM A,OEM A EX310,CONSTRUCTION,EXCAVATOR,2015-01-01,6173,,1
1DX508ZXSFB596990,2017-02-05,OEM A,OEM A MG210,CONSTRUCTION,MOTOR GRADER,,874,,1
1AX530CQCCE966879,2011-02-23,OEM A,OEM A BL210,CONSTRUCTION,BACKHOE LOADER,2018-12-21,3846,,1
1AX393XSZNQ812646,2014-12-30,OEM A,OEM A BL410,CONSTRUCTION,BACKHOE LOADER,,149,,1
1DX307AHBZK942473,2019-03-05,OEM A,OEM A MG650,CONSTRUCTION,MOTOR GRADER,,7319,73046,1
1FX117MGWTZ854087,2017-07-21,OEM A,OEM A FB250G,FORESTRY,FELLER BUNCHER,,6096,,1
1DX871KJMSZ097426,2016-07-10,OEM A,OEM A WL410,CONSTRUCTION,WHEEL LOADER,,7857,,1
1DX655XRNYI520075,2017-02-06,OEM A,OEM A WL410,CONSTRUCTION,WHEEL LOADER,,8148,,1
1EX683IDXAN794720,2017-10-27,OEM A,OEM A WH650,FORESTRY,HARVESTER,,1017,,1
1AX638LYIKB196498,2020-07-07,OEM A,OEM A BL410,CONSTRUCTION,BACKHOE LOADER,2017-06-14,4998,,1
1DX648OBGZM864791,2016-12-24,OEM A,OEM A WL210,CONSTRUCTION,WHEEL LOADER,2017-01-08,7272,,1
1FX362DIAEG933267,2018-06-23,OEM A,OEM A SK650K,FORESTRY,SKIDDER,,8065,,1
1AX546DJIKX856202,2014-09-25,OEM A,OEM A BL650,CONSTRUCTION,BACKHOE LOADER,,1657,,1
1DX382GVPSS172361,2016-03-07,OEM A,OEM A MG520K,CONSTRUCTION,MOTOR GRADER,,1423,,1
1DX231RREKI365489,2018-10-23,OEM A,OEM A WL210G,CONSTRUCTION,WHEEL LOADER,,5003,,1
HCM176OJIXK191087,2013-11-14,OEM A,OEM A KB410,FORESTRY,KNUCKLEBOOM,,340,,1
1DX282TTKUS361806,2018-10-25,OEM A,OEM A MG410L,CONSTRUCTION,MOTOR GRADER,,3750,,1
1AX544DBFFB865789,2017-03-16,OEM A,OEM A BL410,CONSTRUCTION,BACKHOE LOADER,2018-03-08,2525,,1
1AX500ZZSNW114104,2015-06-11,OEM A,OEM A BL310K,CONSTRUCTION,BACKHOE LOADER,2015-03-10,5195,,1
1DX702NRVTP362284,2018-12-23,OEM A,OEM A MG650,CONSTRUCTION,MOTOR GRADER,2020-03-06,4956,,1
1AX989YFCYY484029,2018-05-29,OEM A,OEM A BL330L,CONSTRUCTION,BACKHOE LOADER,,5462,,1
1FX496PANDQ046893,2015-02-16,OEM A,OEM A SM650,FORESTRY,SWING MACHINE,2019-12-29,7636,,1
1FX470LUGQB279700,2017-05-29,OEM A,OEM A SM410,FORESTRY,SWING MACHINE,,2045,,1
1EX097VDYSG700855,2015-06-08,OEM A,OEM A TH650,FORESTRY,HARVESTER,,7805,,1
1DX347NYPVV957738,2013-05-27,OEM A,OEM A WL410,CONSTRUCTION,WHEEL LOADER,,6181,,1
1EX457XPTCQ284611,2012-06-05,OEM A,OEM A WH330G,FORESTRY,HARVESTER,2020-10-20,8640,,1
1DX689YWMEW797037,2016-10-24,OEM A,OEM A WL210,CONSTRUCTION,WHEEL LOADER,,6966,,1
1EX733OJVFO928338,2012-08-30,OEM A,OEM A FW210,FORESTRY,FORWARDER,2018-01-22,3594,,1
1EX428NSTUN175273,2019-11-12,OEM A,OEM A TH310,FORESTRY,HARVESTER,,1142,,1
1AX011LYGXA359884,2018-10-04,OEM A,OEM A BL210K,CONSTRUCTION,BACKHOE LOADER,2018-07-18,7441,,1
1DX173MHYMA051416,2019-03-15,OEM A,OEM A WL410,CONSTRUCTION,WHEEL LOADER,,5031,,1
1FX386QKVFF918364,2013-04-30,OEM A,OEM A SK210G,FORESTRY,SKIDDER,2015-09-16,1761,,1
1BX645NGJDK359587,2020-06-20,OEM A,OEM A EX650,CONSTRUCTION,EXCAVATOR,,6177,,1
1DX683OLUZU584457,2019-10-11,OEM A,OEM A WL410,CONSTRUCTION,WHEEL LOADER,2019-02-12,4082,,1
1DX093ZDTMP828359,2014-11-17,OEM A,OEM A WL310,CONSTRUCTION,WHEEL LOADER,2016-04-17,5943,,1
1DX350HZVFP969888,2014-08-07,OEM A,OEM A MG650,CONSTRUCTION,MOTOR GRADER,2019-11-17,5744,,1
1DX776QNDRU960444,2013-10-18,OEM A,OEM A MG330G,CONSTRUCTION,MOTOR GRADER,2019-12-18,2583,41935,1
1DX734DRNGE440125,2020-06-12,OEM A,OEM A MG410,CONSTRUCTION,MOTOR GRADER,,2241,,1
1FX284XIKHB419921,2018-10-18,OEM A,OEM A SK650,FORESTRY,SKIDDER,2017-10-30,6045,,1
1EX266EIGBH925810,2012-02-08,OEM A,OEM A TH310,FORESTRY,HARVESTER,,7585,,1
1FX688MWYYK968369,2019-03-16,OEM A,OEM A SM210,FORESTRY,SWING MACHINE,,1922,,1
1BX375ZJNTX518162,2011-04-18,OEM A,OEM A EX410,CONSTRUCTION,EXCAVATOR,2020-08-20,1887,,1
1AX002RRUJD209356,2018-06-20,OEM A,OEM A BL310,CONSTRUCTION,BACKHOE LOADER,2020-01-09,1945,,1
1FX974LNPHG636688,2013-12-12,OEM A,OEM A SK310,FORESTRY,SKIDDER,,4330,,1
1DX702CSNQG354369,2017-10-25,OEM A,OEM A WL650,CONSTRUCTION,WHEEL LOADER,,3338,,1
1FX872HSKCL677529,2019-04-30,OEM A,OEM A SM310L,FORESTRY,SWING MACHINE,2020-01-12,8025,,1
1EX052SBQYM370637,2018-03-21,OEM A,OEM A TH650,FORESTRY,HARVESTER,,3156,,1
1DX770LEQXI117895,2016-10-10,OEM A,OEM A WL410L,CONSTRUCTION,WHEEL LOADER,2017-04-23,2551,76531,1
1FX728RNRLK076892,2014-01-18,OEM A,OEM A SM650,FORESTRY,SWING MACHINE,2018-09-13,7005,,1
1DX525RNNIE230977,2019-07-17,OEM A,OEM A WL410,CONSTRUCTION,WHEEL LOADER,,3479,,1
1DX868VZNOI457423,2019-12-18,OEM A,OEM A MG310L,CONSTRUCTION,MOTOR GRADER,2018-03-06,459,,1
1DX992XIDCD662126,2012-11-28,OEM A,OEM A MG310,CONSTRUCTION,MOTOR GRADER,,7745,,1
1AX841CAXSX162930,2012-05-25,OEM A,OEM A BL310,CONSTRUCTION,BACKHOE LOADER,2020-03-19,427,,1
1DX219ROHJW013969,2018-06-10,OEM A,OEM A WL410,CONSTRUCTION,WHEEL LOADER,,1019,,1
1EX712LIRDW821381,2017-10-24,OEM A,OEM A TH520,FORESTRY,HARVESTER,2019-12-07,748,,1
1FX989QOHUC655176,2011-11-05,OEM A,OEM A SM210,FORESTRY,SWING MACHINE,,2095,,1
1DX353IRPUP577118,2020-04-01,OEM A,OEM A MG210L,CONSTRUCTION,MOTOR GRADER,2015-10-02,8473,,1
1DX048CMJYW999920,2016-01-13,OEM A,OEM A WL310,CONSTRUCTION,WHEEL LOADER,,7474,,1
1BX309HEOYS660749,2011-01-24,OEM A,OEM A EX310,CONSTRUCTION,EXCAVATOR,,1725,,1
1DX106JDOTX750372,2012-12-25,OEM A,OEM A WL310,CONSTRUCTION,WHEEL LOADER,,8919,,1
1AX750VQQSM837951,2017-09-21,OEM A,OEM A BL330G,CONSTRUCTION,BACKHOE LOADER,,2482,22087,1
1CX334WQZSD809520,2017-12-08,OEM A,OEM A CD650L,CONSTRUCTION,BULLDOZER,2020-10-17,1101,33147,1
1AX141KAXJT128659,2018-05-01,OEM A,OEM A BL210,CONSTRUCTION,BACKHOE LOADER,,3915,,1
1FX558YTDRO042814,2018-07-14,OEM A,OEM A SK410,FORESTRY,SKIDDER,2017-07-16,6853,,1
1AX539IDNSO834240,2012-06-24,OEM A,OEM A BL410,CONSTRUCTION,BACKHOE LOADER,2020-05-28,8360,,1
1DX186ZOTMJ189797,2011-04-29,OEM A,OEM A WL310,CONSTRUCTION,WHEEL LOADER,2019-02-23,6595,,1
1DX725FWXZC392703,2019-09-07,OEM A,OEM A WL520,CONSTRUCTION,WHEEL LOADER,2017-06-17,2418,,1
1EX993EXRPZ075869,2016-06-05,OEM A,OEM A FW210,FORESTRY,FORWARDER,,993,,1
1FX641KYEHZ251085,2014-08-16,OEM A,OEM A SK650,FORESTRY,SKIDDER,,5602,,1
1AX683SMVSH077105,2018-01-12,OEM A,OEM A BL650G,CONSTRUCTION,BACKHOE LOADER,,960,,1
1DX810ULYDL438858,2013-05-13,OEM A,OEM A MG410,CONSTRUCTION,MOTOR GRADER,,2781,,1
1AX929JDJME924620,2020-07-27,OEM A,OEM A BL310,CONSTRUCTION,BACKHOE LOADER,,8088,,1
1DX627GJOAG810377,2013-11-10,OEM A,OEM A WL310,CONSTRUCTION,WHEEL LOADER,,5618,,1
1CX788JFAYP230653,2020-09-21,OEM A,OEM A CD310,CONSTRUCTION,BULLDOZER,,4599,,1
1AX779DCHHA174974,2017-07-27,OEM A,OEM A BL520G,CONSTRUCTION,BACKHOE LOADER,2016-03-07,6305,32651,1
1DX395HMZYV412081,2013-08-14,OEM A,OEM A WL650,CONSTRUCTION,WHEEL LOADER,,6493,,1
1DX032VGVPX709812,2018-11-03,OEM A,OEM A MG520L,CONSTRUCTION,MOTOR GRADER,2015-11-21,3978,,1
1EX620TQVPQ038029,2018-12-06,OEM A,OEM A WH210,FORESTRY,HARVESTER,,991,,1
1EX081ZQVEO660219,2013-08-11,OEM A,OEM A TH650,FORESTRY,HARVESTER,2017-01-20,6895,,1
1FX091PEVTY577728,2017-08-02,OEM A,OEM A SM410,FORESTRY,SWING MACHINE,,2071,,1
1AX458XVLDX937672,2012-03-04,OEM A,OEM A BL410,CONSTRUCTION,BACKHOE LOADER,2018-04-01,1594,,1
1FX204EMGKP753873,2011-06-30,OEM A,OEM A SM210,FORESTRY,SWING MACHINE,,7675,,1
1FX651QJXMF349080,2015-09-19,OEM A,OEM A SM310L,FORESTRY,SWING MACHINE,,1769,,1
1DX179WXYDV320803,2017-04-17,OEM A,OEM A MG650,CONSTRUCTION,MOTOR GRADER,,128,,1
1DX187RDQOP904714,2013-11-29,OEM A,OEM A MG520G,CONSTRUCTION,MOTOR GRADER,2018-02-10,1131,,1
1AX826QGONQ728174,2015-03-27,OEM A,OEM A BL310L,CONSTRUCTION,BACKHOE LOADER,2020-03-24,5318,19764,1
1DX629VLWGT198907,2017-05-09,OEM A,OEM A WL330,CONSTRUCTION,WHEEL LOADER,2015-01-16,6856,12135,1
1BX807DJMCF001681,2013-11-11,OEM A,OEM A EX410,CONSTRUCTION,EXCAVATOR,,2054,,1
1AX454WMJJI717146,2015-09-18,OEM A,OEM A BL210,CONSTRUCTION,BACKHOE LOADER,,6018,,1
1DX591DUDGN194856,2016-09-29,OEM A,OEM A MG650G,CONSTRUCTION,MOTOR GRADER,,1590,,1
1DX498JXMRB090390,2013-10-11,OEM A,OEM A MG210,CONSTRUCTION,MOTOR GRADER,,5676,,1
1DX268LUIEH675220,2018-06-16,OEM A,OEM A MG650,CONSTRUCTION,MOTOR GRADER,,5856,,1
1FX231CBWEB018999,2015-07-09,OEM A,OEM A SK410,FORESTRY,SKIDDER,2016-06-10,6942,,1
1EX882OYPVU961136,2018-09-04,OEM A,OEM A TH310L,FORESTRY,HARVESTER,2020-10-10,6921,,1
1AX664NJBZV411230,2016-01-05,OEM A,OEM A BL520,CONSTRUCTION,BACKHOE LOADER,,7430,,1
1AX823ZHJSR840923,2020-12-09,OEM A,OEM A BL250L,CONSTRUCTION,BACKHOE LOADER,2019-07-26,5687,,1
1DX343GXVVI806526,2019-09-02,OEM A,OEM A WL210,CONSTRUCTION,WHEEL LOADER,2016-12-24,6826,,1
1DX711IZBCX129761,2012-06-06,OEM A,OEM A WL650,CONSTRUCTION,WHEEL LOADER,2018-11-24,4565,,1
1CX468CTXUJ209607,2016-08-11,OEM A,OEM A CD250,CONSTRUCTION,BULLDOZER,,8111,22397,1
1EX179WUHVW945274,2018-12-28,OEM A,OEM A FW210,FORESTRY,FORWARDER,,2777,,1
1EX051YOXKQ776486,2018-10-17,OEM A,OEM A FW650K,FORESTRY,FORWARDER,2020-11-12,2922,,1
1FX713KLZCA659373,2014-05-14,OEM A,OEM A SM210,FORESTRY,SWING MACHINE,,3281,,1
1EX405XQLJY458119,2015-02-11,OEM A,OEM A WH310K,FORESTRY,HARVESTER,2018-01-20,7358,,1
1FX417KGJDZ940571,2018-10-28,OEM A,OEM A FB410,FORESTRY,FELLER BUNCHER,,3967,,1
1DX265OAABI391082,2018-05-23,OEM A,OEM A WL310,CONSTRUCTION,WHEEL LOADER,,1096,,1
1DX855ELMQV167401,2013-10-31,OEM A,OEM A MG410,CONSTRUCTION,MOTOR GRADER,,3807,,1
1DX805AUWMM561574,2011-12-29,OEM A,OEM A MG410,CONSTRUCTION,MOTOR GRADER,,7661,,1
1DX403ERCKJ160463,2017-01-24,OEM A,OEM A WL330G,CONSTRUCTION,WHEEL LOADER,2016-05-27,2393,23291,1
1DX063QXFAO608728,2017-05-06,OEM A,OEM A MG410,CONSTRUCTION,MOTOR GRADER,,432,,1
1AX069VYKUU950944,2016-01-29,OEM A,OEM A BL410,CONSTRUCTION,BACKHOE LOADER,,4487,,1
1DX308JPUXX761057,2016-08-17,OEM A,OEM A WL310,CONSTRUCTION,WHEEL LOADER,2018-07-30,4121,,1
1DX651ZITAV931494,2018-12-15,OEM A,OEM A MG520K,CONSTRUCTION,MOTOR GRADER,2018-02-09,6989,,1
1DX630AQVJI024776,2018-09-26,OEM A,OEM A MG410,CONSTRUCTION,MOTOR GRADER,2016-02-10,8412,,1
1FX483WYOFJ172514,2014-09-28,OEM A,OEM A SK410,FORESTRY,SKIDDER,,3130,,1
1DX547SSYOC667060,2012-03-13,OEM A,OEM A MG650,CONSTRUCTION,MOTOR GRADER,2016-02-02,2315,,1
1DX432VJUHC221422,2019-04-02,OEM A,OEM A WL520K,CONSTRUCTION,WHEEL LOADER,2018-01-19,5606,,1
1DX916VMMWU817634,2013-08-18,OEM A,OEM A WL650,CONSTRUCTION,WHEEL LOADER,,1884,,1
1DX411ZGJSH407866,2018-02-13,OEM A,OEM A WL520L,CONSTRUCTION,WHEEL LOADER,2017-11-06,8801,30191,1
1DX239FLWZM305875,2020-06-22,OEM A,OEM A WL310,CONSTRUCTION,WHEEL LOADER,,8860,,1
1DX242CWPRY406565,2017-03-08,OEM A,OEM A WL650,CONSTRUCTION,WHEEL LOADER,2020-02-05,1039,,1
1FX931WGLBC456671,2019-03-26,OEM A,OEM A SK310,FORESTRY,SKIDDER,,6943,,1
1EX902SBPOK865857,2011-05-23,OEM A,OEM A FW310,FORESTRY,FORWARDER,,7534,,1
1DX092BBUQQ842337,2015-07-22,OEM A,OEM A WL310,CONSTRUCTION,WHEEL LOADER,2018-12-30,8870,,1
1DX181FFHCB681994,2018-03-16,OEM A,OEM A MG410,CONSTRUCTION,MOTOR GRADER,,5682,27569,1
1AX532WCBOC039338,2011-11-13,OEM A,OEM A BL310,CONSTRUCTION,BACKHOE LOADER,,6402,,1
1EX061LVCMU853228,2014-09-05,OEM A,OEM A FW410,FORESTRY,FORWARDER,2018-02-27,6818,,1
1EX068UPUCQ997776,2013-11-06,OEM A,OEM A TH650,FORESTRY,HARVESTER,2018-07-22,8746,,1
1AX471PTFCB601539,2012-01-21,OEM A,OEM A BL410,CONSTRUCTION,BACKHOE LOADER,,4035,,1
1DX270CSXUX438656,2014-01-24,OEM A,OEM A MG210,CONSTRUCTION,MOTOR GRADER,2018-12-25,4060,,1
1DX416JENQC900398,2018-01-24,OEM A,OEM A WL210,CONSTRUCTION,WHEEL LOADER,2017-06-10,5860,,1
1DX874WUHEK830502,2015-09-27,OEM A,OEM A MG310,CONSTRUCTION,MOTOR GRADER,,5011,,1
1EX410DMOGJ242563,2016-04-15,OEM A,OEM A TH410,FORESTRY,HARVESTER,2020-04-02,5004,,1
1DX428LOSVR876810,2017-10-09,OEM A,OEM A WL650,CONSTRUCTION,WHEEL LOADER,2017-09-15,5861,,1
1DX483QMNEL435223,2015-09-17,OEM A,OEM A MG410,CONSTRUCTION,MOTOR GRADER,,8183,,1
1DX902HDDNS396207,2018-01-14,OEM A,OEM A MG650,CONSTRUCTION,MOTOR GRADER,,7487,,1
1EX555PCJIP928449,2012-04-25,OEM A,OEM A TH650,FORESTRY,HARVESTER,,3652,,1
1EX126YYXQQ679664,2019-09-14,OEM A,OEM A FW650,FORESTRY,FORWARDER,2017-06-30,704,,1
1AX946LKUIE350029,2018-01-06,OEM A,OEM A BL410,CONSTRUCTION,BACKHOE LOADER,,743,,1
1DX805OCQWB198735,2018-03-13,OEM A,OEM A MG650,CONSTRUCTION,MOTOR GRADER,2016-02-02,6495,,1
1DX026NMSFN398021,2018-01-19,OEM A,OEM A MG410L,CONSTRUCTION,MOTOR GRADER,,3691,37645,1
1BX634VVASF846741,2013-10-10,OEM A,OEM A EX310,CONSTRUCTION,EXCAVATOR,,8233,,1
1DX183GLWRQ289704,2014-09-18,OEM A,OEM A MG410,CONSTRUCTION,MOTOR GRADER,,628,,1
1EX726OEGGK205890,2011-06-18,OEM A,OEM A FW650,FORESTRY,FORWARDER,2019-12-15,8545,,1
1CX549IPSIJ411889,2012-07-17,OEM A,OEM A CD210,CONSTRUCTION,BULLDOZER,,1579,,1
1DX618YXYOE333563,2016-02-26,OEM A,OEM A MG310K,CONSTRUCTION,MOTOR GRADER,2016-04-05,4889,,1
1DX284NXDBQ311497,2016-11-12,OEM A,OEM A WL410,CONSTRUCTION,WHEEL LOADER,,923,,1
1DX152YSVEO706248,2011-07-19,OEM A,OEM A WL410,CONSTRUCTION,WHEEL LOADER,2019-09-23,6747,,1
1DX727KTNWM478710,2015-08-16,OEM A,OEM A MG250G,CONSTRUCTION,MOTOR GRADER,2016-01-07,6710,65637,1
1EX561ZTIUE913303,2015-10-07,OEM A,OEM A FW250G,FORESTRY,FORWARDER,2019-12-25,2241,,1
1EX489FFVVE704569,2013-02-04,OEM A,OEM A WH310,FORESTRY,HARVESTER,,1140,,1
1AX716PTUCZ082525,2011-06-24,OEM A,OEM A BL310,CONSTRUCTION,BACKHOE LOADER,2016-06-08,345,,1
1AX210METCY094480,2019-05-30,OEM A,OEM A BL210,CONSTRUCTION,BACKHOE LOADER,,6468,,1
1BX515LVOWH655467,2016-11-05,OEM A,OEM A EX250L,CONSTRUCTION,EXCAVATOR,2015-09-14,546,24352,1
1DX145BYXJB153097,2019-01-25,OEM A,OEM A WL310L,CONSTRUCTION,WHEEL LOADER,,1453,34327,1
1AX813WJSZC313642,2018-11-15,OEM A,OEM A BL310G,CONSTRUCTION,BACKHOE LOADER,2017-03-30,4317,,1
1DX649IQZTO091687,2012-07-14,OEM A,OEM A MG310,CONSTRUCTION,MOTOR GRADER,,954,,1
1DX358NHDLL498481,2015-11-07,OEM A,OEM A WL310,CONSTRUCTION,WHEEL LOADER,2016-11-08,1145,,1
1DX923ORUDQ973501,2014-02-17,OEM A,OEM A WL210,CONSTRUCTION,WHEEL LOADER,,6821,,1
1DX742BCSEV998996,2012-02-05,OEM A,OEM A WL650,CONSTRUCTION,WHEEL LOADER,2016-03-26,6732,,1
1CX718HNHDR103724,2014-06-30,OEM A,OEM A CD410,CONSTRUCTION,BULLDOZER,2016-07-28,1473,,1
1DX304YCSGF507373,2016-07-15,OEM A,OEM A MG700G,CONSTRUCTION,MOTOR GRADER,2016-08-19,7556,,1
1EX795PSFZB057193,2011-10-27,OEM A,OEM A TH210,FORESTRY,HARVESTER,,8339,,1
1DX296UOUKB591725,2018-04-21,OEM A,OEM A MG650,CONSTRUCTION,MOTOR GRADER,2018-05-28,6819,,1
1EX475WVHXV009376,2019-07-14,OEM A,OEM A TH410,FORESTRY,HARVESTER,,4451,,1
1FX444SBJZJ311969,2015-09-04,OEM A,OEM A SM410,FORESTRY,SWING MACHINE,,610,,1
1EX067BHQBS465680,2019-10-23,OEM A,OEM A TH210L,FORESTRY,HARVESTER,,8189,,1
1FX790QFFCK315982,2018-10-07,OEM A,OEM A SK250G,FORESTRY,SKIDDER,2019-03-23,5524,,1
1EX728TIUEX758897,2012-04-01,OEM A,OEM A FW310,FORESTRY,FORWARDER,,2453,,1
1DX446WVUMS372615,2011-01-10,OEM A,OEM A MG410,CONSTRUCTION,MOTOR GRADER,,2524,,1
1EX613SIPFC782555,2018-01-04,OEM A,OEM A FW650L,FORESTRY,FORWARDER,2017-03-04,4163,,1
1AX450WBSVP184993,2013-04-22,OEM A,OEM A BL650,CONSTRUCTION,BACKHOE LOADER,,7722,,1
1DX055CLRJX129872,2017-06-19,OEM A,OEM A WL210G,CONSTRUCTION,WHEEL LOADER,,6269,,1
1CX882VBOEN328716,2012-07-15,OEM A,OEM A CD650,CONSTRUCTION,BULLDOZER,,4828,,1
1AX263NQVUU167146,2012-09-12,OEM A,OEM A BL210,CONSTRUCTION,BACKHOE LOADER,2020-08-07,5942,,1
1FX735XTDYD977221,2017-06-25,OEM A,OEM A FB650,FORESTRY,FELLER BUNCHER,2019-10-09,8784,,1
1DX219DEGOD942041,2017-09-19,OEM A,OEM A WL410G,CONSTRUCTION,WHEEL LOADER,2017-01-08,523,,1
1FX159DKLNF482611,2020-08-11,OEM A,OEM A SM410,FORESTRY,SWING MACHINE,2020-08-14,6331,,1
1FX420FTKZV977785,2014-07-11,OEM A,OEM A SK650,FORESTRY,SKIDDER,2019-05-17,5520,,1
1DX630MVMCI209304,2017-02-16,OEM A,OEM A MG700K,CONSTRUCTION,MOTOR GRADER,,1881,,1
1AX589RTRVC250830,2017-03-13,OEM A,OEM A BL650,CONSTRUCTION,BACKHOE LOADER,2016-05-26,5334,,1
1AX154QSFJA466850,2011-09-09,OEM A,OEM A BL310,CONSTRUCTION,BACKHOE LOADER,2016-09-16,3676,,1
1DX440YVHBU804664,2017-06-27,OEM A,OEM A WL310,CONSTRUCTION,WHEEL LOADER,2017-05-12,7850,,1
1DX234ACRKV267125,2019-06-08,OEM A,OEM A MG210K,CONSTRUCTION,MOTOR GRADER,,2408,,1
1AX355DREBP361304,2014-09-23,OEM A,OEM A BL650,CONSTRUCTION,BACKHOE LOADER,2017-05-12,6496,,1
1EX133IVMAF192251,2012-12-04,OEM A,OEM A TH210,FORESTRY,HARVESTER,,6843,,1
1AX767KFMWB216073,2015-09-26,OEM A,OEM A BL310L,CONSTRUCTION,BACKHOE LOADER,2016-05-14,1173,17039,1
1DX923HZNNI729191,2019-01-05,OEM A,OEM A MG210G,CONSTRUCTION,MOTOR GRADER,,7694,,1
1DX362SWKAN449055,2017-04-23,OEM A,OEM A WL520,CONSTRUCTION,WHEEL LOADER,2016-07-21,3044,52387,1
1EX853PFBRV710897,2015-04-15,OEM A,OEM A FW650,FORESTRY,FORWARDER,2019-03-13,4889,,1
1BX815MNVJN439658,2017-06-28,OEM A,OEM A EX650,CONSTRUCTION,EXCAVATOR,,2583,,1
1AX281ISRDL029305,2018-10-24,OEM A,OEM A BL210,CONSTRUCTION,BACKHOE LOADER,,370,,1
1DX979XGNVF745264,2013-08-22,OEM A,OEM A WL650,CONSTRUCTION,WHEEL LOADER,2016-05-23,8381,,1
1AX441OEDLJ171624,2014-08-06,OEM A,OEM A BL650,CONSTRUCTION,BACKHOE LOADER,2019-07-05,5206,,1
1FX242ROFMI978860,2019-10-05,OEM A,OEM A SM650,FORESTRY,SWING MACHINE,,3617,,1
1AX828ERLPD640638,2011-02-14,OEM A,OEM A BL310,CONSTRUCTION,BACKHOE LOADER,,507,,1
1AX250NRIZI086278,2020-02-10,OEM A,OEM A BL310,CONSTRUCTION,BACKHOE LOADER,2019-08-16,430,,1
1DX441QNUVF784862,2016-01-15,OEM A,OEM A MG210,CONSTRUCTION,MOTOR GRADER,2017-11-20,7824,,1
1DX705OBZDQ925332,2015-03-14,OEM A,OEM A MG310,CONSTRUCTION,MOTOR GRADER,2017-08-09,4161,,1
1DX331UDTGK229057,2018-11-01,OEM A,OEM A MG410,CONSTRUCTION,MOTOR GRADER,2019-11-11,5344,,1
1EX531DKQDG949908,2013-09-22,OEM A,OEM A FW310,FORESTRY,FORWARDER,2020-01-22,4715,,1
1DX688OELHT775960,2018-10-31,OEM A,OEM A MG310K,CONSTRUCTION,MOTOR GRADER,2015-01-07,2900,,1
1AX580PRIGA104384,2015-12-31,OEM A,OEM A BL650,CONSTRUCTION,BACKHOE LOADER,2015-08-31,5146,,1
1AX758SPHCF017121,2018-08-01,OEM A,OEM A BL210K,CONSTRUCTION,BACKHOE LOADER,2019-09-19,7077,,1
1DX608BBZXY028237,2017-05-05,OEM A,OEM A WL700K,CONSTRUCTION,WHEEL LOADER,,4750,,1
1DX837AVZKF398087,2013-03-02,OEM A,OEM A WL210,CONSTRUCTION,WHEEL LOADER,,7027,,1
1AX200IAOMH529470,2015-03-11,OEM A,OEM A BL410K,CONSTRUCTION,BACKHOE LOADER,2017-02-06,7852,,1
1BX125AANZP484321,2019-09-19,OEM A,OEM A EX700,CONSTRUCTION,EXCAVATOR,2020-02-12,1021,,1
1EX123VISXD358888,2011-06-11,OEM A,OEM A FW210,FORESTRY,FORWARDER,2019-07-17,4476,,1
1DX350YWVWE392832,2018-04-25,OEM A,OEM A MG210,CONSTRUCTION,MOTOR GRADER,,2368,,1
1AX718QMBPK970346,2018-12-07,OEM A,OEM A BL520G,CONSTRUCTION,BACKHOE LOADER,2019-01-26,4598,17256,1
1FX609IICHV866429,2018-05-23,OEM A,OEM A SK410,FORESTRY,SKIDDER,,2149,,1
1EX628SJDCL929335,2014-06-16,OEM A,OEM A TH650,FORESTRY,HARVESTER,,3746,,1
1EX386SOQVA222298,2018-10-21,OEM A,OEM A FW210L,FORESTRY,FORWARDER,,4085,,1
1AX705EMOTU643796,2014-07-02,OEM A,OEM A BL330L,CONSTRUCTION,BACKHOE LOADER,2017-12-19,3635,77821,1
1AX792VKMTR579440,2015-08-27,OEM A,OEM A BL410,CONSTRUCTION,BACKHOE LOADER,,5293,,1
1AX992ZBJAT764952,2018-05-27,OEM A,OEM A BL210,CONSTRUCTION,BACKHOE LOADER,,5033,,1
1DX049TCDFA269680,2012-02-27,OEM A,OEM A MG310,CONSTRUCTION,MOTOR GRADER,,2865,,1
1FX511HDWWW209145,2013-08-07,OEM A,OEM A SK210,FORESTRY,SKIDDER,2020-07-20,2039,,1
1AX881BLMBZ955064,2019-07-18,OEM A,OEM A BL410,CONSTRUCTION,BACKHOE LOADER,2018-07-10,1099,,1
1FX702NEBUL059183,2020-01-04,OEM A,OEM A SK410,FORESTRY,SKIDDER,2020-07-21,3999,,1
1AX843KBXJZ234395,2012-03-06,OEM A,OEM A BL310,CONSTRUCTION,BACKHOE LOADER,2016-11-12,3749,,1
1AX754IBKOE866703,2016-10-07,OEM A,OEM A BL210,CONSTRUCTION,BACKHOE LOADER,2017-03-29,1404,,1
1AX007YRJCM445591,2018-02-01,OEM A,OEM A BL310K,CONSTRUCTION,BACKHOE LOADER,2015-11-18,2046,,1
1EX649RXIHQ005226,2014-08-28,OEM A,OEM A TH310,FORESTRY,HARVESTER,2020-07-15,8327,,1
1EX038LDADN660163,2019-03-10,OEM A,OEM A WH210,FORESTRY,HARVESTER,2016-06-24,2566,,1
1AX291BMWSN509009,2017-02-22,OEM A,OEM A BL210,CONSTRUCTION,BACKHOE LOADER,,4152,,1
1DX639BYRDA994378,2011-01-18,OEM A,OEM A MG310,CONSTRUCTION,MOTOR GRADER,,115,,1
1DX428GXRFA382225,2017-08-14,OEM A,OEM A MG650,CONSTRUCTION,MOTOR GRADER,2017-06-13,867,,1
1AX273IUBKK847945,2013-07-05,OEM A,OEM A BL410,CONSTRUCTION,BACKHOE LOADER,,7685,,1
1DX558VQODF947922,2015-12-19,OEM A,OEM A WL650,CONSTRUCTION,WHEEL LOADER,,5327,,1
1DX073BMGTT062358,2012-05-29,OEM A,OEM A WL650,CONSTRUCTION,WHEEL LOADER,2016-10-20,6959,,1
1DX927BXCYX868129,2020-04-15,OEM A,OEM A MG210,CONSTRUCTION,MOTOR GRADER,,119,,1
1DX889HAYRG923620,2020-10-06,OEM A,OEM A MG410,CONSTRUCTION,MOTOR GRADER,,1321,,1
1DX628FDNUU507993,2015-09-30,OEM A,OEM A WL410,CONSTRUCTION,WHEEL LOADER,,5693,,1
1BX237MMGES189074,2011-06-03,OEM A,OEM A EX410,CONSTRUCTION,EXCAVATOR,,1991,,1
1DX701NEZEI869001,2014-12-28,OEM A,OEM A WL650,CONSTRUCTION,WHEEL LOADER,,6405,,1
1AX074KSJQM245240,2013-05-26,OEM A,OEM A BL650,CONSTRUCTION,BACKHOE LOADER,,2766,,1
1BX482IVINF907917,2012-12-15,OEM A,OEM A EX210,CONSTRUCTION,EXCAVATOR,2017-04-03,784,,1
1EX135HBWBD938650,2018-07-14,OEM A,OEM A WH410G,FORESTRY,HARVESTER,2020-11-01,7240,,1
1DX815PNSMU842671,2013-04-18,OEM A,OEM A MG210,CONSTRUCTION,MOTOR GRADER,2018-11-26,8298,,1
1AX165WZUXS270107,2017-03-21,OEM A,OEM A BL700K,CONSTRUCTION,BACKHOE LOADER,2019-05-07,7824,,1
1DX715GBLSU067641,2017-07-29,OEM A,OEM A MG410,CONSTRUCTION,MOTOR GRADER,2019-08-22,5366,,1
1DX492YTBKT944648,2020-05-05,OEM A,OEM A WL650,CONSTRUCTION,WHEEL LOADER,,6378,,1
1DX978FTPRH624410,2019-07-30,OEM A,OEM A WL650,CONSTRUCTION,WHEEL LOADER,2015-06-07,7216,,1
HCM243HXFRM405171,2012-06-17,OEM A,OEM A KB650,FORESTRY,KNUCKLEBOOM,,1539,,1
1FX394URUFW439091,2014-06-13,OEM A,OEM A SK650,FORESTRY,SKIDDER,2020-03-06,8539,,1
1DX150TXBWC955492,2016-10-18,OEM A,OEM A WL410,CONSTRUCTION,WHEEL LOADER,,3356,,1
1DX642CLOGK635857,2020-08-27,OEM A,OEM A MG210,CONSTRUCTION,MOTOR GRADER,,3395,,1
1DX540BJWEW350776,2015-02-19,OEM A,OEM A WL310,CONSTRUCTION,WHEEL LOADER,2019-12-02,3060,,1
1AX623TAYZM781080,2016-02-06,OEM A,OEM A BL520G,CONSTRUCTION,BACKHOE LOADER,2020-11-03,4676,,1
1AX658RVIOO759558,2020-04-08,OEM A,OEM A BL210,CONSTRUCTION,BACKHOE LOADER,2016-09-12,3348,,1
1AX572RDHWU589580,2017-03-30,OEM A,OEM A BL210,CONSTRUCTION,BACKHOE LOADER,2017-08-01,4200,,1
1BX094RUMQS782281,2020-03-23,OEM A,OEM A EX650,CONSTRUCTION,EXCAVATOR,2020-04-21,4704,,1
1EX794YEDXV267150,2019-06-11,OEM A,OEM A TH210L,FORESTRY,HARVESTER,2015-02-06,8223,,1
1DX351OJXKP180592,2018-08-24,OEM A,OEM A WL310,CONSTRUCTION,WHEEL LOADER,2017-01-17,1413,,1
1AX902UNEEQ224205,2019-06-27,OEM A,OEM A BL210K,CONSTRUCTION,BACKHOE LOADER,,5661,,1
1EX440EZFEP357504,2013-01-08,OEM A,OEM A FW650,FORESTRY,FORWARDER,2016-09-17,7070,,1
1DX569MRLVL245682,2011-11-25,OEM A,OEM A MG310,CONSTRUCTION,MOTOR GRADER,,1458,,1
1DX622YBAFH300462,2017-04-22,OEM A,OEM A MG310,CONSTRUCTION,MOTOR GRADER,,3127,,1
1CX201YHMON726985,2017-04-03,OEM A,OEM A CD210K,CONSTRUCTION,BULLDOZER,2016-08-05,7272,,1
1BX200GBXGJ612291,2018-02-06,OEM A,OEM A EX410,CONSTRUCTION,EXCAVATOR,,5199,,1
1DX967PHGLF008286,2019-03-19,OEM A,OEM A WL410,CONSTRUCTION,WHEEL LOADER,,1410,,1
1AX029XQFET032907,2019-05-09,OEM A,OEM A BL650G,CONSTRUCTION,BACKHOE LOADER,2017-01-14,2015,,1
1DX971IGUNF638644,2019-10-14,OEM A,OEM A MG210L,CONSTRUCTION,MOTOR GRADER,2019-09-04,2040,,1
1DX852YLHZI417149,2012-02-23,OEM A,OEM A WL210,CONSTRUCTION,WHEEL LOADER,2018-09-06,2512,,1
1DX291FXAWB598701,2020-05-25,OEM A,OEM A WL410,CONSTRUCTION,WHEEL LOADER,,3142,,1
1DX946QGQCY702561,2017-09-29,OEM A,OEM A MG210K,CONSTRUCTION,MOTOR GRADER,2015-08-15,4084,61790,1
1DX699UZLYZ199928,2017-07-18,OEM A,OEM A MG700K,CONSTRUCTION,MOTOR GRADER,2018-03-26,7676,,1
1DX167DMJKX970067,2012-11-09,OEM A,OEM A MG410,CONSTRUCTION,MOTOR GRADER,,8583,,1
1EX811NXIAX118242,2016-08-29,OEM A,OEM A WH410,FORESTRY,HARVESTER,2019-04-07,5263,,1
1DX142AXPYW462411,2019-05-01,OEM A,OEM A WL700,CONSTRUCTION,WHEEL LOADER,2015-08-14,4951,,1
1AX582MHMRI525488,2011-10-03,OEM A,OEM A BL650,CONSTRUCTION,BACKHOE LOADER,,2473,,1
1FX878NLIHH152297,2013-04-25,OEM A,OEM A FB410,FORESTRY,FELLER BUNCHER,,749,,1
1AX320JDROX737067,2012-04-27,OEM A,OEM A BL410,CONSTRUCTION,BACKHOE LOADER,,8763,,1
1CX082PLELH855446,2017-08-23,OEM A,OEM A CD330K,CONSTRUCTION,BULLDOZER,,4044,,1
1EX940FOFHK032369,2019-08-03,OEM A,OEM A FW650,FORESTRY,FORWARDER,,3934,,1
1AX616NYWYV282750,2018-06-04,OEM A,OEM A BL410,CONSTRUCTION,BACKHOE LOADER,,4957,,1
1EX390ZUTHT094968,2012-12-05,OEM A,OEM A WH650K,FORESTRY,HARVESTER,2018-08-05,6835,,1
1DX531NZMOS385239,2013-10-20,OEM A,OEM A MG210,CONSTRUCTION,MOTOR GRADER,,8302,,1
1FX225EAWHV851754,2019-08-09,OEM A,OEM A SM650,FORESTRY,SWING MACHINE,,3561,,1
1EX574QNRAB165168,2018-10-07,OEM A,OEM A WH410,FORESTRY,HARVESTER,,3885,,1
1EX564OYVZR371120,2012-02-07,OEM A,OEM A FW310,FORESTRY,FORWARDER,,562,,1
1DX763RBNMI447663,2018-03-13,OEM A,OEM A MG650G,CONSTRUCTION,MOTOR GRADER,2016-10-23,1424,,1
1FX191YCPVR005505,2012-07-28,OEM A,OEM A FB410,FORESTRY,FELLER BUNCHER,,6652,,1
1FX096CRHMB059319,2014-08-25,OEM A,OEM A FB650,FORESTRY,FELLER BUNCHER,,1134,,1
1AX360XUMPR538119,2015-03-25,OEM A,OEM A BL410,CONSTRUCTION,BACKHOE LOADER,2016-09-23,5947,,1
1DX413ZGASN885562,2017-06-15,OEM A,OEM A MG410,CONSTRUCTION,MOTOR GRADER,2017-07-13,835,,1
1CX658CWMZW397306,2012-10-04,OEM A,OEM A CD310G,CONSTRUCTION,BULLDOZER,2015-10-26,2662,,1
1DX629QQWFJ913934,2011-01-10,OEM A,OEM A MG310,CONSTRUCTION,MOTOR GRADER,2018-11-16,4442,,1
1DX940GMQLC615842,2014-11-16,OEM A,OEM A MG520K,CONSTRUCTION,MOTOR GRADER,,6934,,1
1DX928XZSQD313376,2014-12-10,OEM A,OEM A WL410,CONSTRUCTION,WHEEL LOADER,,2281,,1
1AX983VFFYG433392,2013-02-07,OEM A,OEM A BL650,CONSTRUCTION,BACKHOE LOADER,,2686,,1
1DX619CCQIW733352,2016-02-02,OEM A,OEM A WL650,CONSTRUCTION,WHEEL LOADER,,3228,,1
1BX304EXUGT032202,2016-07-30,OEM A,OEM A EX410,CONSTRUCTION,EXCAVATOR,,1790,,1
1AX861INNAF819182,2014-11-20,OEM A,OEM A BL210,CONSTRUCTION,BACKHOE LOADER,2019-07-05,7364,,1
1AX268LXPPK835525,2013-12-16,OEM A,OEM A BL330K,CONSTRUCTION,BACKHOE LOADER,2017-11-08,6725,,1
1DX668TUTEV502865,2017-12-13,OEM A,OEM A MG410,CONSTRUCTION,MOTOR GRADER,,7067,,1
1EX803IDBRM031972,2017-04-01,OEM A,OEM A WH410,FORESTRY,HARVESTER,,3740,,1
1EX730JHSFS463384,2015-11-28,OEM A,OEM A WH410,FORESTRY,HARVESTER,,5353,,1
1BX729QLPTD400422,2014-09-25,OEM A,OEM A EX410,CONSTRUCTION,EXCAVATOR,,2874,,1
1DX388SILWH271988,2020-06-05,OEM A,OEM A WL210,CONSTRUCTION,WHEEL LOADER,2018-12-28,77,,1
HCM509OQGKD283075,2015-04-13,OEM A,OEM A KB310,FORESTRY,KNUCKLEBOOM,,2247,,1
1DX421WWVRF972843,2016-06-10,OEM A,OEM A WL650,CONSTRUCTION,WHEEL LOADER,,460,,1
1EX070KPCYB133999,2019-01-21,OEM A,OEM A WH330L,FORESTRY,HARVESTER,2019-01-27,8751,,1
1AX036VCYVW234584,2017-02-17,OEM A,OEM A BL210,CONSTRUCTION,BACKHOE LOADER,,1232,,1
1AX010FGQYU206432,2016-01-17,OEM A,OEM A BL650,CONSTRUCTION,BACKHOE LOADER,,3227,,1
1FX195JQUZL996726,2017-09-26,OEM A,OEM A SM410,FORESTRY,SWING MACHINE,,2872,,1
1DX367DBKVH829284,2011-03-11,OEM A,OEM A MG310,CONSTRUCTION,MOTOR GRADER,2018-09-06,3980,,1
1BX068SFYFQ868789,2020-03-11,OEM A,OEM A EX650,CONSTRUCTION,EXCAVATOR,2017-11-14,1608,,1
1DX831LEZOL447933,2018-12-13,OEM A,OEM A WL210L,CONSTRUCTION,WHEEL LOADER,,1867,,1
1DX154UNCUK761891,2017-09-05,OEM A,OEM A WL410,CONSTRUCTION,WHEEL LOADER,,864,,1
1DX099DFRUX440907,2018-03-13,OEM A,OEM A MG650,CONSTRUCTION,MOTOR GRADER,,4987,,1
1FX141BAEGS874809,2019-11-14,OEM A,OEM A SM520K,FORESTRY,SWING MACHINE,2016-02-09,8431,,1
1DX074MUUAI157830,2015-05-25,OEM A,OEM A WL210K,CONSTRUCTION,WHEEL LOADER,2018-01-03,3034,,1
1AX840TANNR407269,2015-04-05,OEM A,OEM A BL410,CONSTRUCTION,BACKHOE LOADER,,8959,,1
1EX881DBWIT096359,2020-10-04,OEM A,OEM A TH410,FORESTRY,HARVESTER,2016-03-18,4055,,1
1EX128FEVXD670124,2018-03-19,OEM A,OEM A FW410,FORESTRY,FORWARDER,,4008,,1
1DX058EQIDV234534,2011-03-01,OEM A,OEM A MG650,CONSTRUCTION,MOTOR GRADER,,1911,,1
1AX375NOPHO772720,2017-08-07,OEM A,OEM A BL330,CONSTRUCTION,BACKHOE LOADER,,3950,52541,1
1DX217WWRJT946359,2017-06-11,OEM A,OEM A WL410,CONSTRUCTION,WHEEL LOADER,,8822,,1
1DX649YWORE968499,2015-12-10,OEM A,OEM A WL210G,CONSTRUCTION,WHEEL LOADER,2018-05-05,5148,,1
1AX394ILMTW306780,2014-05-10,OEM A,OEM A BL650,CONSTRUCTION,BACKHOE LOADER,2020-05-06,4195,,1
1EX091WXBWN028346,2018-02-05,OEM A,OEM A TH650,FORESTRY,HARVESTER,2016-12-19,3273,,1
1AX093BYRSF047033,2017-09-12,OEM A,OEM A BL650,CONSTRUCTION,BACKHOE LOADER,,1297,,1
1EX812YRKXL953391,2012-12-13,OEM A,OEM A WH210,FORESTRY,HARVESTER,,1194,,1
HCM299UVHGP442107,2020-05-17,OEM A,OEM A KB410,FORESTRY,KNUCKLEBOOM,,4262,,1
1DX660GCXPC600708,2018-01-09,OEM A,OEM A WL210,CONSTRUCTION,WHEEL LOADER,,2585,,1
1FX833BORFM565172,2019-03-27,OEM A,OEM A SM650,FORESTRY,SWING MACHINE,2020-03-26,3220,,1
1DX837FTJMZ163556,2012-04-26,OEM A,OEM A WL650,CONSTRUCTION,WHEEL LOADER,,819,,1
1BX829EVUBG459116,2016-05-06,OEM A,OEM A EX310,CONSTRUCTION,EXCAVATOR,,3658,,1
1DX482HMVDQ681225,2014-10-13,OEM A,OEM A MG330G,CONSTRUCTION,MOTOR GRADER,2018-09-26,4380,,1
1FX038KGXRF289688,2015-06-04,OEM A,OEM A SM310K,FORESTRY,SWING MACHINE,2019-10-16,3821,,1
1FX237DKLZQ224173,2016-07-03,OEM A,OEM A FB700G,FORESTRY,FELLER BUNCHER,2016-04-22,6067,,1
1DX082TXLDS043525,2015-08-07,OEM A,OEM A MG650,CONSTRUCTION,MOTOR GRADER,2019-02-16,3820,,1
1EX790FGCKV243856,2020-05-02,OEM A,OEM A WH410,FORESTRY,HARVESTER,,8066,,1
1EX298SDEUL595868,2013-02-04,OEM A,OEM A WH650,FORESTRY,HARVESTER,2018-01-18,8320,,1
1DX472TOXUF310910,2020-12-07,OEM A,OEM A WL310G,CONSTRUCTION,WHEEL LOADER,2020-03-06,6994,47433,1
1DX785ULNVO365832,2018-01-26,OEM A,OEM A MG210,CONSTRUCTION,MOTOR GRADER,,235,,1
1AX053BIJYT137457,2020-12-03,OEM A,OEM A BL520,CONSTRUCTION,BACKHOE LOADER,2018-03-03,5061,,1
1DX612KMTFW398664,2017-07-31,OEM A,OEM A WL410,CONSTRUCTION,WHEEL LOADER,,1238,,1
1BX038YNPTP213693,2020-08-12,OEM A,OEM A EX650G,CONSTRUCTION,EXCAVATOR,,6050,14670,1
1AX577GQVOK021635,2019-02-28,OEM A,OEM A BL250G,CONSTRUCTION,BACKHOE LOADER,,4947,,1
1EX774LEDGV161353,2015-04-09,OEM A,OEM A TH650,FORESTRY,HARVESTER,,4232,,1
1DX606TNKBB595352,2012-11-06,OEM A,OEM A WL250,CONSTRUCTION,WHEEL LOADER,2018-07-01,2509,,1
1CX970KUVRD908095,2016-05-13,OEM A,OEM A CD650,CONSTRUCTION,BULLDOZER,2018-12-26,403,,1
1EX055JBKBW280130,2016-10-09,OEM A,OEM A TH410,FORESTRY,HARVESTER,2017-10-14,4981,,1
1EX562NYZUR668266,2020-05-12,OEM A,OEM A WH210,FORESTRY,HARVESTER,2016-12-31,201,,1
1DX485XGMES220212,2018-06-03,OEM A,OEM A MG250L,CONSTRUCTION,MOTOR GRADER,2018-12-23,5505,,1
1EX194UDRIM900758,2011-03-30,OEM A,OEM A TH310,FORESTRY,HARVESTER,,3895,,1
1DX161MKJJP983196,2016-05-10,OEM A,OEM A MG410K,CONSTRUCTION,MOTOR GRADER,2018-05-19,969,,1
1EX585NHVJZ225185,2019-09-12,OEM A,OEM A WH700K,FORESTRY,HARVESTER,2018-04-18,6622,,1
1AX837TDOEI729190,2019-08-23,OEM A,OEM A BL310,CONSTRUCTION,BACKHOE LOADER,,6518,,1
1EX347LOOTO319408,2017-10-25,OEM A,OEM A FW310,FORESTRY,FORWARDER,2016-09-09,4956,,1
1DX195GPCRT331896,2019-08-07,OEM A,OEM A WL650,CONSTRUCTION,WHEEL LOADER,2018-06-12,8095,,1
1AX752JBXWQ611921,2013-05-18,OEM A,OEM A BL410,CONSTRUCTION,BACKHOE LOADER,2016-08-31,3188,,1
1DX093WEWHI177580,2019-07-30,OEM A,OEM A MG310,CONSTRUCTION,MOTOR GRADER,,928,,1
1DX613FNFMJ648703,2015-07-15,OEM A,OEM A MG310,CONSTRUCTION,MOTOR GRADER,2019-09-21,8722,,1
1AX964GJFTF373823,2017-10-07,OEM A,OEM A BL250G,CONSTRUCTION,BACKHOE LOADER,,6792,,1
1DX363WESJN645887,2012-09-28,OEM A,OEM A WL310,CONSTRUCTION,WHEEL LOADER,2020-04-17,6356,,1
1FX396LCQCP025584,2019-10-04,OEM A,OEM A SK410,FORESTRY,SKIDDER,,4694,,1
1FX693LSEGE297258,2019-10-02,OEM A,OEM A SM650L,FORESTRY,SWING MACHINE,2019-06-16,2667,,1
1EX670DLZLH334609,2012-06-23,OEM A,OEM A TH210,FORESTRY,HARVESTER,2016-02-13,8624,,1
1EX654PUSDH418248,2016-11-04,OEM A,OEM A TH650,FORESTRY,HARVESTER,,4855,,1
1EX925STEHC308220,2019-09-24,OEM A,OEM A WH210K,FORESTRY,HARVESTER,2018-08-14,3170,,1
1EX252KMLKR411723,2016-10-07,OEM A,OEM A WH520K,FORESTRY,HARVESTER,2020-06-24,5968,,1
1FX743JBMWA211574,2014-03-28,OEM A,OEM A SK210,FORESTRY,SKIDDER,,3579,,1
1AX855WJTAO517990,2020-09-17,OEM A,OEM A BL700G,CONSTRUCTION,BACKHOE LOADER,,456,,1
1DX944EYQSH217014,2012-06-13,OEM A,OEM A WL410,CONSTRUCTION,WHEEL LOADER,2019-03-19,8341,,1
1AX922LEMAU433809,2019-03-15,OEM A,OEM A BL410,CONSTRUCTION,BACKHOE LOADER,2019-01-04,4811,,1
1FX664RZELG998125,2019-11-08,OEM A,OEM A FB520,FORESTRY,FELLER BUNCHER,2019-05-26,6660,,1
1BX690NUDIV557090,2020-08-30,OEM A,OEM A EX310,CONSTRUCTION,EXCAVATOR,,727,,1
1FX009NYPRD800368,2019-03-30,OEM A,OEM A FB310,FORESTRY,FELLER BUNCHER,2019-12-22,201,,1
1DX418SVZHC693042,2014-07-08,OEM A,OEM A WL310,CONSTRUCTION,WHEEL LOADER,,1323,,1
1DX557AQTRL684389,2012-06-24,OEM A,OEM A MG650,CONSTRUCTION,MOTOR GRADER,,3403,,1
1CX115TKSFP905015,2018-02-24,OEM A,OEM A AD330L,CONSTRUCTION,ARTICULATED TRUCK,2018-04-05,2958,11858,1
1FX575EYJNQ165477,2017-03-16,OEM A,OEM A SM410,FORESTRY,SWING MACHINE,,8115,,1
1EX140DNUZP476909,2020-06-20,OEM A,OEM A TH650,FORESTRY,HARVESTER,,6786,,1
1EX185VULJI419371,2013-06-14,OEM A,OEM A TH650,FORESTRY,HARVESTER,,3318,,1
1DX866KBFZI466936,2020-11-29,OEM A,OEM A MG700L,CONSTRUCTION,MOTOR GRADER,2015-07-11,895,,1
1DX615KTFKX862151,2020-10-04,OEM A,OEM A WL650,CONSTRUCTION,WHEEL LOADER,2019-10-20,8064,,1
1FX787MNGWS939769,2018-06-24,OEM A,OEM A SM250K,FORESTRY,SWING MACHINE,2019-05-24,6395,,1
1DX473YYSNZ242428,2016-06-07,OEM A,OEM A WL650,CONSTRUCTION,WHEEL LOADER,,5844,,1
1FX481TOEZT737175,2013-05-04,OEM A,OEM A SK210,FORESTRY,SKIDDER,,4398,,1
1BX966AVBAY568914,2020-05-14,OEM A,OEM A EX410,CONSTRUCTION,EXCAVATOR,,2572,,1
1BX530TCHUA153813,2017-01-03,OEM A,OEM A EX650,CONSTRUCTION,EXCAVATOR,2019-12-03,7711,,1
1FX502UHGCQ475418,2020-06-15,OEM A,OEM A FB650,FORESTRY,FELLER BUNCHER,,8166,,1
1DX467SUDWM410292,2018-09-18,OEM A,OEM A MG410,CONSTRUCTION,MOTOR GRADER,,5854,,1
1DX818PYQWA379430,2015-09-12,OEM A,OEM A MG310,CONSTRUCTION,MOTOR GRADER,,5985,,1
1AX697WXFLV354312,2015-11-29,OEM A,OEM A BL210,CONSTRUCTION,BACKHOE LOADER,2016-01-08,532,,1
1DX163TCHHZ994873,2019-08-31,OEM A,OEM A MG210L,CONSTRUCTION,MOTOR GRADER,2017-11-30,1983,3748,1
1AX946NSFIH165152,2015-03-27,OEM A,OEM A BL210,CONSTRUCTION,BACKHOE LOADER,,8589,,1
1DX429RJQDI826918,2019-02-14,OEM A,OEM A WL310,CONSTRUCTION,WHEEL LOADER,2018-12-31,3766,,1
1DX665LGWHN746658,2012-07-02,OEM A,OEM A MG650,CONSTRUCTION,MOTOR GRADER,2017-06-22,262,,1
1DX159GVCKE035294,2019-12-14,OEM A,OEM A WL700G,CONSTRUCTION,WHEEL LOADER,2016-03-13,2408,,1
1FX103AMQGB916260,2011-12-10,OEM A,OEM A FB310,FORESTRY,FELLER BUNCHER,2019-03-07,1803,,1
1AX271RQZUC359636,2015-02-19,OEM A,OEM A BL310,CONSTRUCTION,BACKHOE LOADER,,5298,,1
1DX249PZTSE215276,2017-07-13,OEM A,OEM A MG650,CONSTRUCTION,MOTOR GRADER,2017-07-13,8084,,1
1EX283BBFKT890167,2016-02-28,OEM A,OEM A WH330,FORESTRY,HARVESTER,2020-10-27,5753,,1
1DX349CYECZ463917,2017-03-30,OEM A,OEM A MG310,CONSTRUCTION,MOTOR GRADER,2016-10-24,2268,,1
1DX906YGJCS775139,2018-01-26,OEM A,OEM A WL650,CONSTRUCTION,WHEEL LOADER,2018-08-08,8576,,1
1BX840HAAKA487151,2015-08-19,OEM A,OEM A EX210,CONSTRUCTION,EXCAVATOR,,2303,,1
1DX693TTXHJ243415,2017-05-02,OEM A,OEM A MG650,CONSTRUCTION,MOTOR GRADER,2018-09-11,4982,,1
1AX813HULFF489604,2019-01-22,OEM A,OEM A BL210K,CONSTRUCTION,BACKHOE LOADER,2016-04-02,4605,,1
1CX854YXLSQ515133,2012-01-20,OEM A,OEM A CD650,CONSTRUCTION,BULLDOZER,2018-09-06,660,,1
1EX734PFSRR252001,2017-11-29,OEM A,OEM A FW210,FORESTRY,FORWARDER,2019-07-21,7917,,1
1FX965LRTPE640713,2011-08-10,OEM A,OEM A SK210,FORESTRY,SKIDDER,2020-08-13,7903,,1
1AX133XEPZQ353721,2014-05-30,OEM A,OEM A BL650,CONSTRUCTION,BACKHOE LOADER,,186,,1
1DX907WKLYZ672345,2018-05-03,OEM A,OEM A MG210,CONSTRUCTION,MOTOR GRADER,2019-09-26,1251,,1
1DX139ZTDUN669206,2019-02-05,OEM A,OEM A WL650,CONSTRUCTION,WHEEL LOADER,,4622,,1
1BX486EVPLN078615,2014-08-13,OEM A,OEM A EX210,CONSTRUCTION,EXCAVATOR,,5664,,1
1DX085LPCQT864689,2017-12-22,OEM A,OEM A MG650,CONSTRUCTION,MOTOR GRADER,,3631,,1
HCM426BHXNF007430,2018-04-06,OEM A,OEM A KB410,FORESTRY,KNUCKLEBOOM,,756,,1
1FX689IYMMV786175,2012-05-14,OEM A,OEM A SM310,FORESTRY,SWING MACHINE,,4664,,1
1DX238WRLIE200446,2015-02-04,OEM A,OEM A WL700,CONSTRUCTION,WHEEL LOADER,2015-11-25,8172,60917,1
1DX797ZABIK802027,2019-05-26,OEM A,OEM A MG410G,CONSTRUCTION,MOTOR GRADER,,8645,,1
1AX175YLJIC459807,2017-09-29,OEM A,OEM A BL650G,CONSTRUCTION,BACKHOE LOADER,,7869,,1
1AX976KXGEC408705,2017-11-16,OEM A,OEM A BL310,CONSTRUCTION,BACKHOE LOADER,,8973,,1
HCM914FSMYP831959,2020-10-08,OEM A,OEM A KB310,FORESTRY,KNUCKLEBOOM,2016-09-15,3952,,1
1AX802KTPMR948726,2020-04-24,OEM A,OEM A BL210,CONSTRUCTION,BACKHOE LOADER,2017-05-06,8059,,1
1EX849MKEHB213086,2011-06-20,OEM A,OEM A TH310,FORESTRY,HARVESTER,,1495,,1
1DX001KSCIE902162,2011-07-27,OEM A,OEM A MG210,CONSTRUCTION,MOTOR GRADER,2018-02-25,8431,,1
1DX126LEXCS620906,2011-03-30,OEM A,OEM A MG210,CONSTRUCTION,MOTOR GRADER,,3763,,1
1EX159TRDKB640666,2016-08-18,OEM A,OEM A FW650,FORESTRY,FORWARDER,2019-11-28,7024,,1
1EX881HQTGK965493,2019-02-07,OEM A,OEM A TH310,FORESTRY,HARVESTER,2018-11-04,6057,,1
1FX406CUAJE758866,2013-07-12,OEM A,OEM A FB310,FORESTRY,FELLER BUNCHER,,6201,,1
1FX571ZDZKV507332,2011-06-15,OEM A,OEM A SM210,FORESTRY,SWING MACHINE,,8559,,1
1DX917FQDUI950170,2015-02-10,OEM A,OEM A MG210,CONSTRUCTION,MOTOR GRADER,,3358,,1
1FX969CUIJP777401,2011-03-01,OEM A,OEM A SM650,FORESTRY,SWING MACHINE,2020-01-03,4472,,1
1DX035MDIEY934975,2018-02-03,OEM A,OEM A MG410,CONSTRUCTION,MOTOR GRADER,2018-07-28,5427,,1
1AX492YQSHA821042,2012-04-30,OEM A,OEM A BL210,CONSTRUCTION,BACKHOE LOADER,,2278,,1
1BX835NQWGQ186966,2013-02-17,OEM A,OEM A EX210,CONSTRUCTION,EXCAVATOR,,3730,,1
1EX814VZARI133210,2013-09-02,OEM A,OEM A FW410,FORESTRY,FORWARDER,,1490,,1
1EX788TVFRC192811,2014-03-19,OEM A,OEM A FW650,FORESTRY,FORWARDER,,946,,1
1DX227RTTYY871772,2018-06-19,OEM A,OEM A MG210,CONSTRUCTION,MOTOR GRADER,,5041,,1
1AX006WVRSU177828,2017-02-05,OEM A,OEM A BL330L,CONSTRUCTION,BACKHOE LOADER,,2206,,1
1DX198HTFXR875276,2018-12-09,OEM A,OEM A MG330K,CONSTRUCTION,MOTOR GRADER,2017-02-12,4629,,1
1AX482QLGXW730928,2015-03-07,OEM A,OEM A BL650,CONSTRUCTION,BACKHOE LOADER,2019-06-20,8166,,1
1DX512BOGHQ606094,2020-11-20,OEM A,OEM A WL650,CONSTRUCTION,WHEEL LOADER,,6923,,1
1EX754XENNU968379,2013-07-13,OEM A,OEM A FW650,FORESTRY,FORWARDER,,8245,,1
1AX855IOSAM417278,2011-04-10,OEM A,OEM A BL650,CONSTRUCTION,BACKHOE LOADER,2017-09-01,2616,,1
1DX211BRILH391597,2015-11-13,OEM A,OEM A MG650,CONSTRUCTION,MOTOR GRADER,2019-08-05,8086,,1
1EX863WMSRE003136,2020-11-27,OEM A,OEM A TH650,FORESTRY,HARVESTER,2019-08-05,3158,,1
1DX068SOAUM401020,2012-08-17,OEM A,OEM A MG210,CONSTRUCTION,MOTOR GRADER,2019-12-01,7444,,1
1DX478LBENM962016,2020-02-19,OEM A,OEM A MG250G,CONSTRUCTION,MOTOR GRADER,2016-06-10,7318,,1
1DX962DLDAE566958,2020-08-02,OEM A,OEM A WL210,CONSTRUCTION,WHEEL LOADER,,7712,,1
1DX969NKKUP759535,2017-12-27,OEM A,OEM A WL210L,CONSTRUCTION,WHEEL LOADER,,7090,,1
1DX583ARWNW090798,2015-09-25,OEM A,OEM A WL310,CONSTRUCTION,WHEEL LOADER,,7594,,1
1DX388XHSWX344296,2018-08-15,OEM A,OEM A MG250G,CONSTRUCTION,MOTOR GRADER,,4332,40266,1
1DX528FVFXC307137,2019-11-22,OEM A,OEM A MG310,CONSTRUCTION,MOTOR GRADER,,2477,,1
1AX172KQZOR022254,2018-04-06,OEM A,OEM A BL650L,CONSTRUCTION,BACKHOE LOADER,2017-11-24,5463,21654,1
1DX880ZHZDT067841,2018-02-28,OEM A,OEM A WL410,CONSTRUCTION,WHEEL LOADER,,2640,,1
1AX810UDDIP321700,2012-08-12,OEM A,OEM A BL410,CONSTRUCTION,BACKHOE LOADER,,1090,,1
1DX357KZPST091846,2011-09-14,OEM A,OEM A MG410,CONSTRUCTION,MOTOR GRADER,,4286,,1
1DX740BDFPR276953,2020-05-10,OEM A,OEM A MG310,CONSTRUCTION,MOTOR GRADER,2017-03-03,6715,,1
1AX084RFSVH428198,2015-06-15,OEM A,OEM A BL210,CONSTRUCTION,BACKHOE LOADER,2019-04-15,6582,,1
1AX529JUIGT818182,2015-10-31,OEM A,OEM A BL210,CONSTRUCTION,BACKHOE LOADER,,7542,,1
1DX658LYCFN721133,2016-09-11,OEM A,OEM A MG310,CONSTRUCTION,MOTOR GRADER,2016-09-17,8802,,1
1DX349SRKWR466372,2019-07-29,OEM A,OEM A WL650,CONSTRUCTION,WHEEL LOADER,,4497,57831,1
1AX295VHDTD815307,2019-06-06,OEM A,OEM A BL650,CONSTRUCTION,BACKHOE LOADER,2018-09-16,2823,,1
1AX577KXSSC768477,2014-09-15,OEM A,OEM A BL310,CONSTRUCTION,BACKHOE LOADER,2017-04-04,6449,,1
1EX145FATTT259566,2016-01-28,OEM A,OEM A FW650,FORESTRY,FORWARDER,,6644,,1
1DX054FVWCF036311,2015-07-30,OEM A,OEM A MG330K,CONSTRUCTION,MOTOR GRADER,2020-10-19,7595,,1
1DX876NYJHJ516756,2015-02-28,OEM A,OEM A MG650G,CONSTRUCTION,MOTOR GRADER,,7058,,1
1AX717QEZDB401444,2018-10-02,OEM A,OEM A BL310,CONSTRUCTION,BACKHOE LOADER,,6262,,1
1EX079FAMOD573774,2020-05-28,OEM A,OEM A TH250G,FORESTRY,HARVESTER,2019-10-07,2805,,1
1FX850PWCAH117770,2017-07-18,OEM A,OEM A SM410,FORESTRY,SWING MACHINE,,6434,,1
1FX102DOMEQ830218,2015-03-15,OEM A,OEM A SM410,FORESTRY,SWING MACHINE,,1395,,1
1EX920IISKC516406,2018-05-04,OEM A,OEM A WH650,FORESTRY,HARVESTER,,5445,,1
1DX642BQIJD814542,2020-12-05,OEM A,OEM A WL650,CONSTRUCTION,WHEEL LOADER,,4240,,1
1BX052BIXXU245364,2020-08-01,OEM A,OEM A EX310,CONSTRUCTION,EXCAVATOR,2017-11-22,1703,,1
1BX774KSYLN688809,2017-09-28,OEM A,OEM A EX310,CONSTRUCTION,EXCAVATOR,2019-02-10,2714,,1
1FX070BNRJG199556,2019-08-14,OEM A,OEM A SM410G,FORESTRY,SWING MACHINE,2015-05-23,3165,,1
1AX997RHPMJ325786,2017-10-06,OEM A,OEM A BL410L,CONSTRUCTION,BACKHOE LOADER,2018-12-19,8117,,1
1FX279GWJYB865862,2019-06-25,OEM A,OEM A SM410,FORESTRY,SWING MACHINE,2017-03-11,5032,,1
1AX968KSHKZ117182,2017-02-21,OEM A,OEM A BL410K,CONSTRUCTION,BACKHOE LOADER,,6328,,1
1EX154UNGKZ617436,2015-04-30,OEM A,OEM A TH410,FORESTRY,HARVESTER,2017-09-26,2953,,1
1DX527ADPLB670202,2014-05-21,OEM A,OEM A MG210,CONSTRUCTION,MOTOR GRADER,2017-03-15,7438,,1
1BX418JKPPP740133,2011-04-06,OEM A,OEM A EX410,CONSTRUCTION,EXCAVATOR,,998,,1
1EX045GJETK784981,2017-03-30,OEM A,OEM A FW330L,FORESTRY,FORWARDER,2018-05-27,1296,,1
1EX011ZBWFA606520,2018-07-31,OEM A,OEM A FW210,FORESTRY,FORWARDER,2015-08-20,7975,,1
1FX839XCMFK458055,2012-10-05,OEM A,OEM A SK310,FORESTRY,SKIDDER,,4897,,1
1DX577LCBOS342985,2016-07-01,OEM A,OEM A MG410,CONSTRUCTION,MOTOR GRADER,,3303,,1
1DX755SFWFL687965,2019-10-23,OEM A,OEM A MG650,CONSTRUCTION,MOTOR GRADER,,6921,,1
1FX924JXDPI838244,2012-08-14,OEM A,OEM A SM210,FORESTRY,SWING MACHINE,2017-03-08,2931,,1
1DX844CZPAS720087,2020-11-09,OEM A,OEM A MG700L,CONSTRUCTION,MOTOR GRADER,2016-02-07,5278,14927,1
1DX701KRHBL079816,2017-08-24,OEM A,OEM A MG650,CONSTRUCTION,MOTOR GRADER,,3907,,1
1DX175PHGQW775018,2019-05-15,OEM A,OEM A MG410,CONSTRUCTION,MOTOR GRADER,,594,,1
1DX174AOVBR441574,2015-06-19,OEM A,OEM A WL310,CONSTRUCTION,WHEEL LOADER,,6100,,1
1AX380RYBHZ845862,2015-02-20,OEM A,OEM A BL210,CONSTRUCTION,BACKHOE LOADER,2017-06-02,3428,,1
1DX949YZSFV926708,2015-01-30,OEM A,OEM A WL650,CONSTRUCTION,WHEEL LOADER,2016-01-28,1789,,1
1FX817DDBJT798396,2014-05-28,OEM A,OEM A SM650,FORESTRY,SWING MACHINE,2017-04-21,7994,,1
1AX380INROF718826,2017-10-16,OEM A,OEM A BL310,CONSTRUCTION,BACKHOE LOADER,2019-03-17,6563,,1
1EX784ECXSU639211,2014-06-25,OEM A,OEM A WH650,FORESTRY,HARVESTER,,3190,,1
1BX254PRBVK834735,2018-07-19,OEM A,OEM A EX520L,CONSTRUCTION,EXCAVATOR,2016-05-25,2286,4037,1
1BX647RTUCK615992,2016-03-13,OEM A,OEM A EX210,CONSTRUCTION,EXCAVATOR,,961,,1
1FX286ZFSLO423930,2015-02-02,OEM A,OEM A SK650K,FORESTRY,SKIDDER,2019-03-07,3351,,1
1DX433IPOTN803198,2019-01-11,OEM A,OEM A WL410,CONSTRUCTION,WHEEL LOADER,2018-02-13,2114,,1
1EX820XHOJR942339,2020-03-05,OEM A,OEM A WH310,FORESTRY,HARVESTER,,6790,,1
1EX179RHOAH617238,2019-07-22,OEM A,OEM A WH210,FORESTRY,HARVESTER,,5591,,1
1DX715VWESA509959,2019-09-16,OEM A,OEM A WL650,CONSTRUCTION,WHEEL LOADER,,1184,,1
1EX205SNFYI531484,2020-01-04,OEM A,OEM A FW310,FORESTRY,FORWARDER,,5788,,1
1AX173QMRUH624370,2016-02-23,OEM A,OEM A BL210,CONSTRUCTION,BACKHOE LOADER,,2494,,1
1FX225ZJXYN024743,2016-09-06,OEM A,OEM A SK650,FORESTRY,SKIDDER,,3363,,1
1EX023OCBRK865321,2014-06-04,OEM A,OEM A FW210,FORESTRY,FORWARDER,,2065,,1
1DX578LLMAC269578,2012-02-14,OEM A,OEM A MG310,CONSTRUCTION,MOTOR GRADER,,5848,,1
1EX887BDEPC109264,2019-08-07,OEM A,OEM A TH210,FORESTRY,HARVESTER,,7203,,1
1AX002ZHKVJ799941,2018-08-22,OEM A,OEM A BL210,CONSTRUCTION,BACKHOE LOADER,2020-05-11,2809,,1
1DX892VVRUT490626,2016-09-28,OEM A,OEM A MG210,CONSTRUCTION,MOTOR GRADER,2018-05-16,5916,,1
1FX001UELED049681,2018-08-23,OEM A,OEM A SM330G,FORESTRY,SWING MACHINE,2019-11-27,5632,,1
1EX171XOJXQ898930,2017-07-31,OEM A,OEM A FW210,FORESTRY,FORWARDER,,6108,,1
1DX766NRDGZ812934,2019-07-22,OEM A,OEM A MG410,CONSTRUCTION,MOTOR GRADER,2017-10-25,8105,,1
1DX534KZOGX414231,2012-09-16,OEM A,OEM A MG210,CONSTRUCTION,MOTOR GRADER,,7481,,1
1EX694NGEJK090711,2020-10-22,OEM A,OEM A FW410,FORESTRY,FORWARDER,,8352,,1
1BX531WMGPK278772,2016-11-28,OEM A,OEM A EX650,CONSTRUCTION,EXCAVATOR,2017-03-29,4668,,1
1FX419MLDQP681326,2018-10-26,OEM A,OEM A FB310,FORESTRY,FELLER BUNCHER,,2539,,1
1EX308UKOKL725629,2017-11-12,OEM A,OEM A WH410,FORESTRY,HARVESTER,,8457,,1
1CX763FKMUG814255,2015-02-11,OEM A,OEM A CD650,CONSTRUCTION,BULLDOZER,,6526,,1
1DX303FZKKZ337401,2015-04-16,OEM A,OEM A MG410,CONSTRUCTION,MOTOR GRADER,2017-09-16,5385,5413,1
1BX684BPLEF761982,2012-09-23,OEM A,OEM A EX410,CONSTRUCTION,EXCAVATOR,,171,,1
1DX002KGGDV770038,2019-06-23,OEM A,OEM A MG210,CONSTRUCTION,MOTOR GRADER,2015-12-16,6300,67251,1
1BX910DAQYX543985,2020-08-07,OEM A,OEM A EX210,CONSTRUCTION,EXCAVATOR,,2012,,1
1FX976GJICI984052,2020-07-15,OEM A,OEM A SM310,FORESTRY,SWING MACHINE,,7586,,1
1AX331OZBYL464372,2015-01-14,OEM A,OEM A BL650,CONSTRUCTION,BACKHOE LOADER,,224,,1
1AX854HDVHB146150,2014-10-21,OEM A,OEM A BL410,CONSTRUCTION,BACKHOE LOADER,2018-10-11,2426,,1
1AX253UAIXI123078,2015-07-01,OEM A,OEM A BL210,CONSTRUCTION,BACKHOE LOADER,2018-07-05,1028,,1
1DX665FHTJH306420,2019-05-22,OEM A,OEM A WL250G,CONSTRUCTION,WHEEL LOADER,2018-07-02,8456,64356,1
1EX826HQLYT617640,2018-05-23,OEM A,OEM A WH310,FORESTRY,HARVESTER,2020-06-30,1168,,1
1EX886VOLON651324,2015-10-08,OEM A,OEM A FW210,FORESTRY,FORWARDER,2016-08-08,1058,,1
1EX828MOVRL880159,2020-03-07,OEM A,OEM A TH250G,FORESTRY,HARVESTER,2020-09-03,5778,,1
1AX462AGGPB469730,2017-12-16,OEM A,OEM A BL650,CONSTRUCTION,BACKHOE LOADER,,5381,,1
1DX447PSMJU635295,2014-08-11,OEM A,OEM A MG250G,CONSTRUCTION,MOTOR GRADER,,1739,,1
1DX083COWOF442912,2013-04-25,OEM A,OEM A MG310,CONSTRUCTION,MOTOR GRADER,,3940,,1
1AX160XYYMM846866,2015-02-12,OEM A,OEM A BL310L,CONSTRUCTION,BACKHOE LOADER,,8138,14908,1
1DX330MXSQV938801,2016-04-10,OEM A,OEM A MG410,CONSTRUCTION,MOTOR GRADER,,1165,,1
1EX290HUXLN223330,2017-01-25,OEM A,OEM A WH310,FORESTRY,HARVESTER,2017-11-18,6588,,1
1AX799ZIQIX581484,2020-04-08,OEM A,OEM A BL250L,CONSTRUCTION,BACKHOE LOADER,,4080,,1
1DX632VBXJK764619,2013-07-05,OEM A,OEM A WL410,CONSTRUCTION,WHEEL LOADER,2019-11-23,8399,,1
HCM617KEDGY718262,2015-12-11,OEM A,OEM A KB650,FORESTRY,KNUCKLEBOOM,2020-01-18,2859,,1
1AX843ITFES282514,2017-09-05,OEM A,OEM A BL650K,CONSTRUCTION,BACKHOE LOADER,2017-04-22,5480,,1
1EX617HMTIK874126,2012-08-13,OEM A,OEM A FW210,FORESTRY,FORWARDER,,7885,,1
1DX785ZGISN372881,2018-01-28,OEM A,OEM A MG650,CONSTRUCTION,MOTOR GRADER,2016-05-24,1098,,1
1FX633HRKAT880394,2016-10-19,OEM A,OEM A FB210,FORESTRY,FELLER BUNCHER,,7167,,1
1DX347ZDXMZ943764,2020-03-05,OEM A,OEM A MG210,CONSTRUCTION,MOTOR GRADER,,282,,1
1DX253JDSNZ763039,2013-08-19,OEM A,OEM A WL410,CONSTRUCTION,WHEEL LOADER,,4284,,1
1FX541GSMLO162787,2016-03-30,OEM A,OEM A SM410,FORESTRY,SWING MACHINE,2020-12-15,3875,,1
HCM216GMREV002837,2015-11-03,OEM A,OEM A KB410,FORESTRY,KNUCKLEBOOM,,3751,,1
1BX501ROIWS442130,2012-01-31,OEM A,OEM A EX310,CONSTRUCTION,EXCAVATOR,2017-02-21,4058,,1
1EX202PYGYO221861,2019-05-06,OEM A,OEM A FW410,FORESTRY,FORWARDER,,5675,,1
1AX317DSUGV722290,2017-12-16,OEM A,OEM A BL410,CONSTRUCTION,BACKHOE LOADER,2016-04-15,8747,,1
1EX411LZDXC727615,2014-06-13,OEM A,OEM A TH650,FORESTRY,HARVESTER,2018-02-05,6816,,1
1DX577EYKJB970500,2012-06-14,OEM A,OEM A MG310,CONSTRUCTION,MOTOR GRADER,,1637,,1
1DX819VKTCO958510,2013-04-29,OEM A,OEM A WL650,CONSTRUCTION,WHEEL LOADER,,6579,,1
1DX087HUQNT393022,2017-04-22,OEM A,OEM A MG330K,CONSTRUCTION,MOTOR GRADER,2020-07-09,6615,,1
1AX552JCBZN151603,2018-06-25,OEM A,OEM A BL210,CONSTRUCTION,BACKHOE LOADER,,2215,,1
1AX792CJEGX535918,2019-02-20,OEM A,OEM A BL650G,CONSTRUCTION,BACKHOE LOADER,2015-03-01,4206,,1
1EX487IPQPZ567916,2013-01-25,OEM A,OEM A FW210,FORESTRY,FORWARDER,,6165,,1
1AX608ZHMND762198,2013-08-04,OEM A,OEM A BL210,CONSTRUCTION,BACKHOE LOADER,2017-07-08,2217,,1
1DX263ERTZG459602,2011-03-24,OEM A,OEM A WL310,CONSTRUCTION,WHEEL LOADER,2019-06-16,2468,,1
1CX691HHVXE783372,2016-03-07,OEM A,OEM A CD650,CONSTRUCTION,BULLDOZER,,8438,,1
1AX686JVLXT894282,2013-11-30,OEM A,OEM A BL210,CONSTRUCTION,BACKHOE LOADER,,7814,,1
1EX302EGNSH183337,2018-05-20,OEM A,OEM A TH650,FORESTRY,HARVESTER,,5523,,1
1DX653KGJQX019367,2011-09-02,OEM A,OEM A WL210,CONSTRUCTION,WHEEL LOADER,,3991,,1
1DX297YSUSW659463,2015-02-23,OEM A,OEM A WL650,CONSTRUCTION,WHEEL LOADER,2020-01-11,1596,,1
1DX064BINRB968519,2016-07-11,OEM A,OEM A WL310,CONSTRUCTION,WHEEL LOADER,,7524,,1
1EX260DFWBZ838007,2016-08-11,OEM A,OEM A WH650,FORESTRY,HARVESTER,2019-11-22,7119,,1
1DX066MWPIH315561,2013-12-16,OEM A,OEM A WL210,CONSTRUCTION,WHEEL LOADER,,7640,,1
1EX348ATHYT956964,2012-06-01,OEM A,OEM A FW650,FORESTRY,FORWARDER,2016-07-31,6839,,1
1DX438YNPYE392518,2012-08-06,OEM A,OEM A WL650,CONSTRUCTION,WHEEL LOADER,,8792,,1
1AX862KFSWE582042,2020-04-01,OEM A,OEM A BL650,CONSTRUCTION,BACKHOE LOADER,2018-04-08,3120,,1
1EX050JVVYU251858,2016-06-09,OEM A,OEM A TH210,FORESTRY,HARVESTER,2017-11-26,2253,,1
1AX052JLKVX358206,2015-05-04,OEM A,OEM A BL210,CONSTRUCTION,BACKHOE LOADER,,2397,,1
1FX964FNQYS588211,2014-11-20,OEM A,OEM A SM650,FORESTRY,SWING MACHINE,,5189,,1
1FX090DHCVF854710,2018-09-27,OEM A,OEM A SM650,FORESTRY,SWING MACHINE,,5612,,1
1EX192IZOYX968052,2020-08-02,OEM A,OEM A WH520G,FORESTRY,HARVESTER,,6267,,1
1DX479GZFLS169783,2014-05-08,OEM A,OEM A MG210,CONSTRUCTION,MOTOR GRADER,,2713,,1
1AX570RFTUD603605,2013-02-25,OEM A,OEM A BL210,CONSTRUCTION,BACKHOE LOADER,2018-01-22,496,25723,1
1DX515QXSEK609902,2015-07-07,OEM A,OEM A MG650,CONSTRUCTION,MOTOR GRADER,,3495,,1
1EX275QWKRE558987,2012-01-13,OEM A,OEM A WH210,FORESTRY,HARVESTER,2019-11-04,7832,,1
1AX082EYOBG184314,2019-12-20,OEM A,OEM A BL650,CONSTRUCTION,BACKHOE LOADER,,6687,,1
1DX063AMPAC503578,2013-10-14,OEM A,OEM A WL650,CONSTRUCTION,WHEEL LOADER,,1250,,1
HCM659MYRGW517020,2017-05-03,OEM A,OEM A KB650,FORESTRY,KNUCKLEBOOM,,3796,,1
1FX767LPTRX057309,2019-02-09,OEM A,OEM A FB310K,FORESTRY,FELLER BUNCHER,2019-03-27,5997,,1
1DX027HDTDX113798,2017-11-14,OEM A,OEM A WL310L,CONSTRUCTION,WHEEL LOADER,2018-07-31,8400,76555,1
1AX360BDPWP730294,2012-04-14,OEM A,OEM A BL410,CONSTRUCTION,BACKHOE LOADER,,2585,,1
1AX190GBRHX884265,2016-05-01,OEM A,OEM A BL650,CONSTRUCTION,BACKHOE LOADER,2018-07-25,6541,,1
1DX363GWHUA160123,2018-09-15,OEM A,OEM A MG520G,CONSTRUCTION,MOTOR GRADER,2018-09-27,4994,,1
1FX581ZOJLR657363,2019-01-26,OEM A,OEM A SK410,FORESTRY,SKIDDER,2017-05-10,3995,,1
1EX424GBANZ718740,2013-08-11,OEM A,OEM A WH210,FORESTRY,HARVESTER,,3550,,1
1AX899OKTQF576243,2020-02-11,OEM A,OEM A BL410,CONSTRUCTION,BACKHOE LOADER,2016-08-03,4507,,1
1BX780FOQXJ412502,2011-07-01,OEM A,OEM A EX310,CONSTRUCTION,EXCAVATOR,2019-07-10,1092,,1
1AX051PJYES916456,2015-08-18,OEM A,OEM A BL210,CONSTRUCTION,BACKHOE LOADER,,2365,,1
1AX348NZNRS003117,2020-03-24,OEM A,OEM A BL410,CONSTRUCTION,BACKHOE LOADER,2018-01-02,7889,,1
1DX308XSAOA071426,2013-07-23,OEM A,OEM A MG310,CONSTRUCTION,MOTOR GRADER,2019-02-10,7364,,1
1DX192DUOVR824654,2016-12-18,OEM A,OEM A MG310,CONSTRUCTION,MOTOR GRADER,2019-05-25,1450,,1
1DX625SNGXQ322551,2019-07-19,OEM A,OEM A WL210K,CONSTRUCTION,WHEEL LOADER,,7733,,1
1AX706YGTKM269834,2011-10-17,OEM A,OEM A BL650,CONSTRUCTION,BACKHOE LOADER,2016-03-19,633,,1
HCM851UTJPM870878,2013-11-25,OEM A,OEM A KB410,FORESTRY,KNUCKLEBOOM,,677,,1
1AX312LNSFV800483,2019-02-11,OEM A,OEM A BL410,CONSTRUCTION,BACKHOE LOADER,2019-01-22,8380,,1
1EX300RUJPQ879625,2019-08-14,OEM A,OEM A FW410,FORESTRY,FORWARDER,,8674,,1
1DX284JDFQG066168,2017-02-11,OEM A,OEM A WL410,CONSTRUCTION,WHEEL LOADER,,2226,,1
1DX379BODFD093188,2018-02-28,OEM A,OEM A MG410,CONSTRUCTION,MOTOR GRADER,2016-11-07,2365,,1
1AX221AVUVT229724,2020-10-17,OEM A,OEM A BL310,CONSTRUCTION,BACKHOE LOADER,2016-01-28,7993,,1
1FX190GRRIC470140,2014-09-12,OEM A,OEM A SM210,FORESTRY,SWING MACHINE,,5372,,1
1DX631YFKQE736603,2016-02-25,OEM A,OEM A MG310,CONSTRUCTION,MOTOR GRADER,,6088,,1
1EX062STZIJ309917,2013-06-27,OEM A,OEM A TH210,FORESTRY,HARVESTER,,307,,1
1DX565HKZTM013730,2020-07-27,OEM A,OEM A MG410,CONSTRUCTION,MOTOR GRADER,,4599,,1
1FX434BLXJP880693,2014-04-04,OEM A,OEM A SM250L,FORESTRY,SWING MACHINE,2019-08-13,1675,,1
1AX293RHZHU648413,2017-06-17,OEM A,OEM A BL650K,CONSTRUCTION,BACKHOE LOADER,2020-05-06,1033,,1
1FX883WCVJC989107,2013-12-17,OEM A,OEM A SM210,FORESTRY,SWING MACHINE,2016-01-03,971,,1
1DX440DHABB362898,2013-10-28,OEM A,OEM A MG410K,CONSTRUCTION,MOTOR GRADER,2020-02-02,8235,8254,1
1FX661JZCJD729721,2018-07-31,OEM A,OEM A SM330,FORESTRY,SWING MACHINE,,5826,,1
1FX117WCSSG926634,2011-02-05,OEM A,OEM A SK650,FORESTRY,SKIDDER,2020-07-21,8856,,1
1AX489GTUIU819931,2012-07-20,OEM A,OEM A BL210,CONSTRUCTION,BACKHOE LOADER,,1583,,1
1BX474TLLYG350498,2018-11-14,OEM A,OEM A EX310L,CONSTRUCTION,EXCAVATOR,2015-02-08,4708,,1
1DX172QCXBM056276,2020-06-21,OEM A,OEM A MG310,CONSTRUCTION,MOTOR GRADER,,4610,,1
1EX976XNVMP187092,2012-11-19,OEM A,OEM A WH310,FORESTRY,HARVESTER,,1771,,1
1DX820ORVKD382958,2012-09-22,OEM A,OEM A MG210,CONSTRUCTION,MOTOR GRADER,,7291,,1
1AX749QEVWI692700,2012-05-15,OEM A,OEM A BL210,CONSTRUCTION,BACKHOE LOADER,,5115,,1
1DX063MXAVG919802,2018-09-10,OEM A,OEM A WL650,CONSTRUCTION,WHEEL LOADER,,8321,,1
1DX345IFTMP804879,2011-02-07,OEM A,OEM A WL210,CONSTRUCTION,WHEEL LOADER,2019-09-08,3875,,1
1DX447HBOIL094834,2012-11-03,OEM A,OEM A MG210,CONSTRUCTION,MOTOR GRADER,,8833,,1
1AX109HSATN485507,2012-09-22,OEM A,OEM A BL210K,CONSTRUCTION,BACKHOE LOADER,2020-12-26,1306,,1
1EX630QPUEY936962,2020-09-17,OEM A,OEM A FW210,FORESTRY,FORWARDER,,6511,,1
1DX340LFEHS883397,2015-03-28,OEM A,OEM A WL210,CONSTRUCTION,WHEEL LOADER,,7508,,1
1DX471QWHIQ425905,2017-06-22,OEM A,OEM A MG310L,CONSTRUCTION,MOTOR GRADER,2018-11-08,5169,,1
1DX584GTRFV795555,2018-03-31,OEM A,OEM A MG410,CONSTRUCTION,MOTOR GRADER,,1105,,1
1DX295BDPCI817055,2018-01-10,OEM A,OEM A MG410,CONSTRUCTION,MOTOR GRADER,,2727,,1
1EX011CJNPL660310,2011-02-11,OEM A,OEM A WH650,FORESTRY,HARVESTER,,2793,,1
1BX549PMYKS690560,2013-03-23,OEM A,OEM A EX310,CONSTRUCTION,EXCAVATOR,,6155,,1
1BX768DMCEV778417,2018-01-04,OEM A,OEM A EX410,CONSTRUCTION,EXCAVATOR,2020-04-10,6782,,1
1EX743MXUSN499681,2014-02-10,OEM A,OEM A WH310,FORESTRY,HARVESTER,,8773,,1
1DX869IIDMM860456,2019-04-26,OEM A,OEM A MG700,CONSTRUCTION,MOTOR GRADER,2015-06-03,8873,,1
1DX284BPSIR342284,2019-08-06,OEM A,OEM A WL520,CONSTRUCTION,WHEEL LOADER,2016-10-31,6697,7661,1
1CX334SHNZE357264,2018-05-13,OEM A,OEM A CD700L,CONSTRUCTION,BULLDOZER,2016-09-09,6848,6613,1
1DX633MORTW957755,2013-07-10,OEM A,OEM A MG310,CONSTRUCTION,MOTOR GRADER,,1658,,1
1FX582AZVAB135558,2018-10-24,OEM A,OEM A SM330G,FORESTRY,SWING MACHINE,2017-12-17,1964,,1
1EX361BDYKS061744,2018-11-06,OEM A,OEM A WH520G,FORESTRY,HARVESTER,2016-11-29,3705,,1
1DX886WONUA878319,2015-12-01,OEM A,OEM A MG310,CONSTRUCTION,MOTOR GRADER,2017-04-14,2645,,1
1EX025YHPYL188316,2015-11-05,OEM A,OEM A WH410,FORESTRY,HARVESTER,2016-08-23,2458,,1
1DX417KKPVQ282622,2020-02-08,OEM A,OEM A MG410,CONSTRUCTION,MOTOR GRADER,2020-07-03,6758,,1
1DX102YFSRK796345,2017-12-30,OEM A,OEM A WL250,CONSTRUCTION,WHEEL LOADER,2017-06-13,1005,,1
1EX622HSFJN855607,2011-11-07,OEM A,OEM A FW410,FORESTRY,FORWARDER,2018-05-29,2627,,1
1DX548PYSDH533141,2018-03-19,OEM A,OEM A WL210,CONSTRUCTION,WHEEL LOADER,,2757,,1
1DX143RSOUD446330,2014-03-19,OEM A,OEM A WL410,CONSTRUCTION,WHEEL LOADER,2018-10-22,8620,,1
1DX408DHZEJ581383,2015-12-19,OEM A,OEM A MG250L,CONSTRUCTION,MOTOR GRADER,,4731,,1
1DX516NTFFG620809,2012-11-22,OEM A,OEM A MG410,CONSTRUCTION,MOTOR GRADER,,4872,,1
1DX180BRLUL124349,2016-05-14,OEM A,OEM A WL310,CONSTRUCTION,WHEEL LOADER,2019-10-14,6268,,1
HCM455VDACC345560,2012-11-03,OEM A,OEM A KB210,FORESTRY,KNUCKLEBOOM,,2389,,1
1AX364VJODP715420,2018-03-15,OEM A,OEM A BL650,CONSTRUCTION,BACKHOE LOADER,,5672,,1
1DX556WUBUV937995,2013-05-14,OEM A,OEM A WL310,CONSTRUCTION,WHEEL LOADER,2016-04-20,8581,,1
1DX420ZSQEU970149,2011-01-15,OEM A,OEM A WL650,CONSTRUCTION,WHEEL LOADER,2018-07-29,611,,1
1FX131PZQCP093191,2018-11-13,OEM A,OEM A SM650,FORESTRY,SWING MACHINE,,8594,,1
1DX850ASHRB070277,2016-10-04,OEM A,OEM A WL210,CONSTRUCTION,WHEEL LOADER,2018-12-25,3793,,1
1DX506VCBHK238931,2020-10-10,OEM A,OEM A MG410,CONSTRUCTION,MOTOR GRADER,2017-05-24,1854,,1
1DX835RUZYL138994,2014-01-05,OEM A,OEM A WL310,CONSTRUCTION,WHEEL LOADER,,3103,,1
1DX445AZCEY409251,2018-06-30,OEM A,OEM A MG650K,CONSTRUCTION,MOTOR GRADER,2019-10-26,6397,,1
1AX973GMCBL872244,2011-10-20,OEM A,OEM A BL210,CONSTRUCTION,BACKHOE LOADER,,421,,1
1EX010YNBFV608589,2020-10-17,OEM A,OEM A TH410,FORESTRY,HARVESTER,,8032,,1
1DX074WKRWF067360,2020-08-16,OEM A,OEM A WL410,CONSTRUCTION,WHEEL LOADER,2016-04-13,4604,,1
1DX870SQJKF167940,2012-01-25,OEM A,OEM A MG210,CONSTRUCTION,MOTOR GRADER,,6837,,1
1FX901YVSOQ911980,2019-02-02,OEM A,OEM A SK210,FORESTRY,SKIDDER,,2188,,1
1DX039TOGTP696354,2013-10-19,OEM A,OEM A MG310,CONSTRUCTION,MOTOR GRADER,,8855,,1
1DX407CWGDP592744,2011-04-28,OEM A,OEM A WL410,CONSTRUCTION,WHEEL LOADER,2016-06-22,414,,1
1FX589NMULB164335,2011-07-10,OEM A,OEM A SK650,FORESTRY,SKIDDER,,671,,1
1DX597VGXXA637771,2017-10-11,OEM A,OEM A WL650,CONSTRUCTION,WHEEL LOADER,2018-08-21,6951,17556,1
1DX348NIHFW086707,2012-01-19,OEM A,OEM A WL210,CONSTRUCTION,WHEEL LOADER,,8557,,1
1AX199NMIGT345705,2016-10-22,OEM A,OEM A BL310L,CONSTRUCTION,BACKHOE LOADER,,4609,,1
1DX036OLMNI032598,2019-06-19,OEM A,OEM A WL310,CONSTRUCTION,WHEEL LOADER,,6850,,1
1DX057YMGEM302905,2018-04-08,OEM A,OEM A MG410,CONSTRUCTION,MOTOR GRADER,,8109,,1
1EX958KQZSZ888385,2011-09-23,OEM A,OEM A TH310,FORESTRY,HARVESTER,2017-12-15,3998,,1
1DX406THRYZ778697,2019-12-27,OEM A,OEM A WL410,CONSTRUCTION,WHEEL LOADER,2016-09-18,7389,,1
1EX647FUARR760325,2018-07-06,OEM A,OEM A WH700K,FORESTRY,HARVESTER,,3117,,1
1DX534JRKNB246139,2016-12-30,OEM A,OEM A WL210,CONSTRUCTION,WHEEL LOADER,,2349,,1
1EX867MHWMH371971,2017-09-08,OEM A,OEM A WH210,FORESTRY,HARVESTER,,6910,,1
1AX503JMNYF464533,2014-08-20,OEM A,OEM A BL410,CONSTRUCTION,BACKHOE LOADER,2020-04-15,3752,,1
1BX812VCGXV973991,2017-06-12,OEM A,OEM A EX410,CONSTRUCTION,EXCAVATOR,,3701,,1
1DX875STQPD124329,2018-09-06,OEM A,OEM A MG310L,CONSTRUCTION,MOTOR GRADER,,7475,,1
1FX261JJAZQ990549,2017-09-06,OEM A,OEM A SM210,FORESTRY,SWING MACHINE,,673,,1
1AX222CCEVE307680,2017-11-16,OEM A,OEM A BL410,CONSTRUCTION,BACKHOE LOADER,,7539,,1
1DX002LFHAV596202,2012-01-10,OEM A,OEM A WL410,CONSTRUCTION,WHEEL LOADER,2019-09-24,6184,,1
1DX528RQMHO930596,2018-03-14,OEM A,OEM A WL650,CONSTRUCTION,WHEEL LOADER,2016-05-14,4454,,1
1BX317AHMUP789127,2013-08-22,OEM A,OEM A EX210,CONSTRUCTION,EXCAVATOR,,7213,,1
1AX105KLTPA673243,2018-04-28,OEM A,OEM A BL310,CONSTRUCTION,BACKHOE LOADER,2019-08-13,3591,,1
1BX658NEQMH043471,2017-11-01,OEM A,OEM A EX410,CONSTRUCTION,EXCAVATOR,2020-02-05,6066,,1
1FX601QGMYW040255,2015-05-22,OEM A,OEM A SM410,FORESTRY,SWING MACHINE,,4158,,1
1DX397SNRZI118997,2018-03-28,OEM A,OEM A MG650,CONSTRUCTION,MOTOR GRADER,2016-06-19,1949,,1
1FX866WYWUX454472,2015-08-11,OEM A,OEM A SM650,FORESTRY,SWING MACHINE,,6272,,1
1DX571MKGMM043806,2016-11-24,OEM A,OEM A WL310,CONSTRUCTION,WHEEL LOADER,2016-11-12,8032,,1
1DX743EMTVD053810,2013-04-26,OEM A,OEM A MG650,CONSTRUCTION,MOTOR GRADER,,2598,,1
1DX702NDCQW219965,2018-03-21,OEM A,OEM A MG250K,CONSTRUCTION,MOTOR GRADER,2017-08-23,1308,37186,1
1FX112BWTAZ882345,2011-04-09,OEM A,OEM A SK310,FORESTRY,SKIDDER,,4222,,1
1DX351AJZTP582249,2014-12-29,OEM A,OEM A MG650,CONSTRUCTION,MOTOR GRADER,,8085,,1
1AX015HKQED976107,2012-07-10,OEM A,OEM A BL210,CONSTRUCTION,BACKHOE LOADER,,5256,,1
1DX752KIFYC566888,2019-02-14,OEM A,OEM A WL330G,CONSTRUCTION,WHEEL LOADER,2020-06-15,7507,,1
1AX757YRFZR704554,2015-08-28,OEM A,OEM A BL210,CONSTRUCTION,BACKHOE LOADER,,4596,,1
1EX315BXUOA875410,2011-03-04,OEM A,OEM A TH650,FORESTRY,HARVESTER,,3431,,1
1DX692YSFZQ540925,2014-11-06,OEM A,OEM A MG310,CONSTRUCTION,MOTOR GRADER,,5291,,1
1DX003WLAHX331810,2020-09-12,OEM A,OEM A WL650L,CONSTRUCTION,WHEEL LOADER,2017-01-25,2763,68390,1
1FX120GRJNV015135,2017-01-24,OEM A,OEM A SM310,FORESTRY,SWING MACHINE,,2139,,1
1DX232ELAFQ730442,2012-12-20,OEM A,OEM A WL210,CONSTRUCTION,WHEEL LOADER,2019-02-14,750,,1
1FX101AYQKW963160,2018-11-10,OEM A,OEM A SK210,FORESTRY,SKIDDER,2018-06-21,4447,,1
1FX736OTRGF698476,2017-01-04,OEM A,OEM A SK410G,FORESTRY,SKIDDER,2019-04-06,2350,,1
1DX163CTLBG195883,2020-02-21,OEM A,OEM A WL410,CONSTRUCTION,WHEEL LOADER,2019-06-30,2413,,1
1DX499JSFKM548198,2014-03-06,OEM A,OEM A WL310,CONSTRUCTION,WHEEL LOADER,2017-08-08,6529,,1
1DX012JULYZ575977,2012-08-01,OEM A,OEM A MG310,CONSTRUCTION,MOTOR GRADER,,5597,,1
1EX631QETYO938980,2020-12-12,OEM A,OEM A WH310,FORESTRY,HARVESTER,2016-07-22,1521,,1
1DX950WMNLI907763,2016-09-13,OEM A,OEM A MG210,CONSTRUCTION,MOTOR GRADER,,4722,,1
1DX167WJSBO151424,2015-02-19,OEM A,OEM A WL650K,CONSTRUCTION,WHEEL LOADER,,6114,38191,1
1FX641HPLRF718885,2014-03-15,OEM A,OEM A SK330G,FORESTRY,SKIDDER,,1122,,1
1CX262BMHZQ461984,2015-09-23,OEM A,OEM A CD520G,CONSTRUCTION,BULLDOZER,,2793,,1
1CX593EIOAP045635,2019-05-07,OEM A,OEM A CD410,CONSTRUCTION,BULLDOZER,2019-06-04,7460,,1
1AX935ZDNGJ468016,2020-06-05,OEM A,OEM A BL250L,CONSTRUCTION,BACKHOE LOADER,2019-03-14,1524,50166,1
1EX033CODBB694624,2012-07-28,OEM A,OEM A TH310,FORESTRY,HARVESTER,2017-04-16,8885,,1
1AX496DBNBH414697,2012-05-28,OEM A,OEM A BL650,CONSTRUCTION,BACKHOE LOADER,,6676,,1
1DX875GZOWD104021,2016-01-29,OEM A,OEM A WL650,CONSTRUCTION,WHEEL LOADER,,1059,,1
1DX361RHGPY459033,2018-02-20,OEM A,OEM A WL310,CONSTRUCTION,WHEEL LOADER,,8651,,1
1DX478OFOHO081305,2012-01-24,OEM A,OEM A MG410,CONSTRUCTION,MOTOR GRADER,,3028,,1
1DX341BWVVB990202,2019-04-08,OEM A,OEM A WL520K,CONSTRUCTION,WHEEL LOADER,,7104,,1
1DX636FZBWD427227,2013-07-31,OEM A,OEM A MG410,CONSTRUCTION,MOTOR GRADER,,154,,1
1DX763STPTX081795,2018-02-15,OEM A,OEM A MG210,CONSTRUCTION,MOTOR GRADER,2017-09-24,6268,,1
1FX487UQVFS338770,2017-02-03,OEM A,OEM A SM410,FORESTRY,SWING MACHINE,,7359,,1
1EX776QYQFF507040,2016-08-26,OEM A,OEM A WH310,FORESTRY,HARVESTER,,8181,,1
1FX955GBPGG360841,2017-10-17,OEM A,OEM A FB210,FORESTRY,FELLER BUNCHER,,4031,,1
1AX447ITNFE997161,2011-10-01,OEM A,OEM A BL210,CONSTRUCTION,BACKHOE LOADER,,8260,,1
1DX317JYBVX119556,2016-11-26,OEM A,OEM A MG410L,CONSTRUCTION,MOTOR GRADER,2016-05-19,2641,,1
1EX231ZLJEU302163,2017-03-14,OEM A,OEM A WH210L,FORESTRY,HARVESTER,2019-03-04,3615,,1
1CX041LSEWJ322993,2019-04-08,OEM A,OEM A CD650,CONSTRUCTION,BULLDOZER,2019-09-04,5854,,1
1DX335AHBLS015526,2012-12-16,OEM A,OEM A WL650,CONSTRUCTION,WHEEL LOADER,2019-08-14,1732,,1
1DX749NVEXL270454,2019-09-26,OEM A,OEM A MG410,CONSTRUCTION,MOTOR GRADER,2019-06-11,4754,34895,1
1DX595LMUPH087504,2018-04-06,OEM A,OEM A WL410L,CONSTRUCTION,WHEEL LOADER,2016-01-15,6974,,1
1DX854DBDVM936426,2013-12-16,OEM A,OEM A MG210,CONSTRUCTION,MOTOR GRADER,,5819,,1
1DX034TWOUC686038,2011-03-07,OEM A,OEM A MG650,CONSTRUCTION,MOTOR GRADER,,3866,,1
1EX091XYBUI140738,2012-12-23,OEM A,OEM A FW410,FORESTRY,FORWARDER,,3675,,1
1FX116XWIHL525241,2016-01-23,OEM A,OEM A SM210,FORESTRY,SWING MACHINE,,5958,,1
1CX714YOPPX728141,2018-01-29,OEM A,OEM A CD650L,CONSTRUCTION,BULLDOZER,2018-08-11,1163,,1
1FX468LUDCF003708,2015-12-20,OEM A,OEM A SM310,FORESTRY,SWING MACHINE,,4748,,1
HCM015HCVKP894255,2017-03-04,OEM A,OEM A KB310K,FORESTRY,KNUCKLEBOOM,,3507,,1
1DX783VVCGN806258,2019-08-31,OEM A,OEM A MG520G,CONSTRUCTION,MOTOR GRADER,2020-05-02,1894,,1
1FX136ACTZU939486,2020-03-30,OEM A,OEM A FB410,FORESTRY,FELLER BUNCHER,2019-12-14,4585,,1
HCM940BBCMT676326,2015-09-25,OEM A,OEM A KB250,FORESTRY,KNUCKLEBOOM,2019-05-31,8284,,1
1EX807NYLLW575538,2020-11-11,OEM A,OEM A WH310,FORESTRY,HARVESTER,,4799,,1
1DX462XAQXB835783,2012-07-14,OEM A,OEM A MG700,CONSTRUCTION,MOTOR GRADER,2016-08-18,4991,11158,1
1DX279FNHCI676748,2019-11-29,OEM A,OEM A MG700L,CONSTRUCTION,MOTOR GRADER,,7301,,1
1DX813VRBSC873266,2020-03-16,OEM A,OEM A WL210L,CONSTRUCTION,WHEEL LOADER,2015-01-23,3605,,1
1CX672AAOIA228256,2020-02-04,OEM A,OEM A CD310,CONSTRUCTION,BULLDOZER,,5415,,1
1BX595UJGIG095978,2020-08-19,OEM A,OEM A EX650,CONSTRUCTION,EXCAVATOR,2016-07-27,6430,,1
1DX586DJMPD599815,2013-04-12,OEM A,OEM A WL310,CONSTRUCTION,WHEEL LOADER,,4905,,1
1DX247ETQLO957493,2018-03-18,OEM A,OEM A WL210,CONSTRUCTION,WHEEL LOADER,2018-05-03,2127,,1
1FX453DNGMI863062,2015-09-22,OEM A,OEM A SM650,FORESTRY,SWING MACHINE,,5430,,1
1DX821CNVZA638231,2019-06-28,OEM A,OEM A MG310,CONSTRUCTION,MOTOR GRADER,,6247,,1
1DX380NXIIK801124,2015-01-19,OEM A,OEM A WL520G,CONSTRUCTION,WHEEL LOADER,2016-11-19,7099,25622,1
1EX628IACVG100557,2012-09-05,OEM A,OEM A WH410,FORESTRY,HARVESTER,,5348,,1
1AX614OMYVA997909,2014-12-04,OEM A,OEM A BL410,CONSTRUCTION,BACKHOE LOADER,,8780,,1
1DX331JJQOJ109846,2019-05-14,OEM A,OEM A MG210,CONSTRUCTION,MOTOR GRADER,2016-04-14,7120,,1
1BX805CAALY550776,2012-06-11,OEM A,OEM A EX650L,CONSTRUCTION,EXCAVATOR,2020-01-20,5003,18869,1
1DX708JDODD324124,2017-03-11,OEM A,OEM A MG650,CONSTRUCTION,MOTOR GRADER,2018-07-29,6010,,1
1DX402ZODST437333,2019-02-23,OEM A,OEM A MG410,CONSTRUCTION,MOTOR GRADER,,7098,,1
1DX081BNIUL889516,2017-03-22,OEM A,OEM A WL210,CONSTRUCTION,WHEEL LOADER,,5796,,1
1CX317PNDWR778662,2015-10-29,OEM A,OEM A CD210,CONSTRUCTION,BULLDOZER,,715,,1
1EX707QFVWW108948,2015-08-04,OEM A,OEM A FW650,FORESTRY,FORWARDER,,2168,,1
1BX934NCNEN749576,2013-10-30,OEM A,OEM A EX210,CONSTRUCTION,EXCAVATOR,2018-11-07,6352,,1
1DX694YOHZJ327114,2011-12-25,OEM A,OEM A MG310L,CONSTRUCTION,MOTOR GRADER,2018-04-19,5441,58774,1
1DX334UCZNK872706,2013-03-28,OEM A,OEM A MG410,CONSTRUCTION,MOTOR GRADER,,3628,,1
1DX139ECWSV977512,2015-01-03,OEM A,OEM A MG650,CONSTRUCTION,MOTOR GRADER,,4109,,1
1AX960TRCAO429997,2017-12-19,OEM A,OEM A BL410,CONSTRUCTION,BACKHOE LOADER,2015-07-28,6892,,1
1DX755ECLUK590755,2016-06-10,OEM A,OEM A MG210,CONSTRUCTION,MOTOR GRADER,2016-10-17,5799,,1
1AX436HGOUK955568,2015-03-20,OEM A,OEM A BL410,CONSTRUCTION,BACKHOE LOADER,,898,,1
1FX931TJJPL525758,2014-04-09,OEM A,OEM A SM650,FORESTRY,SWING MACHINE,2018-10-11,4486,,1
1DX126AUHNP833474,2013-05-14,OEM A,OEM A MG310,CONSTRUCTION,MOTOR GRADER,2017-04-17,982,,1
1DX570JAWAL741717,2019-10-04,OEM A,OEM A MG210G,CONSTRUCTION,MOTOR GRADER,,6629,,1
1DX720ZUFSY218259,2012-06-03,OEM A,OEM A MG650,CONSTRUCTION,MOTOR GRADER,2016-01-09,5006,,1
1FX152FNOMJ485233,2019-07-27,OEM A,OEM A FB410,FORESTRY,FELLER BUNCHER,2019-11-11,2436,,1
1DX096ONVII407008,2017-01-12,OEM A,OEM A MG250L,CONSTRUCTION,MOTOR GRADER,,3136,33853,1
HCM243UQDNT862015,2019-12-01,OEM A,OEM A KB210L,FORESTRY,KNUCKLEBOOM,2019-02-17,3529,,1
1EX560TJANX724157,2014-10-15,OEM A,OEM A FW210,FORESTRY,FORWARDER,,5839,,1
1EX212HMWGH845012,2021-10-27,OEM A,OEM A FW250L,FORESTRY,FORWARDER,2020-04-16,655,,1
1DX998GREMQ923125,2015-07-15,OEM A,OEM A WL410,CONSTRUCTION,WHEEL LOADER,,2021,,1
1DX252VQLNK284580,2018-02-01,OEM A,OEM A MG700,CONSTRUCTION,MOTOR GRADER,2017-07-31,2231,,1
1DX937RDNYZ177155,2014-10-08,OEM A,OEM A MG410,CONSTRUCTION,MOTOR GRADER,,919,,1
1DX156CXPKT146918,2017-01-22,OEM A,OEM A WL310,CONSTRUCTION,WHEEL LOADER,2018-12-27,5819,,1
1DX025RKWQS126095,2015-09-28,OEM A,OEM A MG410,CONSTRUCTION,MOTOR GRADER,2016-08-22,7190,,1
1AX177WDYTF422729,2013-08-08,OEM A,OEM A BL650,CONSTRUCTION,BACKHOE LOADER,,6367,,1
1DX609DJFZR609397,2015-03-09,OEM A,OEM A MG520G,CONSTRUCTION,MOTOR GRADER,2017-01-10,7070,,1
1DX291ZHDGA356173,2015-08-05,OEM A,OEM A WL210,CONSTRUCTION,WHEEL LOADER,2019-05-02,8594,,1
1DX923JAVPV636779,2020-04-11,OEM A,OEM A MG310,CONSTRUCTION,MOTOR GRADER,,8979,,1
1DX379EGFHB336376,2020-04-10,OEM A,OEM A WL250G,CONSTRUCTION,WHEEL LOADER,2018-11-20,6463,,1
1EX503EWUOZ306445,2017-12-16,OEM A,OEM A WH310,FORESTRY,HARVESTER,,365,,1
1FX284VSRHW505758,2016-06-22,OEM A,OEM A SK410,FORESTRY,SKIDDER,2018-01-04,7027,,1
1DX685RJRMO326103,2012-01-04,OEM A,OEM A MG650,CONSTRUCTION,MOTOR GRADER,2018-12-23,1800,,1
1FX763JDUME518367,2017-01-10,OEM A,OEM A SM410,FORESTRY,SWING MACHINE,2019-04-03,6342,,1
1DX827RTLJZ889056,2019-12-14,OEM A,OEM A MG520G,CONSTRUCTION,MOTOR GRADER,2016-07-01,1750,,1
1EX583DIHUK372557,2017-10-02,OEM A,OEM A FW310,FORESTRY,FORWARDER,2016-06-11,5024,,1
1AX673ECRBH013686,2020-10-17,OEM A,OEM A BL310K,CONSTRUCTION,BACKHOE LOADER,2018-05-28,3234,,1
1FX482JAQLU794563,2017-12-12,OEM A,OEM A SK210G,FORESTRY,SKIDDER,2017-09-17,3335,,1
1FX226JLBEW154761,2019-01-30,OEM A,OEM A FB210K,FORESTRY,FELLER BUNCHER,2019-11-27,948,,1
1EX327WUEQF365536,2017-01-10,OEM A,OEM A FW330,FORESTRY,FORWARDER,2015-07-16,7043,,1
1EX296UCFQP782942,2017-11-11,OEM A,OEM A TH310,FORESTRY,HARVESTER,2019-01-30,8021,,1
1EX021JFPYX320023,2018-10-25,OEM A,OEM A WH210,FORESTRY,HARVESTER,,988,,1
1DX687FEDHF256895,2019-10-14,OEM A,OEM A WL650,CONSTRUCTION,WHEEL LOADER,2019-01-09,3528,,1
1DX662ZYMNK262493,2015-08-20,OEM A,OEM A MG250,CONSTRUCTION,MOTOR GRADER,,320,,1
1EX809SDRBU878708,2018-11-12,OEM A,OEM A TH310,FORESTRY,HARVESTER,2017-05-06,1151,,1
1EX165EVNQA355100,2015-09-27,OEM A,OEM A WH250L,FORESTRY,HARVESTER,2016-03-02,5889,,1
1EX285HCJMV946825,2011-07-05,OEM A,OEM A WH310,FORESTRY,HARVESTER,,6390,,1
HCM627EUWHL695565,2015-01-19,OEM A,OEM A KB210L,FORESTRY,KNUCKLEBOOM,2020-04-08,7216,,1
1FX399YAYKD557418,2015-07-12,OEM A,OEM A FB310,FORESTRY,FELLER BUNCHER,,8675,,1
1DX339AYTDQ590373,2020-08-01,OEM A,OEM A MG410,CONSTRUCTION,MOTOR GRADER,,525,,1
1EX891CAYNS405819,2013-10-13,OEM A,OEM A TH210,FORESTRY,HARVESTER,,1951,,1
1DX790SMZGY163251,2011-09-15,OEM A,OEM A MG210,CONSTRUCTION,MOTOR GRADER,,7234,,1
1BX939WYLHY290492,2018-02-28,OEM A,OEM A EX650,CONSTRUCTION,EXCAVATOR,,3597,,1
1AX232IGYZC237892,2018-10-27,OEM A,OEM A BL210,CONSTRUCTION,BACKHOE LOADER,,1463,,1
1DX337LMLBG434128,2015-02-22,OEM A,OEM A WL210,CONSTRUCTION,WHEEL LOADER,,3668,,1
1DX016EYABO097277,2020-09-30,OEM A,OEM A WL650G,CONSTRUCTION,WHEEL LOADER,2020-06-29,3213,20050,1
1FX129SYWLW367167,2011-10-23,OEM A,OEM A SM310,FORESTRY,SWING MACHINE,2018-10-30,4273,,1
1DX633AYETE401781,2020-01-22,OEM A,OEM A WL410,CONSTRUCTION,WHEEL LOADER,,538,,1
1EX318QSIIJ601191,2015-09-03,OEM A,OEM A WH410,FORESTRY,HARVESTER,2016-06-10,8268,,1
1DX253EKKWR989153,2014-04-10,OEM A,OEM A MG410,CONSTRUCTION,MOTOR GRADER,,8419,,1
1FX851TFNCM486537,2011-10-01,OEM A,OEM A SK310,FORESTRY,SKIDDER,2019-01-17,8687,,1
1AX123QTSGA543499,2014-07-17,OEM A,OEM A BL650,CONSTRUCTION,BACKHOE LOADER,,5318,,1
1DX201DANTK426270,2011-08-31,OEM A,OEM A MG410,CONSTRUCTION,MOTOR GRADER,2017-04-11,5125,,1
1AX620OFNZC515259,2017-06-24,OEM A,OEM A BL410,CONSTRUCTION,BACKHOE LOADER,,6043,,1
1AX911RKJLW546553,2011-09-15,OEM A,OEM A BL650,CONSTRUCTION,BACKHOE LOADER,2018-11-17,898,,1
1FX381FWIFF100581,2020-05-15,OEM A,OEM A FB310,FORESTRY,FELLER BUNCHER,,4383,,1
1EX465DVQJA162903,2014-12-09,OEM A,OEM A FW650,FORESTRY,FORWARDER,2017-01-15,2431,,1
HCM827ZURNF162835,2019-03-24,OEM A,OEM A KB650,FORESTRY,KNUCKLEBOOM,2015-04-12,6765,,1
1AX891XBYQB512259,2019-10-19,OEM A,OEM A BL650,CONSTRUCTION,BACKHOE LOADER,,6491,,1
1DX875GAAMX761692,2019-11-10,OEM A,OEM A MG210,CONSTRUCTION,MOTOR GRADER,,7377,,1
1EX371OUHOZ322294,2013-06-20,OEM A,OEM A WH310,FORESTRY,HARVESTER,2016-08-16,6424,,1
1FX056UYMRM962182,2016-02-24,OEM A,OEM A SK410,FORESTRY,SKIDDER,,2622,,1
1DX160JCTAU560337,2017-01-09,OEM A,OEM A MG210,CONSTRUCTION,MOTOR GRADER,,6829,,1
1DX070SJGTM715040,2011-04-14,OEM A,OEM A WL210G,CONSTRUCTION,WHEEL LOADER,2017-07-18,4975,19975,1
1EX522XHOZJ813268,2016-11-12,OEM A,OEM A FW250G,FORESTRY,FORWARDER,,6235,,1
1FX413JNWDG872839,2013-08-07,OEM A,OEM A SM310,FORESTRY,SWING MACHINE,2020-05-25,1726,,1
1EX588BRQAF306061,2019-10-20,OEM A,OEM A TH700K,FORESTRY,HARVESTER,,1175,,1
1AX148ZHSQX366315,2015-02-15,OEM A,OEM A BL310,CONSTRUCTION,BACKHOE LOADER,,3620,,1
1DX430NASDS907753,2016-02-23,OEM A,OEM A WL410,CONSTRUCTION,WHEEL LOADER,,5025,,1
1DX019DUSSL751386,2019-11-11,OEM A,OEM A MG650,CONSTRUCTION,MOTOR GRADER,2020-07-18,1095,,1
1EX134HDOKG629309,2017-02-12,OEM A,OEM A WH310,FORESTRY,HARVESTER,2020-12-13,1194,,1
1BX943HMSCZ157245,2016-05-18,OEM A,OEM A EX310,CONSTRUCTION,EXCAVATOR,2016-11-16,4903,,1
1DX203WQJDE054251,2013-05-27,OEM A,OEM A WL210,CONSTRUCTION,WHEEL LOADER,2016-06-24,8172,,1
1EX073CFVKB550988,2018-08-05,OEM A,OEM A FW650K,FORESTRY,FORWARDER,2020-05-11,8746,,1
1AX413ECUMF153849,2018-01-18,OEM A,OEM A BL330,CONSTRUCTION,BACKHOE LOADER,2016-12-20,1098,,1
1BX455HBMJY068434,2011-09-01,OEM A,OEM A EX410,CONSTRUCTION,EXCAVATOR,,1422,,1
1FX928RWRMN303141,2013-03-04,OEM A,OEM A SK310,FORESTRY,SKIDDER,,4380,,1
1BX733VVRAM346978,2013-07-03,OEM A,OEM A EX210,CONSTRUCTION,EXCAVATOR,2018-04-02,7113,,1
1EX424NVHBX755513,2014-03-07,OEM A,OEM A TH410,FORESTRY,HARVESTER,2017-04-22,3098,,1
1FX509OGOYU436282,2013-10-21,OEM A,OEM A FB250L,FORESTRY,FELLER BUNCHER,2019-02-08,389,,1
1DX057KWLBG489595,2011-01-24,OEM A,OEM A MG650,CONSTRUCTION,MOTOR GRADER,2016-12-31,1145,,1
1FX679UMYQA203005,2016-11-17,OEM A,OEM A SM650,FORESTRY,SWING MACHINE,,1903,,1
1FX728ARXSL382255,2015-10-31,OEM A,OEM A SK410,FORESTRY,SKIDDER,2020-06-08,3022,,1
1DX024VNGGI313093,2013-01-26,OEM A,OEM A WL700,CONSTRUCTION,WHEEL LOADER,,5845,,1
1CX410JKOXE684455,2013-10-05,OEM A,OEM A CD210,CONSTRUCTION,BULLDOZER,2018-11-02,2049,,1
1AX428NYTVP197920,2020-06-11,OEM A,OEM A BL650,CONSTRUCTION,BACKHOE LOADER,2019-08-10,5703,,1
1AX361MLJUT799364,2019-03-12,OEM A,OEM A BL210,CONSTRUCTION,BACKHOE LOADER,,5265,,1
1FX588YXTWS899007,2014-05-04,OEM A,OEM A SM310,FORESTRY,SWING MACHINE,2017-10-21,6740,,1
1CX295LNOZU422424,2020-02-01,OEM A,OEM A CD410,CONSTRUCTION,BULLDOZER,2019-02-19,1294,,1
1AX557LQDDB560371,2017-07-22,OEM A,OEM A BL330K,CONSTRUCTION,BACKHOE LOADER,,5242,,1
1DX688CGGCH855400,2019-05-26,OEM A,OEM A MG700,CONSTRUCTION,MOTOR GRADER,2015-11-17,8761,,1
1DX464YEHJU229866,2017-07-03,OEM A,OEM A WL310,CONSTRUCTION,WHEEL LOADER,,8737,,1
1AX191WCBXG915147,2011-09-29,OEM A,OEM A BL310,CONSTRUCTION,BACKHOE LOADER,,5672,,1
1FX340FIYAR735257,2012-05-29,OEM A,OEM A SM650,FORESTRY,SWING MACHINE,,5389,,1
1DX427ZFNFT593850,2014-11-20,OEM A,OEM A WL210,CONSTRUCTION,WHEEL LOADER,2018-06-20,2888,,1
1DX460UNCHO755862,2018-03-01,OEM A,OEM A MG310,CONSTRUCTION,MOTOR GRADER,,6729,,1
1DX737NOKYP612116,2019-11-26,OEM A,OEM A WL310,CONSTRUCTION,WHEEL LOADER,,7224,,1
1FX181TITQF968377,2014-11-14,OEM A,OEM A SK330K,FORESTRY,SKIDDER,2019-06-16,5560,,1
1DX968VVBXB197879,2018-06-26,OEM A,OEM A WL700L,CONSTRUCTION,WHEEL LOADER,,522,70336,1
1EX182HSVGR853597,2017-08-26,OEM A,OEM A FW250,FORESTRY,FORWARDER,2019-08-28,7987,,1
1EX364MQGQK491666,2019-11-09,OEM A,OEM A WH650,FORESTRY,HARVESTER,2019-12-26,7953,,1
1CX430GRHZG020254,2017-06-09,OEM A,OEM A CD410,CONSTRUCTION,BULLDOZER,,8876,,1
1DX463DDHSG034903,2017-04-13,OEM A,OEM A MG700L,CONSTRUCTION,MOTOR GRADER,,3971,,1
1FX376CZUIQ204897,2015-10-06,OEM A,OEM A SK210,FORESTRY,SKIDDER,2019-06-11,5336,,1
1DX331WGEPO651755,2015-06-14,OEM A,OEM A WL210,CONSTRUCTION,WHEEL LOADER,2016-04-24,6516,,1
1BX233TDZHQ417178,2016-04-06,OEM A,OEM A EX410,CONSTRUCTION,EXCAVATOR,,1599,,1
1DX732YNRLH621141,2019-02-03,OEM A,OEM A MG210,CONSTRUCTION,MOTOR GRADER,2017-09-06,6980,,1
1FX841XXATP847485,2014-07-12,OEM A,OEM A SM410,FORESTRY,SWING MACHINE,,4654,,1
1FX497TMILH661781,2014-03-01,OEM A,OEM A FB310,FORESTRY,FELLER BUNCHER,,2924,,1
1AX043WCOUE922852,2017-01-25,OEM A,OEM A BL520K,CONSTRUCTION,BACKHOE LOADER,2015-06-17,3905,17595,1
1DX011WKNJI828651,2011-11-09,OEM A,OEM A MG210,CONSTRUCTION,MOTOR GRADER,2016-07-09,326,,1
1EX810WNJZN878013,2018-01-02,OEM A,OEM A FW410G,FORESTRY,FORWARDER,2020-04-20,457,,1
1EX615CANVK202985,2016-06-17,OEM A,OEM A WH650,FORESTRY,HARVESTER,,6160,,1
1FX391BRMVF339026,2011-11-24,OEM A,OEM A FB410,FORESTRY,FELLER BUNCHER,2018-06-11,4113,,1
1DX562GGPVZ636730,2020-06-10,OEM A,OEM A WL410K,CONSTRUCTION,WHEEL LOADER,,844,34557,1
1EX300FAWDJ320087,2017-01-16,OEM A,OEM A WH210,FORESTRY,HARVESTER,,7691,,1
1AX449PCPCU330142,2012-10-12,OEM A,OEM A BL210,CONSTRUCTION,BACKHOE LOADER,2016-12-20,4875,,1
1DX481NJCOM467681,2015-11-23,OEM A,OEM A MG330G,CONSTRUCTION,MOTOR GRADER,2020-04-23,4808,,1
1CX044GJOYP758445,2020-06-26,OEM A,OEM A CD650G,CONSTRUCTION,BULLDOZER,2016-03-09,1128,,1
1BX282JKXKK237826,2018-02-10,OEM A,OEM A EX700L,CONSTRUCTION,EXCAVATOR,2015-09-04,8476,,1
1EX372RRPPY292453,2018-08-17,OEM A,OEM A TH330K,FORESTRY,HARVESTER,2020-06-20,2646,,1
1DX465GZGKX304949,2020-06-01,OEM A,OEM A WL210L,CONSTRUCTION,WHEEL LOADER,,5463,,1
1EX114CNKJG218611,2018-06-03,OEM A,OEM A WH210,FORESTRY,HARVESTER,2017-11-20,6001,,1
1DX192SEZPZ927348,2016-04-07,OEM A,OEM A WL310L,CONSTRUCTION,WHEEL LOADER,2017-01-11,4376,,1
1AX336IBKJP559663,2012-10-09,OEM A,OEM A BL650,CONSTRUCTION,BACKHOE LOADER,,4995,,1
1AX277SHRPZ710342,2015-07-20,OEM A,OEM A BL330L,CONSTRUCTION,BACKHOE LOADER,,5552,,1
1AX877WOOHW401784,2016-12-16,OEM A,OEM A BL650,CONSTRUCTION,BACKHOE LOADER,,4999,,1
1DX172RSPFD170271,2020-05-20,OEM A,OEM A WL210,CONSTRUCTION,WHEEL LOADER,2016-11-30,4355,,1
1DX884ZGONI702613,2018-03-25,OEM A,OEM A MG410K,CONSTRUCTION,MOTOR GRADER,2017-01-20,260,,1
1BX822KTPEI507197,2011-08-13,OEM A,OEM A EX650,CONSTRUCTION,EXCAVATOR,,7973,,1
1AX788RCCQN838617,2018-10-02,OEM A,OEM A BL650,CONSTRUCTION,BACKHOE LOADER,,324,,1
1FX523YPVFY995538,2015-10-27,OEM A,OEM A SK210,FORESTRY,SKIDDER,,8691,,1
1DX974NFYAD083178,2013-07-12,OEM A,OEM A MG700K,CONSTRUCTION,MOTOR GRADER,2017-10-21,2669,,1
1DX208DDQPA052106,2020-12-29,OEM A,OEM A WL410,CONSTRUCTION,WHEEL LOADER,,6662,,1
1FX654TQNHF295245,2017-08-23,OEM A,OEM A SK210,FORESTRY,SKIDDER,2019-06-13,3776,,1
1AX080HBXTO971122,2018-10-16,OEM A,OEM A BL410,CONSTRUCTION,BACKHOE LOADER,2020-04-15,1858,,1
1EX209XYHNG606800,2017-08-18,OEM A,OEM A WH330G,FORESTRY,HARVESTER,2020-10-20,8750,,1
1FX845GDYRO835386,2017-12-08,OEM A,OEM A SM650,FORESTRY,SWING MACHINE,,4205,,1
1DX795TTNFF310125,2017-06-07,OEM A,OEM A MG650,CONSTRUCTION,MOTOR GRADER,,431,,1
1DX374UUIKN814699,2013-12-07,OEM A,OEM A WL210,CONSTRUCTION,WHEEL LOADER,2018-06-17,4437,,1
1DX174KGDWQ965810,2018-01-14,OEM A,OEM A WL650,CONSTRUCTION,WHEEL LOADER,2019-07-28,8254,,1
1FX728FMTGA626984,2015-03-09,OEM A,OEM A SM650,FORESTRY,SWING MACHINE,,1167,,1
1FX043MUJFW531244,2018-09-07,OEM A,OEM A SM650L,FORESTRY,SWING MACHINE,2019-05-07,2697,,1
1DX365JKTKO314374,2018-03-16,OEM A,OEM A MG310,CONSTRUCTION,MOTOR GRADER,2018-09-01,1626,,1
1EX972RJAGD555269,2015-05-29,OEM A,OEM A TH210,FORESTRY,HARVESTER,,5890,,1
1DX330UYLLW914656,2020-05-07,OEM A,OEM A MG310,CONSTRUCTION,MOTOR GRADER,,4616,,1
1AX723UDGRD090752,2017-12-14,OEM A,OEM A BL210,CONSTRUCTION,BACKHOE LOADER,,6441,,1
1FX265WJCSL378039,2012-08-10,OEM A,OEM A FB650,FORESTRY,FELLER BUNCHER,,3726,,1
1FX064ZVUOJ767774,2014-08-18,OEM A,OEM A SK210,FORESTRY,SKIDDER,2019-10-12,4932,,1
1DX989LFHWA049725,2015-04-23,OEM A,OEM A WL410,CONSTRUCTION,WHEEL LOADER,2016-06-22,4889,,1
1FX745DWZSS298181,2012-01-27,OEM A,OEM A SM410,FORESTRY,SWING MACHINE,2019-07-26,1846,,1
1DX622JXZSS754036,2018-01-28,OEM A,OEM A WL330,CONSTRUCTION,WHEEL LOADER,2020-08-19,6325,51601,1
1EX210GNJGP560078,2019-04-15,OEM A,OEM A WH210,FORESTRY,HARVESTER,,3333,,1
1AX517VAMPX050747,2013-02-21,OEM A,OEM A BL410,CONSTRUCTION,BACKHOE LOADER,,652,,1
1EX817AOKHC946116,2013-09-01,OEM A,OEM A WH210,FORESTRY,HARVESTER,2019-09-17,6823,,1
1EX411ENJWZ681327,2019-01-19,OEM A,OEM A WH250,FORESTRY,HARVESTER,2020-02-11,4171,,1
1EX350DCQJM297027,2012-11-13,OEM A,OEM A WH410,FORESTRY,HARVESTER,2016-06-20,5853,,1
1DX439LOBWF757686,2020-03-13,OEM A,OEM A MG310G,CONSTRUCTION,MOTOR GRADER,2017-06-17,6334,,1
1AX332HFYOE244273,2018-09-15,OEM A,OEM A BL330L,CONSTRUCTION,BACKHOE LOADER,,2052,,1
1BX558ZQOTN287448,2018-09-02,OEM A,OEM A EX310,CONSTRUCTION,EXCAVATOR,,4906,,1
1CX392ZSQJD900740,2018-03-24,OEM A,OEM A CD410,CONSTRUCTION,BULLDOZER,,5641,,1
1BX766QYFYL203973,2019-03-24,OEM A,OEM A EX310,CONSTRUCTION,EXCAVATOR,2016-11-10,3653,,1
1AX463GLBQE745955,2018-09-08,OEM A,OEM A BL310,CONSTRUCTION,BACKHOE LOADER,,1262,,1
1EX142NXBEZ457584,2016-10-20,OEM A,OEM A FW310,FORESTRY,FORWARDER,,690,,1
1DX009ATGAH888521,2015-10-12,OEM A,OEM A MG210,CONSTRUCTION,MOTOR GRADER,2019-01-15,3588,,1
1DX103QGPQD747433,2019-01-14,OEM A,OEM A MG330L,CONSTRUCTION,MOTOR GRADER,,4533,,1
1DX295CFRCK364048,2018-06-17,OEM A,OEM A WL210,CONSTRUCTION,WHEEL LOADER,2016-06-21,5185,,1
1DX536RJMBQ487508,2020-08-16,OEM A,OEM A WL650K,CONSTRUCTION,WHEEL LOADER,,8754,,1
1AX752VAQXX419755,2020-01-29,OEM A,OEM A BL520,CONSTRUCTION,BACKHOE LOADER,,3188,,1
1EX422YIKIL476772,2015-01-03,OEM A,OEM A WH700,FORESTRY,HARVESTER,2018-07-08,432,,1
1BX412PVHNW434974,2011-02-14,OEM A,OEM A EX410,CONSTRUCTION,EXCAVATOR,2019-08-05,8518,,1
1BX471CWVVU988199,2019-02-01,OEM A,OEM A EX700K,CONSTRUCTION,EXCAVATOR,2019-10-08,1179,957,1
1AX008YUWNW203502,2015-09-13,OEM A,OEM A BL410,CONSTRUCTION,BACKHOE LOADER,2019-04-20,6462,,1
1EX840WBTMK875764,2020-11-28,OEM A,OEM A FW310,FORESTRY,FORWARDER,2019-10-17,7970,,1
1DX614MSGFQ947459,2013-09-05,OEM A,OEM A MG310,CONSTRUCTION,MOTOR GRADER,,5242,,1
1BX651XVFKC673401,2015-12-10,OEM A,OEM A EX210,CONSTRUCTION,EXCAVATOR,,635,,1
1DX427GRBPT591452,2016-08-28,OEM A,OEM A MG210,CONSTRUCTION,MOTOR GRADER,,5263,,1
1AX814KAYOY275535,2013-03-01,OEM A,OEM A BL210,CONSTRUCTION,BACKHOE LOADER,,6419,,1
1DX744PKBCN457852,2011-01-25,OEM A,OEM A MG650,CONSTRUCTION,MOTOR GRADER,2020-07-04,3409,,1
1EX837ZIWVN265372,2016-05-27,OEM A,OEM A FW650,FORESTRY,FORWARDER,,5457,,1
1DX726PKEBH005817,2015-03-02,OEM A,OEM A MG210,CONSTRUCTION,MOTOR GRADER,,5345,,1
1DX296YFDLQ266671,2012-07-08,OEM A,OEM A WL650,CONSTRUCTION,WHEEL LOADER,,4736,,1
1EX982VSNVY457314,2016-01-19,OEM A,OEM A WH650,FORESTRY,HARVESTER,2019-01-02,3363,,1
1EX462OHIYZ590784,2012-11-27,OEM A,OEM A TH310,FORESTRY,HARVESTER,2017-07-24,5824,,1
1FX023RIHTK741205,2016-10-09,OEM A,OEM A FB310,FORESTRY,FELLER BUNCHER,2018-08-28,2972,,1
1DX931CSDBS447213,2019-09-22,OEM A,OEM A MG210,CONSTRUCTION,MOTOR GRADER,2018-09-01,5400,,1
1AX869HSAQH010125,2016-06-12,OEM A,OEM A BL210,CONSTRUCTION,BACKHOE LOADER,,3405,,1
1DX538MHYJM692455,2016-07-19,OEM A,OEM A WL310,CONSTRUCTION,WHEEL LOADER,2018-07-22,1285,,1
1EX282TUDNP739286,2014-11-09,OEM A,OEM A FW210,FORESTRY,FORWARDER,,5950,,1
1DX815UGYDT449288,2013-11-15,OEM A,OEM A MG650,CONSTRUCTION,MOTOR GRADER,,1529,,1
1FX494XOPHH735400,2018-01-21,OEM A,OEM A SM650,FORESTRY,SWING MACHINE,2017-01-28,757,,1
1EX116NUBVE615233,2018-03-29,OEM A,OEM A FW650,FORESTRY,FORWARDER,,8261,,1
1AX654WAQQY449398,2019-11-27,OEM A,OEM A BL210,CONSTRUCTION,BACKHOE LOADER,,8626,,1
1DX474OTJIP050636,2014-01-27,OEM A,OEM A WL650,CONSTRUCTION,WHEEL LOADER,,2843,,1
1BX774LPHWH726803,2020-07-21,OEM A,OEM A EX410,CONSTRUCTION,EXCAVATOR,,6195,,1
1BX148EZZQS580385,2011-04-01,OEM A,OEM A EX700L,CONSTRUCTION,EXCAVATOR,2018-05-13,7961,,1
1DX841LMPOE213382,2016-12-29,OEM A,OEM A WL650,CONSTRUCTION,WHEEL LOADER,,7783,,1
1AX625TRXFE618712,2011-04-25,OEM A,OEM A BL210,CONSTRUCTION,BACKHOE LOADER,2018-04-02,1718,,1
1EX746QMPLW564701,2016-04-07,OEM A,OEM A WH410,FORESTRY,HARVESTER,2016-05-02,4033,,1
1DX323CPZLX227695,2016-12-23,OEM A,OEM A WL650,CONSTRUCTION,WHEEL LOADER,,3299,,1
1DX922DRICL574003,2012-07-27,OEM A,OEM A MG310,CONSTRUCTION,MOTOR GRADER,2019-06-13,6406,,1
1DX585OFLNG952221,2013-10-21,OEM A,OEM A WL410,CONSTRUCTION,WHEEL LOADER,2019-02-02,1989,,1
1BX889XUKKN466727,2018-01-01,OEM A,OEM A EX520G,CONSTRUCTION,EXCAVATOR,,8196,,1
1AX461EHQHG510919,2017-08-06,OEM A,OEM A BL210,CONSTRUCTION,BACKHOE LOADER,,1122,,1
1AX938QLXOE974129,2019-12-28,OEM A,OEM A BL650L,CONSTRUCTION,BACKHOE LOADER,2016-03-19,757,,1
1AX408OCBML931253,2018-12-08,OEM A,OEM A BL410,CONSTRUCTION,BACKHOE LOADER,,6946,,1
1AX503TNXVP904173,2012-04-25,OEM A,OEM A BL410,CONSTRUCTION,BACKHOE LOADER,,4094,,1
1BX367UYBYH795886,2015-05-19,OEM A,OEM A EX210,CONSTRUCTION,EXCAVATOR,2017-08-05,1670,40863,1
1DX925VSCYW481041,2018-08-27,OEM A,OEM A WL410,CONSTRUCTION,WHEEL LOADER,,5081,,1
1AX428TYNOL025900,2020-06-23,OEM A,OEM A BL210,CONSTRUCTION,BACKHOE LOADER,2018-08-11,7713,,1
1DX780NNRIS208674,2018-10-08,OEM A,OEM A MG410,CONSTRUCTION,MOTOR GRADER,,7730,,1
1DX898EVDYK332818,2017-05-01,OEM A,OEM A MG330K,CONSTRUCTION,MOTOR GRADER,,6980,,1
1FX559SFLRB068126,2018-10-26,OEM A,OEM A FB410,FORESTRY,FELLER BUNCHER,,6447,,1
1DX725NYMRH604897,2020-04-12,OEM A,OEM A MG410,CONSTRUCTION,MOTOR GRADER,2018-07-06,4945,,1
1DX423HAVNS972382,2018-07-22,OEM A,OEM A WL330,CONSTRUCTION,WHEEL LOADER,2016-02-26,5870,37473,1
1AX532UCAAC438118,2016-07-08,OEM A,OEM A BL650,CONSTRUCTION,BACKHOE LOADER,,658,,1
1DX693DMJIZ095973,2015-05-29,OEM A,OEM A MG410,CONSTRUCTION,MOTOR GRADER,,1424,,1
1DX375CXEUC576186,2017-08-26,OEM A,OEM A WL210K,CONSTRUCTION,WHEEL LOADER,2020-04-10,3896,,1
1DX073TMPHY394299,2015-01-08,OEM A,OEM A WL410,CONSTRUCTION,WHEEL LOADER,,2942,,1
1DX373UPMLR203402,2013-11-13,OEM A,OEM A WL310,CONSTRUCTION,WHEEL LOADER,2016-09-15,4361,,1
1DX910KPDBI920824,2019-08-31,OEM A,OEM A WL410,CONSTRUCTION,WHEEL LOADER,2017-10-02,1514,,1
1DX273NQXJX472153,2017-08-11,OEM A,OEM A MG210,CONSTRUCTION,MOTOR GRADER,2019-03-18,907,,1
1AX140PYNVO767191,2018-12-31,OEM A,OEM A BL410,CONSTRUCTION,BACKHOE LOADER,2016-10-17,4201,,1
1DX916CLSGR802342,2014-01-28,OEM A,OEM A WL520,CONSTRUCTION,WHEEL LOADER,,6151,,1
1EX372TRREX960701,2012-03-27,OEM A,OEM A WH650,FORESTRY,HARVESTER,,2596,,1
1DX889XSTJM603297,2018-08-17,OEM A,OEM A MG210G,CONSTRUCTION,MOTOR GRADER,,6368,,1
1AX700SQUBF318344,2014-08-17,OEM A,OEM A BL310,CONSTRUCTION,BACKHOE LOADER,,7519,,1
1FX563KYTJT099953,2014-04-07,OEM A,OEM A SM250G,FORESTRY,SWING MACHINE,,3243,,1
1CX433DLDWO106314,2011-10-11,OEM A,OEM A CD310G,CONSTRUCTION,BULLDOZER,,8212,,1
1AX412UZVUT853055,2019-12-04,OEM A,OEM A BL410G,CONSTRUCTION,BACKHOE LOADER,2020-07-16,8220,,1
1DX372AGJJX807226,2014-01-20,OEM A,OEM A WL650,CONSTRUCTION,WHEEL LOADER,,6878,,1
1FX811IWIVG954669,2016-11-22,OEM A,OEM A SM700K,FORESTRY,SWING MACHINE,2017-04-05,940,,1
1EX657FJTEI599214,2015-09-14,OEM A,OEM A FW410,FORESTRY,FORWARDER,,4905,,1
1AX915YBVUS498985,2013-08-09,OEM A,OEM A BL310,CONSTRUCTION,BACKHOE LOADER,,8884,,1
1EX935SGPKO116836,2015-06-08,OEM A,OEM A FW700L,FORESTRY,FORWARDER,2019-03-07,722,,1
1DX784XDFUT089099,2013-11-20,OEM A,OEM A MG210,CONSTRUCTION,MOTOR GRADER,2020-03-30,5610,,1
1BX885ORKTZ547671,2015-06-08,OEM A,OEM A EX410,CONSTRUCTION,EXCAVATOR,2017-02-22,6406,,1
1FX902PQXGR357951,2012-06-10,OEM A,OEM A SM210G,FORESTRY,SWING MACHINE,,8194,,1
1FX001XEFQZ749570,2012-08-27,OEM A,OEM A SM410,FORESTRY,SWING MACHINE,,805,,1
1EX648KIWCP240163,2019-06-14,OEM A,OEM A WH250K,FORESTRY,HARVESTER,2016-08-03,7968,,1
1AX433SAIPW898653,2012-11-27,OEM A,OEM A BL210,CONSTRUCTION,BACKHOE LOADER,,310,,1
1FX019PMXIB123285,2019-01-16,OEM A,OEM A SK250,FORESTRY,SKIDDER,2020-04-09,623,,1
1DX588NPJSY392226,2015-08-24,OEM A,OEM A MG210,CONSTRUCTION,MOTOR GRADER,,3743,,1
1AX537MCZNF101115,2016-03-27,OEM A,OEM A BL700K,CONSTRUCTION,BACKHOE LOADER,,6148,,1
1AX963THCLV718120,2018-12-26,OEM A,OEM A BL410,CONSTRUCTION,BACKHOE LOADER,2017-05-02,6958,,1
1CX539SPHPQ244424,2016-11-20,OEM A,OEM A CD210,CONSTRUCTION,BULLDOZER,,1381,,1
1FX597HEVRU748344,2015-12-23,OEM A,OEM A SM650,FORESTRY,SWING MACHINE,2016-07-03,3846,,1
1EX929GPDKZ174827,2017-06-02,OEM A,OEM A TH310,FORESTRY,HARVESTER,,5706,,1
1DX694WMJJH621752,2016-09-22,OEM A,OEM A MG310,CONSTRUCTION,MOTOR GRADER,,837,,1
1FX328VZJRC836969,2016-01-10,OEM A,OEM A SK210,FORESTRY,SKIDDER,,3864,,1
1BX975ZWFAJ174205,2013-11-30,OEM A,OEM A EX650,CONSTRUCTION,EXCAVATOR,,8187,,1
1CX691WJSCN034834,2012-04-02,OEM A,OEM A CD330,CONSTRUCTION,BULLDOZER,,2246,,1
1FX773SXXDG573552,2018-08-30,OEM A,OEM A SK310,FORESTRY,SKIDDER,2016-06-23,5559,,1
1BX417LHIPZ039042,2016-05-15,OEM A,OEM A EX310,CONSTRUCTION,EXCAVATOR,,1378,,1
1DX196FBFOW711020,2018-01-03,OEM A,OEM A MG650,CONSTRUCTION,MOTOR GRADER,2016-11-29,3410,,1
1DX205XSOLG505635,2013-03-26,OEM A,OEM A MG410,CONSTRUCTION,MOTOR GRADER,,8646,,1
1EX800YOAUG824995,2012-05-19,OEM A,OEM A FW410,FORESTRY,FORWARDER,,8620,,1
1AX865AZVDP020983,2017-01-27,OEM A,OEM A BL650,CONSTRUCTION,BACKHOE LOADER,,5091,,1
1AX608WKKWO712271,2020-03-11,OEM A,OEM A BL210,CONSTRUCTION,BACKHOE LOADER,2018-07-30,6452,,1
1AX678MKGHB943609,2016-09-04,OEM A,OEM A BL650,CONSTRUCTION,BACKHOE LOADER,2017-04-18,281,,1
1AX981WWQBB351206,2013-07-01,OEM A,OEM A BL310,CONSTRUCTION,BACKHOE LOADER,,1925,,1
1DX419UHLIV306282,2018-01-08,OEM A,OEM A WL250G,CONSTRUCTION,WHEEL LOADER,,6744,29616,1
1DX707BNASC578036,2014-04-11,OEM A,OEM A WL310,CONSTRUCTION,WHEEL LOADER,,7068,,1
1AX214BHJRA468553,2011-03-20,OEM A,OEM A BL210,CONSTRUCTION,BACKHOE LOADER,,1234,,1
1DX446WZGWT765715,2017-09-29,OEM A,OEM A MG210,CONSTRUCTION,MOTOR GRADER,2020-03-16,2128,,1
1BX369ZLHQS549179,2011-09-15,OEM A,OEM A EX310,CONSTRUCTION,EXCAVATOR,2020-01-01,4244,,1
1DX022PHDRM175553,2016-05-02,OEM A,OEM A MG310G,CONSTRUCTION,MOTOR GRADER,2015-11-04,5319,,1
1DX386QWTTG582527,2018-04-06,OEM A,OEM A WL650,CONSTRUCTION,WHEEL LOADER,2019-12-07,2760,,1
1AX492BSTQE560827,2015-03-13,OEM A,OEM A BL410,CONSTRUCTION,BACKHOE LOADER,,6134,,1
1DX826EQZTU896463,2018-09-01,OEM A,OEM A WL310,CONSTRUCTION,WHEEL LOADER,2020-03-07,1216,,1
1DX485CKBDS290987,2013-09-18,OEM A,OEM A WL330G,CONSTRUCTION,WHEEL LOADER,,6657,,1
1DX808ZUYES784055,2018-01-14,OEM A,OEM A WL310,CONSTRUCTION,WHEEL LOADER,2017-10-13,6031,,1
1FX519CCSKU076756,2011-04-30,OEM A,OEM A SK650,FORESTRY,SKIDDER,2018-01-27,1882,,1
1AX346EZSOG384472,2013-04-22,OEM A,OEM A BL210,CONSTRUCTION,BACKHOE LOADER,2017-01-03,7087,,1
1AX112DLLSH201550,2018-04-09,OEM A,OEM A BL650,CONSTRUCTION,BACKHOE LOADER,,6738,,1
1DX385JJZAK655995,2019-09-03,OEM A,OEM A MG210,CONSTRUCTION,MOTOR GRADER,,4538,,1
1FX837CDNOO826508,2019-11-07,OEM A,OEM A SK650,FORESTRY,SKIDDER,2020-04-20,4300,,1
1DX556HPMOC789911,2019-11-02,OEM A,OEM A MG210,CONSTRUCTION,MOTOR GRADER,,8664,,1
1EX677PZMET809746,2015-09-02,OEM A,OEM A WH210,FORESTRY,HARVESTER,,7487,,1
1DX458WLDPB081518,2017-05-05,OEM A,OEM A WL650,CONSTRUCTION,WHEEL LOADER,2015-04-26,1474,,1
1AX284AZNDC343754,2019-04-17,OEM A,OEM A BL700L,CONSTRUCTION,BACKHOE LOADER,2017-09-03,7401,,1
1AX901HVPCC595054,2012-11-11,OEM A,OEM A BL650,CONSTRUCTION,BACKHOE LOADER,,6764,,1
1AX474FVUTX663721,2016-11-21,OEM A,OEM A BL650,CONSTRUCTION,BACKHOE LOADER,,6575,,1
1EX248OSYQQ007679,2012-04-25,OEM A,OEM A FW210,FORESTRY,FORWARDER,,7354,,1
1FX071TGGVX340151,2018-04-11,OEM A,OEM A SK700G,FORESTRY,SKIDDER,2020-02-17,728,,1
1AX370CTTZY920348,2019-11-14,OEM A,OEM A BL650,CONSTRUCTION,BACKHOE LOADER,2018-12-23,4638,,1
1AX000JXHWL235405,2014-04-12,OEM A,OEM A BL650,CONSTRUCTION,BACKHOE LOADER,,2090,,1
1BX398MQIWZ124561,2013-03-31,OEM A,OEM A EX210,CONSTRUCTION,EXCAVATOR,2019-12-29,5626,,1
1AX602FDJGJ303796,2011-12-06,OEM A,OEM A BL410,CONSTRUCTION,BACKHOE LOADER,,3847,,1
1AX356ANEVO239025,2018-11-19,OEM A,OEM A BL210,CONSTRUCTION,BACKHOE LOADER,2016-02-22,1375,,1
1AX676IUFKE422412,2020-10-14,OEM A,OEM A BL650,CONSTRUCTION,BACKHOE LOADER,2019-11-26,8372,,1
1DX157ZWJGX928448,2020-05-22,OEM A,OEM A WL700L,CONSTRUCTION,WHEEL LOADER,,5470,990,1
1DX705JXOBN986930,2011-05-05,OEM A,OEM A WL650,CONSTRUCTION,WHEEL LOADER,,8062,,1
1DX616CMQDY413432,2020-07-19,OEM A,OEM A WL310,CONSTRUCTION,WHEEL LOADER,,6462,,1
1EX126BZAHC520657,2016-07-20,OEM A,OEM A TH650,FORESTRY,HARVESTER,2017-03-27,5777,,1
1DX057ACQNT949845,2017-11-04,OEM A,OEM A MG520K,CONSTRUCTION,MOTOR GRADER,2015-11-11,4017,,1
1DX520XEBOO177644,2019-08-14,OEM A,OEM A MG700K,CONSTRUCTION,MOTOR GRADER,,5746,,1
1DX873IRVPA066948,2018-09-29,OEM A,OEM A MG410,CONSTRUCTION,MOTOR GRADER,2019-03-01,8556,,1
1DX834IGSFE315783,2015-05-03,OEM A,OEM A MG410,CONSTRUCTION,MOTOR GRADER,,3461,,1
1BX108UCHRX729592,2011-07-07,OEM A,OEM A EX210K,CONSTRUCTION,EXCAVATOR,2015-07-17,1737,38017,1
1DX529QSQMX527707,2020-10-18,OEM A,OEM A MG410,CONSTRUCTION,MOTOR GRADER,2018-06-24,2675,,1
1DX201TCSWY930907,2019-04-12,OEM A,OEM A MG250L,CONSTRUCTION,MOTOR GRADER,2016-07-09,5893,57398,1
1BX536PLONW426046,2017-12-21,OEM A,OEM A EX520L,CONSTRUCTION,EXCAVATOR,2015-05-14,8752,,1
1FX510SNWJC893711,2011-12-16,OEM A,OEM A SM650,FORESTRY,SWING MACHINE,2016-05-07,5569,,1
1DX098DMUNM582149,2015-06-26,OEM A,OEM A WL410,CONSTRUCTION,WHEEL LOADER,,4001,,1
1CX082KFXJQ219057,2020-12-01,OEM A,OEM A CD210,CONSTRUCTION,BULLDOZER,,5865,,1
1EX319SKUHT688589,2018-02-20,OEM A,OEM A WH310G,FORESTRY,HARVESTER,2019-03-15,5011,,1
1DX034DDAMQ797880,2013-08-21,OEM A,OEM A MG650,CONSTRUCTION,MOTOR GRADER,2018-12-15,4428,,1
1EX005XHMKR733457,2018-11-20,OEM A,OEM A FW310,FORESTRY,FORWARDER,,4366,,1
1EX104QENOH150802,2012-11-09,OEM A,OEM A FW210,FORESTRY,FORWARDER,2017-03-06,2842,,1
1DX808LJWKB413537,2015-01-25,OEM A,OEM A WL310,CONSTRUCTION,WHEEL LOADER,2019-07-02,465,,1
1BX122LFSQH066254,2018-08-15,OEM A,OEM A EX310,CONSTRUCTION,EXCAVATOR,,4306,,1
1FX161YARUS401599,2011-06-26,OEM A,OEM A SK210,FORESTRY,SKIDDER,,1201,,1
1EX981EUYYM396896,2019-05-28,OEM A,OEM A FW310,FORESTRY,FORWARDER,,4180,,1
1AX879VQMYD256487,2015-12-11,OEM A,OEM A BL310,CONSTRUCTION,BACKHOE LOADER,,7198,,1
1FX767YOXAH846361,2013-05-17,OEM A,OEM A FB310,FORESTRY,FELLER BUNCHER,,7995,,1
1EX742MBCRY766590,2018-02-28,OEM A,OEM A WH700K,FORESTRY,HARVESTER,2020-12-10,6704,,1
1AX399NCKDJ367311,2011-11-14,OEM A,OEM A BL310,CONSTRUCTION,BACKHOE LOADER,,5070,,1
HCM495CJTLH253932,2017-06-23,OEM A,OEM A KB330,FORESTRY,KNUCKLEBOOM,2019-10-16,4593,,1
1DX982TTMKS524455,2020-04-09,OEM A,OEM A MG210,CONSTRUCTION,MOTOR GRADER,2018-09-18,628,,1
HCM343NZQRQ798443,2014-02-03,OEM A,OEM A KB650,FORESTRY,KNUCKLEBOOM,2017-10-17,84,,1
1DX089MTDMN435166,2016-10-30,OEM A,OEM A WL250L,CONSTRUCTION,WHEEL LOADER,2016-03-01,1069,,1
1DX899AEWEI448411,2016-06-04,OEM A,OEM A WL410,CONSTRUCTION,WHEEL LOADER,,7325,,1
1EX939PNGSV693005,2018-10-01,OEM A,OEM A WH410,FORESTRY,HARVESTER,,6069,,1
1DX530EZKLD113973,2013-03-27,OEM A,OEM A WL210,CONSTRUCTION,WHEEL LOADER,,6925,,1
1DX992STNHJ972198,2017-03-26,OEM A,OEM A WL410,CONSTRUCTION,WHEEL LOADER,2016-11-18,6258,,1
1BX542HSRAE022747,2019-11-13,OEM A,OEM A EX310,CONSTRUCTION,EXCAVATOR,,2846,,1
1EX307FYACG530541,2019-12-09,OEM A,OEM A WH210,FORESTRY,HARVESTER,,2790,,1
1DX532YCRSO346140,2016-10-03,OEM A,OEM A MG210,CONSTRUCTION,MOTOR GRADER,,5296,,1
1EX996QPPXG845310,2016-09-09,OEM A,OEM A WH250,FORESTRY,HARVESTER,2017-09-25,5604,,1
1AX714OHPZN911148,2019-07-19,OEM A,OEM A BL410L,CONSTRUCTION,BACKHOE LOADER,,4217,,1
1DX463QYTSJ989704,2016-10-27,OEM A,OEM A WL210,CONSTRUCTION,WHEEL LOADER,,8547,,1
1AX219MTHJA606929,2014-03-11,OEM A,OEM A BL410,CONSTRUCTION,BACKHOE LOADER,2017-01-28,7129,,1
1DX726MNPSH028514,2018-06-07,OEM A,OEM A MG310,CONSTRUCTION,MOTOR GRADER,,8010,,1
1EX784LLHVJ977540,2017-09-25,OEM A,OEM A WH210,FORESTRY,HARVESTER,,1938,,1
1DX983BPHHB823564,2019-10-08,OEM A,OEM A MG310,CONSTRUCTION,MOTOR GRADER,,3758,,1
1FX202WXLVK289771,2018-09-19,OEM A,OEM A SK520G,FORESTRY,SKIDDER,,1977,,1
1AX693DMCYB156877,2013-04-02,OEM A,OEM A BL310,CONSTRUCTION,BACKHOE LOADER,2016-11-27,5822,,1
1AX839ZIPSR088031,2018-05-18,OEM A,OEM A BL650,CONSTRUCTION,BACKHOE LOADER,,1965,,1
1DX087IZHGK825786,2018-08-23,OEM A,OEM A MG210L,CONSTRUCTION,MOTOR GRADER,,4477,,1
1DX421MWEQP292492,2011-06-26,OEM A,OEM A MG410,CONSTRUCTION,MOTOR GRADER,2020-04-16,6124,,1
1AX677ETKPV495239,2019-12-18,OEM A,OEM A BL250K,CONSTRUCTION,BACKHOE LOADER,2018-11-12,7576,36632,1
1DX365MVJLG235813,2019-08-11,OEM A,OEM A WL700K,CONSTRUCTION,WHEEL LOADER,2017-10-19,1649,75435,1
1DX339NFMIE652255,2019-05-01,OEM A,OEM A WL410,CONSTRUCTION,WHEEL LOADER,,7983,,1
1EX204PAOOD407926,2019-04-07,OEM A,OEM A TH410,FORESTRY,HARVESTER,,3778,,1
1CX499AGZSN041255,2018-08-02,OEM A,OEM A CD650G,CONSTRUCTION,BULLDOZER,,8414,,1
1FX605OHAHO703481,2018-02-04,OEM A,OEM A SM410,FORESTRY,SWING MACHINE,2020-09-30,4641,,1
1FX131RBZBW735505,2013-09-30,OEM A,OEM A SM650,FORESTRY,SWING MACHINE,,6333,,1
1BX079YJOVY136265,2016-01-20,OEM A,OEM A EX310,CONSTRUCTION,EXCAVATOR,,5977,,1
1DX438JCQYQ536139,2016-12-12,OEM A,OEM A WL330K,CONSTRUCTION,WHEEL LOADER,2016-07-05,7535,,1
1BX169ELFVR011988,2018-02-03,OEM A,OEM A EX520L,CONSTRUCTION,EXCAVATOR,2018-08-24,5981,,1
1DX494QTYDN049149,2013-05-04,OEM A,OEM A MG410,CONSTRUCTION,MOTOR GRADER,,3176,,1
1AX908LCZVC587350,2013-06-07,OEM A,OEM A BL410,CONSTRUCTION,BACKHOE LOADER,,3601,,1
1DX171WBDIR620108,2019-06-27,OEM A,OEM A WL330G,CONSTRUCTION,WHEEL LOADER,,2420,,1
1EX656MVIAH101948,2015-01-08,OEM A,OEM A WH250G,FORESTRY,HARVESTER,2016-01-27,878,,1
1DX947MZSUT704994,2013-04-15,OEM A,OEM A WL410,CONSTRUCTION,WHEEL LOADER,,4206,76775,1
1AX284DKKWP360778,2020-09-29,OEM A,OEM A BL210L,CONSTRUCTION,BACKHOE LOADER,,696,,1
1DX077CGDCR480468,2019-12-26,OEM A,OEM A MG520,CONSTRUCTION,MOTOR GRADER,2019-05-12,5205,7213,1
1AX375CBSOG146468,2017-10-12,OEM A,OEM A BL650G,CONSTRUCTION,BACKHOE LOADER,2020-12-11,6039,,1
1FX512OZMSK771749,2017-01-17,OEM A,OEM A SM210,FORESTRY,SWING MACHINE,,8279,,1
HCM878MJWIM139366,2016-07-23,OEM A,OEM A KB330G,FORESTRY,KNUCKLEBOOM,2018-12-24,2306,,1
1DX068CVRGU273151,2015-06-30,OEM A,OEM A MG410,CONSTRUCTION,MOTOR GRADER,2016-08-09,7015,,1
1DX695AQHVR085821,2014-08-28,OEM A,OEM A WL410,CONSTRUCTION,WHEEL LOADER,,1807,,1
1EX057IBXRZ880871,2019-12-12,OEM A,OEM A FW650G,FORESTRY,FORWARDER,2020-01-27,5557,,1
1CX196FQYOR882068,2013-12-16,OEM A,OEM A CD410,CONSTRUCTION,BULLDOZER,2016-01-16,6941,,1
1BX222LMYQE031959,2015-06-21,OEM A,OEM A EX310,CONSTRUCTION,EXCAVATOR,2020-04-25,7897,,1
1FX666OAOWD806226,2013-10-21,OEM A,OEM A SK650,FORESTRY,SKIDDER,,2367,,1
1EX593MOYFE938147,2015-10-24,OEM A,OEM A FW650,FORESTRY,FORWARDER,2016-07-15,8799,,1
1DX140WUWED714850,2017-12-10,OEM A,OEM A MG410,CONSTRUCTION,MOTOR GRADER,2016-04-03,8059,,1
1BX459ZRESE518399,2012-02-23,OEM A,OEM A EX210,CONSTRUCTION,EXCAVATOR,,7273,,1
1FX669NXQRO355044,2019-10-14,OEM A,OEM A SM520K,FORESTRY,SWING MACHINE,2020-06-20,2554,,1
1FX718CUNKF083798,2011-02-01,OEM A,OEM A SK310,FORESTRY,SKIDDER,,5797,,1
1AX729XTVWW698856,2014-02-11,OEM A,OEM A BL650,CONSTRUCTION,BACKHOE LOADER,,382,,1
1DX826UDYUP808736,2018-02-23,OEM A,OEM A WL310L,CONSTRUCTION,WHEEL LOADER,2018-12-09,5910,,1
1EX223WIAQV474123,2012-08-13,OEM A,OEM A WH650,FORESTRY,HARVESTER,,24,,1
1AX562WECYY907199,2016-12-22,OEM A,OEM A BL410K,CONSTRUCTION,BACKHOE LOADER,2019-09-09,3572,,1
1DX511IHELN731271,2016-01-02,OEM A,OEM A WL310,CONSTRUCTION,WHEEL LOADER,2018-01-25,1729,,1
1DX001PBHXK065170,2020-04-04,OEM A,OEM A MG310,CONSTRUCTION,MOTOR GRADER,2017-04-01,5970,,1
1DX840PJVJW455780,2013-04-05,OEM A,OEM A MG650,CONSTRUCTION,MOTOR GRADER,,6710,,1
1DX343BVOTL707922,2015-11-10,OEM A,OEM A MG410,CONSTRUCTION,MOTOR GRADER,,7739,,1
1EX622EMBHI567247,2016-01-21,OEM A,OEM A TH650,FORESTRY,HARVESTER,2018-05-07,8003,,1
1DX237WMDQO788428,2014-01-18,OEM A,OEM A MG310,CONSTRUCTION,MOTOR GRADER,2016-04-21,1077,,1
1DX566FQUTT588689,2018-12-13,OEM A,OEM A MG210K,CONSTRUCTION,MOTOR GRADER,2017-01-12,2010,,1
1DX546OOATQ629362,2012-03-31,OEM A,OEM A WL700G,CONSTRUCTION,WHEEL LOADER,2019-04-22,3201,,1
1DX941OYQRQ280409,2020-05-02,OEM A,OEM A MG650G,CONSTRUCTION,MOTOR GRADER,,1912,56685,1
1DX728OTXDH967515,2011-07-11,OEM A,OEM A WL210,CONSTRUCTION,WHEEL LOADER,,3152,,1
1DX064HREPO199365,2017-05-05,OEM A,OEM A WL210,CONSTRUCTION,WHEEL LOADER,,3203,,1
1EX575LIVLP687008,2015-08-01,OEM A,OEM A TH210,FORESTRY,HARVESTER,2016-09-28,8826,,1
1DX684NRRNW921278,2017-02-12,OEM A,OEM A MG520L,CONSTRUCTION,MOTOR GRADER,2016-10-27,286,78087,1
1DX090TYZYV185479,2017-10-28,OEM A,OEM A MG700L,CONSTRUCTION,MOTOR GRADER,,6743,,1
1BX670ZTWXN846757,2020-12-15,OEM A,OEM A EX210,CONSTRUCTION,EXCAVATOR,2016-04-18,8011,,1
1EX368BLQZW412425,2019-11-26,OEM A,OEM A TH410,FORESTRY,HARVESTER,,6968,,1
1FX266HUGFZ255829,2019-08-11,OEM A,OEM A SK250G,FORESTRY,SKIDDER,2018-11-01,793,,1
1DX072QSIGV375557,2017-08-27,OEM A,OEM A WL410L,CONSTRUCTION,WHEEL LOADER,,1291,,1
1EX347NYLMK326822,2015-02-03,OEM A,OEM A WH410,FORESTRY,HARVESTER,2017-06-04,2457,,1
1FX288GFCVK608822,2011-03-04,OEM A,OEM A SK650,FORESTRY,SKIDDER,2017-11-21,4836,,1
1DX352KTXNH220439,2020-12-19,OEM A,OEM A MG210,CONSTRUCTION,MOTOR GRADER,,6620,,1
1DX472QMDQT719276,2020-03-23,OEM A,OEM A MG310G,CONSTRUCTION,MOTOR GRADER,2019-03-27,901,,1
1AX874UGXUR974682,2017-11-11,OEM A,OEM A BL210,CONSTRUCTION,BACKHOE LOADER,,811,,1
1DX825BCOWF216504,2015-03-20,OEM A,OEM A MG310,CONSTRUCTION,MOTOR GRADER,2017-02-16,1213,,1
1DX807EJPSI361057,2016-10-18,OEM A,OEM A MG410,CONSTRUCTION,MOTOR GRADER,,6657,,1
1EX453YNDAX939912,2019-09-18,OEM A,OEM A FW650,FORESTRY,FORWARDER,2017-05-19,8052,,1
1DX571WSTFU059852,2019-03-11,OEM A,OEM A MG330K,CONSTRUCTION,MOTOR GRADER,2016-03-10,5807,,1
1AX128BFABS046515,2020-11-10,OEM A,OEM A BL310,CONSTRUCTION,BACKHOE LOADER,,8867,,1
1EX719PXPRW203718,2015-04-23,OEM A,OEM A WH310,FORESTRY,HARVESTER,2018-02-08,3980,,1
1FX351DRXIE506859,2014-11-11,OEM A,OEM A SK310,FORESTRY,SKIDDER,,8895,,1
1EX416YKEVA667055,2019-04-22,OEM A,OEM A WH210,FORESTRY,HARVESTER,2018-11-21,6280,,1
1EX948IAXBW848302,2019-01-21,OEM A,OEM A FW330G,FORESTRY,FORWARDER,,4077,,1
1DX548VDJEP037689,2016-05-25,OEM A,OEM A MG650,CONSTRUCTION,MOTOR GRADER,,1885,,1
1EX598HRUHT917784,2013-08-18,OEM A,OEM A WH310,FORESTRY,HARVESTER,,6968,,1
1AX909BPEAL013988,2015-08-30,OEM A,OEM A BL330,CONSTRUCTION,BACKHOE LOADER,2018-01-14,5218,,1
1FX979FJFSS786092,2019-02-01,OEM A,OEM A SK700G,FORESTRY,SKIDDER,2020-03-18,1784,,1
1AX920WNBAK235258,2019-11-21,OEM A,OEM A BL210,CONSTRUCTION,BACKHOE LOADER,2019-09-14,3469,,1
1EX896HLLEO535595,2018-04-12,OEM A,OEM A TH410K,FORESTRY,HARVESTER,2016-08-29,4096,,1
1DX635FMVCG343167,2011-08-07,OEM A,OEM A WL410,CONSTRUCTION,WHEEL LOADER,,2585,,1
1DX566GBQYR649501,2015-06-28,OEM A,OEM A WL700L,CONSTRUCTION,WHEEL LOADER,2018-05-16,1978,,1
1DX502DGERO447607,2012-05-09,OEM A,OEM A MG210,CONSTRUCTION,MOTOR GRADER,,6682,,1
1BX187WGZDZ084959,2015-01-20,OEM A,OEM A EX310,CONSTRUCTION,EXCAVATOR,,5947,,1
1DX716NUEZZ330156,2012-03-22,OEM A,OEM A WL310,CONSTRUCTION,WHEEL LOADER,2018-08-04,6482,,1
1DX582CHOQT444665,2019-06-28,OEM A,OEM A MG210,CONSTRUCTION,MOTOR GRADER,,8903,,1
1EX143ADOYL415956,2012-12-23,OEM A,OEM A FW410,FORESTRY,FORWARDER,,7427,,1
1DX819ESNZV360260,2016-07-31,OEM A,OEM A MG250G,CONSTRUCTION,MOTOR GRADER,,6699,22949,1
1AX410ZXWIA214999,2019-06-08,OEM A,OEM A BL650G,CONSTRUCTION,BACKHOE LOADER,2018-04-28,1303,34430,1
1BX917HUOMC252715,2015-11-18,OEM A,OEM A EX310,CONSTRUCTION,EXCAVATOR,2019-07-01,1912,,1
1DX887WZZMC470210,2017-09-08,OEM A,OEM A MG410,CONSTRUCTION,MOTOR GRADER,,3525,,1
1BX874GBEUY860587,2019-04-26,OEM A,OEM A EX410,CONSTRUCTION,EXCAVATOR,,5445,,1
1DX939BPHLR919828,2020-06-21,OEM A,OEM A WL700G,CONSTRUCTION,WHEEL LOADER,,2938,,1
1EX395KDURP344887,2018-01-07,OEM A,OEM A TH210,FORESTRY,HARVESTER,2018-05-14,2835,,1
1FX853WFVJH266791,2017-09-14,OEM A,OEM A SM310,FORESTRY,SWING MACHINE,2018-06-25,8794,,1
1AX931VMDGA536318,2020-01-12,OEM A,OEM A BL520L,CONSTRUCTION,BACKHOE LOADER,2017-12-19,4490,,1
1FX518WXJAF424472,2014-02-21,OEM A,OEM A SK410,FORESTRY,SKIDDER,2016-12-07,612,,1
1DX041XTKCR391439,2019-03-30,OEM A,OEM A WL330K,CONSTRUCTION,WHEEL LOADER,2019-11-09,4483,,1
1DX689MXZWU800421,2012-02-07,OEM A,OEM A MG310,CONSTRUCTION,MOTOR GRADER,,8481,,1
1FX500XVPYA966146,2020-02-08,OEM A,OEM A SK210,FORESTRY,SKIDDER,,1917,,1
1AX213QZSTV617594,2017-10-18,OEM A,OEM A BL520K,CONSTRUCTION,BACKHOE LOADER,,4266,,1
1DX274HJFRG966299,2020-03-25,OEM A,OEM A WL700,CONSTRUCTION,WHEEL LOADER,2016-10-26,3938,,1
1DX286QRGPR627220,2013-10-11,OEM A,OEM A MG310,CONSTRUCTION,MOTOR GRADER,,2953,,1
1DX535HNWOS036092,2019-11-08,OEM A,OEM A MG410,CONSTRUCTION,MOTOR GRADER,,4681,,1
1AX287UEUOJ288395,2015-04-19,OEM A,OEM A BL410,CONSTRUCTION,BACKHOE LOADER,2018-07-29,3948,,1
1DX698YIBZA202060,2020-03-08,OEM A,OEM A MG210,CONSTRUCTION,MOTOR GRADER,2019-03-12,490,,1
1DX174CQUHO774553,2013-06-05,OEM A,OEM A MG210,CONSTRUCTION,MOTOR GRADER,2016-07-03,3761,,1
1EX735WDCUO533236,2014-09-28,OEM A,OEM A WH210K,FORESTRY,HARVESTER,2020-03-10,5067,,1
1DX680BRKQY850644,2012-04-01,OEM A,OEM A WL310,CONSTRUCTION,WHEEL LOADER,,3389,,1
1DX608FENMO474801,2018-09-19,OEM A,OEM A MG410L,CONSTRUCTION,MOTOR GRADER,2018-03-06,6903,,1
1DX787SCXZS320005,2013-05-02,OEM A,OEM A WL650,CONSTRUCTION,WHEEL LOADER,,8822,,1
1BX466JGXER231217,2013-09-25,OEM A,OEM A EX650,CONSTRUCTION,EXCAVATOR,2018-11-10,5370,,1
1DX270BIIUN055179,2011-10-07,OEM A,OEM A WL410,CONSTRUCTION,WHEEL LOADER,,2293,,1
1CX669BAOGC758501,2015-06-29,OEM A,OEM A CD650,CONSTRUCTION,BULLDOZER,2019-01-08,7792,,1
1DX072TSTOP856560,2018-12-11,OEM A,OEM A WL650,CONSTRUCTION,WHEEL LOADER,2017-04-30,7420,,1
1DX286OOFOB398721,2014-02-01,OEM A,OEM A WL650,CONSTRUCTION,WHEEL LOADER,2018-02-08,7834,,1
1EX067RYHQR838710,2017-05-29,OEM A,OEM A WH310G,FORESTRY,HARVESTER,,4720,,1
1DX129VTTGT337409,2014-08-14,OEM A,OEM A MG650,CONSTRUCTION,MOTOR GRADER,2017-04-26,520,,1
1EX437UGHBM372100,2019-12-25,OEM A,OEM A TH650,FORESTRY,HARVESTER,,5629,,1
1DX636ZZRCY967402,2017-01-06,OEM A,OEM A WL210K,CONSTRUCTION,WHEEL LOADER,2019-07-25,4550,,1
1DX650FTNHA384706,2014-03-07,OEM A,OEM A WL310,CONSTRUCTION,WHEEL LOADER,2018-07-19,6525,,1
1DX082LKCQG764178,2012-11-22,OEM A,OEM A WL650,CONSTRUCTION,WHEEL LOADER,,865,,1
1DX787VAEAL273527,2015-12-09,OEM A,OEM A WL650,CONSTRUCTION,WHEEL LOADER,2016-12-17,8123,,1
1DX898BRNDJ854452,2016-03-10,OEM A,OEM A MG410,CONSTRUCTION,MOTOR GRADER,2019-11-04,7702,,1
1FX597WJGPB477904,2020-01-22,OEM A,OEM A SK210,FORESTRY,SKIDDER,,1279,,1
1EX154AWRGI227148,2019-12-15,OEM A,OEM A FW310,FORESTRY,FORWARDER,2018-01-25,2863,,1
1EX373LTQZJ421854,2018-04-01,OEM A,OEM A WH410,FORESTRY,HARVESTER,2020-07-11,2396,,1
1AX600HLAMY532523,2018-12-08,OEM A,OEM A BL310K,CONSTRUCTION,BACKHOE LOADER,2016-06-13,5710,,1
1FX891ZQQDM964699,2019-01-11,OEM A,OEM A SM310,FORESTRY,SWING MACHINE,,210,,1
1AX396PANEL245657,2012-08-28,OEM A,OEM A BL250,CONSTRUCTION,BACKHOE LOADER,2016-08-21,7254,,1
1DX884EVWOX272819,2016-02-01,OEM A,OEM A MG410,CONSTRUCTION,MOTOR GRADER,2020-08-23,7264,,1
1BX884KVUCN520941,2019-07-21,OEM A,OEM A EX310,CONSTRUCTION,EXCAVATOR,2016-09-08,2756,,1
1FX574DENMU812338,2020-04-11,OEM A,OEM A SM330,FORESTRY,SWING MACHINE,,739,,1
1DX061AYZSX725686,2018-03-01,OEM A,OEM A WL310,CONSTRUCTION,WHEEL LOADER,2019-10-13,196,,1
1FX131GUVAU562070,2017-08-06,OEM A,OEM A SK210,FORESTRY,SKIDDER,,1453,,1
1DX097KHCMG078900,2018-12-21,OEM A,OEM A MG410K,CONSTRUCTION,MOTOR GRADER,,1027,,1
1DX745JNNBP894057,2019-12-26,OEM A,OEM A WL210,CONSTRUCTION,WHEEL LOADER,,3618,,1
1EX812KYHHX177865,2020-05-01,OEM A,OEM A TH250K,FORESTRY,HARVESTER,2018-03-23,5532,,1
1DX258EHCSH426756,2018-10-16,OEM A,OEM A WL250K,CONSTRUCTION,WHEEL LOADER,2017-04-21,222,69756,1
1DX444GCYYP359106,2011-03-23,OEM A,OEM A WL410,CONSTRUCTION,WHEEL LOADER,,7864,,1
1DX660BNHJQ498453,2015-06-13,OEM A,OEM A MG650L,CONSTRUCTION,MOTOR GRADER,,873,,1
1DX282QRTPD781581,2019-01-24,OEM A,OEM A MG210,CONSTRUCTION,MOTOR GRADER,2019-08-22,2166,,1
1BX554YHWBR426259,2017-11-12,OEM A,OEM A EX410,CONSTRUCTION,EXCAVATOR,,6881,,1
1EX641QAKAR425459,2012-08-28,OEM A,OEM A FW410,FORESTRY,FORWARDER,,5185,,1
1EX857LEIFP240158,2015-02-23,OEM A,OEM A WH210,FORESTRY,HARVESTER,,3116,,1
1AX581NHEKG867036,2015-01-25,OEM A,OEM A BL310L,CONSTRUCTION,BACKHOE LOADER,2017-06-16,2317,,1
1DX093KFAYW632879,2016-11-15,OEM A,OEM A WL410,CONSTRUCTION,WHEEL LOADER,2018-01-04,1665,,1
1EX028WPWEP290921,2015-08-26,OEM A,OEM A TH210,FORESTRY,HARVESTER,,7428,,1
1BX131LKTLV150947,2019-04-22,OEM A,OEM A EX650,CONSTRUCTION,EXCAVATOR,,3703,,1
HCM689QCYPL643545,2019-03-14,OEM A,OEM A KB520G,FORESTRY,KNUCKLEBOOM,2020-02-01,3153,,1
1DX426VDQTV123143,2017-01-29,OEM A,OEM A MG410,CONSTRUCTION,MOTOR GRADER,2019-01-14,2872,,1
1DX017YEJDT570315,2020-07-27,OEM A,OEM A MG310,CONSTRUCTION,MOTOR GRADER,2016-10-15,3726,,1
1AX761VQRAK963072,2017-12-11,OEM A,OEM A BL700,CONSTRUCTION,BACKHOE LOADER,2016-04-16,7392,,1
1FX971YENRE764477,2011-05-31,OEM A,OEM A SK210,FORESTRY,SKIDDER,2017-01-12,1845,,1
1AX052UMNCP416271,2014-05-10,OEM A,OEM A BL650,CONSTRUCTION,BACKHOE LOADER,2016-12-18,6399,,1
1DX027GBWCI149858,2019-03-31,OEM A,OEM A MG250K,CONSTRUCTION,MOTOR GRADER,2018-03-12,2674,,1
1EX447PKSYA197934,2018-12-10,OEM A,OEM A FW210,FORESTRY,FORWARDER,,690,,1
1DX513RBDNR117991,2017-08-19,OEM A,OEM A WL250G,CONSTRUCTION,WHEEL LOADER,2019-10-28,2799,70471,1
1DX749PXPMQ561642,2018-06-07,OEM A,OEM A WL520K,CONSTRUCTION,WHEEL LOADER,,5376,31839,1
1FX370QDWFG496891,2012-07-03,OEM A,OEM A SM210,FORESTRY,SWING MACHINE,2016-08-26,8027,,1
1EX585KPKAO615852,2020-05-06,OEM A,OEM A FW650L,FORESTRY,FORWARDER,2020-02-05,5579,,1
1AX983EMMXL796058,2020-09-07,OEM A,OEM A BL410,CONSTRUCTION,BACKHOE LOADER,2018-12-21,5235,,1
1DX022SILAX942207,2016-12-24,OEM A,OEM A WL650,CONSTRUCTION,WHEEL LOADER,,6136,,1
1DX383LJUUB405266,2018-05-10,OEM A,OEM A WL410,CONSTRUCTION,WHEEL LOADER,,7334,,1
1DX303WBPON762631,2014-11-23,OEM A,OEM A MG410,CONSTRUCTION,MOTOR GRADER,,3357,,1
1EX980UYCZH104406,2012-12-11,OEM A,OEM A WH650,FORESTRY,HARVESTER,,5661,,1
1EX923USFEX662433,2016-09-02,OEM A,OEM A TH410L,FORESTRY,HARVESTER,2020-01-16,3360,,1
1FX466IYRNE222582,2015-09-03,OEM A,OEM A SK310,FORESTRY,SKIDDER,,2625,,1
1BX374MZQJD636155,2020-12-24,OEM A,OEM A EX210,CONSTRUCTION,EXCAVATOR,,7131,,1
1FX078QBEUT944768,2014-04-05,OEM A,OEM A SM210,FORESTRY,SWING MACHINE,2017-04-24,8019,,1
1EX577GRQUZ701367,2016-12-22,OEM A,OEM A FW650,FORESTRY,FORWARDER,,187,,1
1DX777VVOJK499859,2017-08-28,OEM A,OEM A WL410,CONSTRUCTION,WHEEL LOADER,,8448,,1
1DX920BFLNQ144870,2018-07-14,OEM A,OEM A MG410,CONSTRUCTION,MOTOR GRADER,2017-09-28,2065,,1
1DX477VEZQF141121,2011-07-28,OEM A,OEM A WL210,CONSTRUCTION,WHEEL LOADER,,7410,,1
1EX475MXVQT879056,2011-10-20,OEM A,OEM A WH210,FORESTRY,HARVESTER,,8782,,1
1EX092UYCGD274509,2012-01-25,OEM A,OEM A FW210L,FORESTRY,FORWARDER,2016-10-20,6124,,1
1AX986VZQUF487553,2013-09-19,OEM A,OEM A BL210,CONSTRUCTION,BACKHOE LOADER,,1513,,1
1AX540KEKBL213565,2019-08-03,OEM A,OEM A BL250K,CONSTRUCTION,BACKHOE LOADER,2020-09-04,156,,1
1AX516TOMMU176486,2019-03-31,OEM A,OEM A BL310G,CONSTRUCTION,BACKHOE LOADER,2018-07-31,4676,,1
1DX558PPIGL725063,2011-06-04,OEM A,OEM A WL650,CONSTRUCTION,WHEEL LOADER,2020-04-21,939,,1
1EX939TAFBG678652,2015-03-16,OEM A,OEM A FW410,FORESTRY,FORWARDER,,2016,,1
1FX036SHNIX995482,2020-02-11,OEM A,OEM A FB210,FORESTRY,FELLER BUNCHER,,4402,,1
1DX603MLQLU506247,2015-02-23,OEM A,OEM A MG310,CONSTRUCTION,MOTOR GRADER,,8143,,1
1DX151XEPRN267555,2016-08-24,OEM A,OEM A MG650,CONSTRUCTION,MOTOR GRADER,2017-10-14,2723,,1
1AX171ZPAUF673660,2011-06-08,OEM A,OEM A BL650,CONSTRUCTION,BACKHOE LOADER,2020-07-28,881,,1
1DX305AXTTZ874451,2018-04-22,OEM A,OEM A WL520K,CONSTRUCTION,WHEEL LOADER,2016-01-06,8330,,1
1FX648ETQYV521088,2018-03-12,OEM A,OEM A SK310,FORESTRY,SKIDDER,,4687,,1
1EX439NSBGE109084,2019-03-22,OEM A,OEM A WH330L,FORESTRY,HARVESTER,2015-06-17,2024,,1
1EX888FJCFK565280,2018-10-02,OEM A,OEM A WH210,FORESTRY,HARVESTER,,174,,1
1DX490MMEUA538712,2018-07-21,OEM A,OEM A WL650,CONSTRUCTION,WHEEL LOADER,,2631,,1
1DX989YXJYJ077354,2020-07-31,OEM A,OEM A WL310,CONSTRUCTION,WHEEL LOADER,,7806,,1
1EX492MOLLM572170,2012-12-19,OEM A,OEM A WH410,FORESTRY,HARVESTER,,3301,,1
1BX804OLHJX008185,2020-08-20,OEM A,OEM A EX410,CONSTRUCTION,EXCAVATOR,,8410,,1
1DX311IKCNM258508,2016-07-30,OEM A,OEM A MG650,CONSTRUCTION,MOTOR GRADER,,4804,,1
1FX253HHLMW557627,2018-11-21,OEM A,OEM A SK410L,FORESTRY,SKIDDER,,4628,,1
1EX570SBCTG796538,2016-08-23,OEM A,OEM A WH410,FORESTRY,HARVESTER,,3627,,1
1DX524UJYEQ975846,2011-09-28,OEM A,OEM A MG210G,CONSTRUCTION,MOTOR GRADER,2018-05-05,4515,,1
1EX858GOISQ983024,2018-02-10,OEM A,OEM A WH650,FORESTRY,HARVESTER,2020-03-31,1765,,1
1FX948SXBGY962961,2020-12-01,OEM A,OEM A SM700,FORESTRY,SWING MACHINE,2020-03-02,2446,,1
1FX203UKTIF636061,2018-03-14,OEM A,OEM A SM210L,FORESTRY,SWING MACHINE,,3439,,1
1EX460OWGXA706447,2019-01-03,OEM A,OEM A FW520,FORESTRY,FORWARDER,,134,,1
1FX611GNNRQ905879,2015-11-22,OEM A,OEM A SK310G,FORESTRY,SKIDDER,,7014,,1
1DX738UYYWG766726,2015-12-06,OEM A,OEM A MG210,CONSTRUCTION,MOTOR GRADER,,7387,,1
1EX107THSIX013247,2017-11-04,OEM A,OEM A FW310,FORESTRY,FORWARDER,2019-03-15,4095,,1
1EX857PKNTE689421,2011-05-21,OEM A,OEM A FW310,FORESTRY,FORWARDER,,2338,,1
1BX238CLYKC133264,2013-09-12,OEM A,OEM A EX410,CONSTRUCTION,EXCAVATOR,,6012,,1
1DX839PUYRE716607,2019-03-16,OEM A,OEM A MG210,CONSTRUCTION,MOTOR GRADER,,2402,,1
1DX651DFXTO006119,2017-01-09,OEM A,OEM A WL410,CONSTRUCTION,WHEEL LOADER,,1984,,1
1EX658FYEEV847292,2015-09-05,OEM A,OEM A FW210,FORESTRY,FORWARDER,2017-08-13,6962,,1
1FX274GGNNN560680,2015-03-12,OEM A,OEM A SM410,FORESTRY,SWING MACHINE,2018-03-23,6645,,1
1DX423HFKUE405825,2011-10-23,OEM A,OEM A WL410,CONSTRUCTION,WHEEL LOADER,,3643,,1
1EX877EAUPH551199,2020-05-13,OEM A,OEM A WH520,FORESTRY,HARVESTER,2016-05-26,7707,,1
1DX652WWUFD380545,2018-05-25,OEM A,OEM A MG410,CONSTRUCTION,MOTOR GRADER,,5930,,1
1AX707GSRLG257071,2017-05-26,OEM A,OEM A BL310,CONSTRUCTION,BACKHOE LOADER,,5478,,1
1DX639XPPKO156383,2014-08-07,OEM A,OEM A WL650,CONSTRUCTION,WHEEL LOADER,,229,,1
1DX619TTNEL171260,2020-04-12,OEM A,OEM A WL210,CONSTRUCTION,WHEEL LOADER,,1684,,1
1BX843GDPYK104327,2018-01-21,OEM A,OEM A EX210,CONSTRUCTION,EXCAVATOR,,1024,,1
1DX240PADPI396528,2018-10-26,OEM A,OEM A WL650,CONSTRUCTION,WHEEL LOADER,,2389,,1
1DX002RZMSU402517,2014-06-16,OEM A,OEM A WL410,CONSTRUCTION,WHEEL LOADER,,846,,1
1DX277KJJKA560463,2020-12-13,OEM A,OEM A MG650G,CONSTRUCTION,MOTOR GRADER,,8580,68461,1
1AX721VBUFE480789,2018-08-14,OEM A,OEM A BL330,CONSTRUCTION,BACKHOE LOADER,2015-03-16,2850,12750,1
1FX858DECUF631243,2017-11-20,OEM A,OEM A SK210,FORESTRY,SKIDDER,2019-12-12,5518,,1
1DX992KVCFA650977,2016-03-07,OEM A,OEM A WL210,CONSTRUCTION,WHEEL LOADER,,8171,,1
1DX018ZCSQF938466,2011-07-23,OEM A,OEM A WL650,CONSTRUCTION,WHEEL LOADER,2016-04-26,8522,,1
1BX318SIFQQ073240,2011-09-13,OEM A,OEM A EX650,CONSTRUCTION,EXCAVATOR,2016-03-02,879,,1
1DX398FLITQ606128,2017-04-19,OEM A,OEM A WL650,CONSTRUCTION,WHEEL LOADER,,7413,,1
1EX858IJVQN408550,2017-07-19,OEM A,OEM A TH210K,FORESTRY,HARVESTER,2020-08-20,632,,1
1AX019CAJFM825572,2018-11-22,OEM A,OEM A BL210,CONSTRUCTION,BACKHOE LOADER,2019-10-21,3744,,1
1DX165MDDGR078478,2019-12-30,OEM A,OEM A WL210L,CONSTRUCTION,WHEEL LOADER,2015-04-16,2154,,1
1DX577TOFMM165242,2017-11-15,OEM A,OEM A MG650,CONSTRUCTION,MOTOR GRADER,,6905,,1
HCM938BPOHJ027355,2017-03-02,OEM A,OEM A KB410,FORESTRY,KNUCKLEBOOM,2016-08-08,3495,,1
1FX916TEYQU893830,2012-11-06,OEM A,OEM A SK650,FORESTRY,SKIDDER,,7335,,1
1DX786ZOMAJ456888,2018-12-31,OEM A,OEM A WL310,CONSTRUCTION,WHEEL LOADER,,7052,,1
1EX895GSZAL350820,2016-04-30,OEM A,OEM A FW210,FORESTRY,FORWARDER,2016-03-27,1242,,1
1DX070DXKEW760411,2014-04-20,OEM A,OEM A WL310,CONSTRUCTION,WHEEL LOADER,2016-03-10,460,,1
1DX661IRYUP149639,2011-10-10,OEM A,OEM A MG650,CONSTRUCTION,MOTOR GRADER,,5919,,1
1AX142DTQIC819492,2016-06-07,OEM A,OEM A BL250G,CONSTRUCTION,BACKHOE LOADER,2017-09-15,692,,1
1DX244YJXNV232523,2018-05-31,OEM A,OEM A WL210,CONSTRUCTION,WHEEL LOADER,,2289,,1
1EX458HEMJC531368,2014-09-03,OEM A,OEM A FW310,FORESTRY,FORWARDER,2019-05-14,498,,1
1DX645QRKBW641855,2018-04-01,OEM A,OEM A MG650,CONSTRUCTION,MOTOR GRADER,2017-01-29,3786,,1
1EX067EDCVY042191,2012-05-17,OEM A,OEM A WH410,FORESTRY,HARVESTER,,1668,,1
1EX609BMELS625786,2015-09-02,OEM A,OEM A TH410,FORESTRY,HARVESTER,,1326,,1
1DX518CVPZZ667210,2016-02-03,OEM A,OEM A MG520,CONSTRUCTION,MOTOR GRADER,2019-03-18,1483,28579,1
1EX915SGJTG897383,2015-05-27,OEM A,OEM A WH410,FORESTRY,HARVESTER,,8454,,1
1DX230RVCIO762094,2015-07-15,OEM A,OEM A WL650,CONSTRUCTION,WHEEL LOADER,2019-03-11,7522,,1
1EX955XCJZQ213346,2019-10-11,OEM A,OEM A WH210,FORESTRY,HARVESTER,,5046,,1
1EX434SVZHF950124,2016-09-16,OEM A,OEM A WH650,FORESTRY,HARVESTER,,2796,,1
1DX999LZOBS736677,2013-03-12,OEM A,OEM A MG310L,CONSTRUCTION,MOTOR GRADER,,1536,,1
1CX530WHWKZ105226,2019-08-20,OEM A,OEM A CD650,CONSTRUCTION,BULLDOZER,,1012,,1
1DX081UXJBW508769,2012-03-10,OEM A,OEM A WL410,CONSTRUCTION,WHEEL LOADER,,3414,,1
1DX514BBEXS418169,2018-11-23,OEM A,OEM A MG410,CONSTRUCTION,MOTOR GRADER,,4652,,1
1DX195ONRPH962636,2018-08-13,OEM A,OEM A MG310,CONSTRUCTION,MOTOR GRADER,,1620,,1
1CX646FYIFJ981595,2015-09-11,OEM A,OEM A CD410,CONSTRUCTION,BULLDOZER,2020-08-13,6343,,1
1AX102YFKRZ541077,2019-03-13,OEM A,OEM A BL650,CONSTRUCTION,BACKHOE LOADER,,6556,,1
1DX108WUEJK472305,2012-10-28,OEM A,OEM A WL650,CONSTRUCTION,WHEEL LOADER,,6910,,1
1DX201LIVVW142485,2016-11-07,OEM A,OEM A MG650,CONSTRUCTION,MOTOR GRADER,,6317,,1
1BX343WUMUR225825,2011-06-10,OEM A,OEM A EX210,CONSTRUCTION,EXCAVATOR,2020-01-02,3319,,1
1DX940SYTIN445073,2019-08-06,OEM A,OEM A MG210K,CONSTRUCTION,MOTOR GRADER,2016-05-02,4683,,1
1DX676IAHTD384809,2018-02-19,OEM A,OEM A MG310,CONSTRUCTION,MOTOR GRADER,,3549,,1
1DX962ZDZJL064801,2020-10-18,OEM A,OEM A WL310,CONSTRUCTION,WHEEL LOADER,,8825,,1
1DX493UEYGW970388,2020-02-14,OEM A,OEM A WL310,CONSTRUCTION,WHEEL LOADER,2019-08-23,5877,,1
1FX560WRBJU906932,2012-03-08,OEM A,OEM A SM310,FORESTRY,SWING MACHINE,2019-07-24,4418,,1
1DX834KNBTP638161,2017-12-01,OEM A,OEM A WL310,CONSTRUCTION,WHEEL LOADER,2016-01-18,6671,,1
1FX632JRCIN848553,2013-07-16,OEM A,OEM A SM650,FORESTRY,SWING MACHINE,2020-07-27,1376,,1
1EX457IWNJD743585,2017-06-26,OEM A,OEM A FW210,FORESTRY,FORWARDER,2016-06-03,7008,,1
1DX816GLTCV333561,2013-04-08,OEM A,OEM A MG410,CONSTRUCTION,MOTOR GRADER,,3463,,1
1DX886YDCJC322521,2016-08-28,OEM A,OEM A MG650,CONSTRUCTION,MOTOR GRADER,,8633,,1
1DX431ABHPI041897,2011-01-06,OEM A,OEM A WL410,CONSTRUCTION,WHEEL LOADER,,7889,,1
1EX475TOCSQ404564,2020-04-26,OEM A,OEM A WH310,FORESTRY,HARVESTER,,7517,,1
1EX586TMOFS285169,2018-10-25,OEM A,OEM A TH410,FORESTRY,HARVESTER,,1346,,1
1FX038CAKIV349058,2011-12-27,OEM A,OEM A FB410,FORESTRY,FELLER BUNCHER,2018-05-03,7279,,1
1DX258WQKBW381664,2020-05-10,OEM A,OEM A MG310,CONSTRUCTION,MOTOR GRADER,,3830,,1
1AX227MATGW249036,2015-03-14,OEM A,OEM A BL650,CONSTRUCTION,BACKHOE LOADER,2019-09-16,5696,,1
1DX634ROPGY944307,2019-03-10,OEM A,OEM A WL520L,CONSTRUCTION,WHEEL LOADER,,2096,62244,1
1EX289UZJSX588532,2017-02-20,OEM A,OEM A FW410,FORESTRY,FORWARDER,2019-07-27,5592,,1
1FX327DPFIT571309,2018-01-07,OEM A,OEM A SK520G,FORESTRY,SKIDDER,,1125,,1
1DX197YKGRB320309,2015-10-23,OEM A,OEM A WL650,CONSTRUCTION,WHEEL LOADER,,5160,,1
1AX631AJFMH029566,2012-02-22,OEM A,OEM A BL310,CONSTRUCTION,BACKHOE LOADER,,2604,,1
1AX086MUJXA198039,2016-03-11,OEM A,OEM A BL210,CONSTRUCTION,BACKHOE LOADER,,315,,1
1DX722VXRAM620254,2013-09-04,OEM A,OEM A MG210,CONSTRUCTION,MOTOR GRADER,2018-11-27,425,,1
1DX423SMFCA223844,2011-07-06,OEM A,OEM A MG310,CONSTRUCTION,MOTOR GRADER,2017-06-02,2585,,1
1BX268HVTZD595191,2019-06-29,OEM A,OEM A EX310,CONSTRUCTION,EXCAVATOR,,7648,,1
1AX257LFIMQ938035,2018-05-17,OEM A,OEM A BL330L,CONSTRUCTION,BACKHOE LOADER,2020-01-19,1379,,1
1EX195HJMUQ194376,2014-09-04,OEM A,OEM A WH210,FORESTRY,HARVESTER,2016-11-25,7810,,1
1AX323MZFQJ197539,2011-01-13,OEM A,OEM A BL210,CONSTRUCTION,BACKHOE LOADER,,5190,,1
1AX448TWOOO369344,2018-04-03,OEM A,OEM A BL310K,CONSTRUCTION,BACKHOE LOADER,2015-09-12,7471,66097,1
1AX837SXAQI400706,2016-11-13,OEM A,OEM A BL310,CONSTRUCTION,BACKHOE LOADER,,8026,,1
1DX915LDRQU866087,2019-02-07,OEM A,OEM A MG410G,CONSTRUCTION,MOTOR GRADER,,909,4555,1
1FX794BIJZU806053,2011-11-09,OEM A,OEM A SM410,FORESTRY,SWING MACHINE,,8532,,1
1DX517JMSEO027848,2018-02-19,OEM A,OEM A MG210,CONSTRUCTION,MOTOR GRADER,2017-07-16,5649,,1
1BX894KVHVI931155,2016-01-20,OEM A,OEM A EX700,CONSTRUCTION,EXCAVATOR,2020-11-23,3269,,1
1DX453DBYEA394691,2017-02-15,OEM A,OEM A MG310,CONSTRUCTION,MOTOR GRADER,2018-02-27,7448,,1
1FX741SNFYP128638,2018-02-20,OEM A,OEM A SM210,FORESTRY,SWING MACHINE,2016-02-01,1697,,1
1FX856CQPTM600900,2015-06-28,OEM A,OEM A SM410,FORESTRY,SWING MACHINE,,8371,,1
1DX513QMHED193997,2017-06-15,OEM A,OEM A WL250,CONSTRUCTION,WHEEL LOADER,2015-02-17,1938,24080,1
1DX453TKZVB492686,2011-04-28,OEM A,OEM A WL210,CONSTRUCTION,WHEEL LOADER,2018-11-22,4274,,1
1FX902ELJLY386648,2020-09-07,OEM A,OEM A SM310K,FORESTRY,SWING MACHINE,2020-03-22,3800,,1
1FX882WULJA182987,2018-01-27,OEM A,OEM A SK700,FORESTRY,SKIDDER,2019-02-03,7689,,1
1EX658BQFNY350798,2017-03-08,OEM A,OEM A WH650,FORESTRY,HARVESTER,,5870,,1
1AX332QXZPH463683,2014-03-07,OEM A,OEM A BL210,CONSTRUCTION,BACKHOE LOADER,2016-03-15,1115,,1
1AX756LLGLP027316,2019-05-16,OEM A,OEM A BL410,CONSTRUCTION,BACKHOE LOADER,,1146,,1
1AX262QFNGN662821,2019-04-24,OEM A,OEM A BL210,CONSTRUCTION,BACKHOE LOADER,2018-06-21,5441,,1
1AX824LFHVR180748,2014-01-25,OEM A,OEM A BL310,CONSTRUCTION,BACKHOE LOADER,2016-03-04,1918,,1
1DX483YJNMS668143,2016-02-27,OEM A,OEM A WL210,CONSTRUCTION,WHEEL LOADER,,6008,,1
1DX211HJALR123880,2017-10-17,OEM A,OEM A MG410,CONSTRUCTION,MOTOR GRADER,,984,,1
1EX556XDNEI207320,2015-11-23,OEM A,OEM A TH310,FORESTRY,HARVESTER,,2754,,1
1DX799ABPGD735438,2017-06-28,OEM A,OEM A MG250G,CONSTRUCTION,MOTOR GRADER,,3972,,1
1DX652PWWZT019346,2012-04-30,OEM A,OEM A MG210,CONSTRUCTION,MOTOR GRADER,2020-08-13,8774,,1
1AX424VIPZE648009,2015-04-23,OEM A,OEM A BL650,CONSTRUCTION,BACKHOE LOADER,,6793,,1
1AX928UJTME804277,2018-09-02,OEM A,OEM A BL310,CONSTRUCTION,BACKHOE LOADER,,3208,,1
1DX242SIKOF176282,2012-10-13,OEM A,OEM A MG310,CONSTRUCTION,MOTOR GRADER,,2746,,1
1FX035QHOUP428803,2018-08-16,OEM A,OEM A SM650,FORESTRY,SWING MACHINE,,7256,,1
1DX360KTXNE042315,2018-07-10,OEM A,OEM A MG410,CONSTRUCTION,MOTOR GRADER,,696,,1
1FX244VADFK987823,2020-09-06,OEM A,OEM A FB650,FORESTRY,FELLER BUNCHER,,7742,,1
1DX317OKKXR018937,2018-03-04,OEM A,OEM A WL330L,CONSTRUCTION,WHEEL LOADER,,2589,,1
1DX210WXGPX123692,2018-03-29,OEM A,OEM A WL650L,CONSTRUCTION,WHEEL LOADER,,4512,,1
1BX286YZELG243296,2013-10-21,OEM A,OEM A EX210,CONSTRUCTION,EXCAVATOR,2017-01-02,5608,,1
HCM558DKJCO089155,2017-11-16,OEM A,OEM A KB520G,FORESTRY,KNUCKLEBOOM,,7508,,1
1DX140PQLFH923667,2016-02-19,OEM A,OEM A WL210,CONSTRUCTION,WHEEL LOADER,2016-06-29,140,,1
1AX482XQFAN101125,2017-12-15,OEM A,OEM A BL650,CONSTRUCTION,BACKHOE LOADER,2018-04-11,8096,,1
1AX616MVJVO515233,2020-01-07,OEM A,OEM A BL650,CONSTRUCTION,BACKHOE LOADER,,631,,1
1AX733PYZNN566298,2017-05-13,OEM A,OEM A BL330,CONSTRUCTION,BACKHOE LOADER,2016-01-10,1263,,1
1EX855JWXCU851362,2011-03-17,OEM A,OEM A TH310,FORESTRY,HARVESTER,,2107,,1
1CX855WTRZK186102,2014-08-04,OEM A,OEM A CD210,CONSTRUCTION,BULLDOZER,,5348,,1
1DX791EMGJK588688,2019-01-30,OEM A,OEM A MG650L,CONSTRUCTION,MOTOR GRADER,,841,74738,1
1EX788NFRIY632279,2017-08-18,OEM A,OEM A WH410,FORESTRY,HARVESTER,2016-09-14,388,,1
1FX230BCEGY626775,2011-11-05,OEM A,OEM A SM410,FORESTRY,SWING MACHINE,,8902,,1
1DX758FMSJK592436,2018-01-01,OEM A,OEM A MG310,CONSTRUCTION,MOTOR GRADER,,825,,1
1DX749RUILH347741,2016-05-21,OEM A,OEM A WL210,CONSTRUCTION,WHEEL LOADER,,1562,,1
1EX520VLAHN911066,2020-06-16,OEM A,OEM A TH330L,FORESTRY,HARVESTER,2018-12-07,7998,,1
1EX704PRZAC252617,2012-08-05,OEM A,OEM A FW210,FORESTRY,FORWARDER,2018-07-02,1988,,1
1FX873NZVLU022962,2020-12-17,OEM A,OEM A FB310,FORESTRY,FELLER BUNCHER,2016-04-27,8637,,1
1BX994NSDXD415475,2018-11-10,OEM A,OEM A EX410,CONSTRUCTION,EXCAVATOR,2018-04-12,4260,,1
1FX299JQQNX720564,2015-03-18,OEM A,OEM A SK210G,FORESTRY,SKIDDER,2016-08-13,3114,,1
1DX094QHSRI895837,2012-02-12,OEM A,OEM A WL310,CONSTRUCTION,WHEEL LOADER,,7465,,1
1AX451SXVVP572658,2020-08-04,OEM A,OEM A BL650G,CONSTRUCTION,BACKHOE LOADER,2015-12-13,3319,,1
1EX890OCQGM253475,2016-10-15,OEM A,OEM A WH410,FORESTRY,HARVESTER,2015-05-25,4171,,1
1EX682BZVAE319685,2012-01-10,OEM A,OEM A FW210,FORESTRY,FORWARDER,,66,,1
1DX581QWJAR035994,2019-10-27,OEM A,OEM A WL250,CONSTRUCTION,WHEEL LOADER,2016-05-12,1926,,1
1FX942SYPPJ537545,2015-06-08,OEM A,OEM A SK410,FORESTRY,SKIDDER,2019-06-11,3431,,1
HCM121RXKZV174276,2016-05-06,OEM A,OEM A KB410,FORESTRY,KNUCKLEBOOM,,216,,1
1DX628ZJZJQ355311,2012-05-28,OEM A,OEM A WL210,CONSTRUCTION,WHEEL LOADER,2020-03-22,63,,1
1FX943PDCTZ309056,2017-12-20,OEM A,OEM A SK650,FORESTRY,SKIDDER,,487,,1
1AX939JITVX289736,2013-12-01,OEM A,OEM A BL210,CONSTRUCTION,BACKHOE LOADER,2015-02-15,4141,,1
1DX087IDXVX747427,2013-07-19,OEM A,OEM A MG210,CONSTRUCTION,MOTOR GRADER,,6230,,1
1FX490HZFRJ389334,2019-12-11,OEM A,OEM A SM410,FORESTRY,SWING MACHINE,,7062,,1
1AX571MRRXW665504,2011-05-12,OEM A,OEM A BL310,CONSTRUCTION,BACKHOE LOADER,2016-09-08,609,,1
1DX531HFJWW424781,2015-09-04,OEM A,OEM A WL410,CONSTRUCTION,WHEEL LOADER,,7958,,1
1EX750SRYLP294627,2018-05-22,OEM A,OEM A FW410,FORESTRY,FORWARDER,2019-11-11,7798,,1
1DX879PHWSC611855,2012-09-15,OEM A,OEM A MG650,CONSTRUCTION,MOTOR GRADER,2016-11-24,3511,,1
1FX530JZAMJ352933,2015-05-23,OEM A,OEM A FB210,FORESTRY,FELLER BUNCHER,,4810,,1
1AX345PLQTR143885,2018-12-13,OEM A,OEM A BL310,CONSTRUCTION,BACKHOE LOADER,2020-10-03,3967,,1
1AX023PJQAD151586,2015-03-25,OEM A,OEM A BL250K,CONSTRUCTION,BACKHOE LOADER,2016-10-17,8247,,1
1EX248AGZQG154490,2012-02-09,OEM A,OEM A WH650,FORESTRY,HARVESTER,,2886,,1
1AX076BBCVX780549,2017-08-26,OEM A,OEM A BL210,CONSTRUCTION,BACKHOE LOADER,,6355,,1
1DX580UWIXB473020,2020-11-02,OEM A,OEM A MG410G,CONSTRUCTION,MOTOR GRADER,2017-04-02,2709,,1
1DX288LMYUT828980,2018-06-13,OEM A,OEM A MG410,CONSTRUCTION,MOTOR GRADER,2017-08-12,5756,,1
1DX132TLFKE624663,2011-06-03,OEM A,OEM A MG650,CONSTRUCTION,MOTOR GRADER,,5211,,1
1FX969HQQVE512026,2014-01-14,OEM A,OEM A SM410,FORESTRY,SWING MACHINE,2018-08-18,4026,,1
1DX918HUOVO686867,2011-09-04,OEM A,OEM A MG410,CONSTRUCTION,MOTOR GRADER,2018-07-13,8685,,1
1DX131ANHMH541697,2017-07-08,OEM A,OEM A MG650,CONSTRUCTION,MOTOR GRADER,2016-10-05,2015,,1
1DX377CSRRO989006,2020-05-09,OEM A,OEM A MG310,CONSTRUCTION,MOTOR GRADER,2017-09-25,3742,,1
1BX107PEWWY420621,2015-01-20,OEM A,OEM A EX650,CONSTRUCTION,EXCAVATOR,2018-08-07,5735,,1
1FX543JTGUX361137,2017-11-28,OEM A,OEM A SK520L,FORESTRY,SKIDDER,,2721,,1
1BX309QMGHW347189,2020-02-08,OEM A,OEM A EX650,CONSTRUCTION,EXCAVATOR,,8802,,1
1DX057YVPLC165767,2014-10-31,OEM A,OEM A WL310,CONSTRUCTION,WHEEL LOADER,,122,,1
1EX597ZUTRE279535,2012-12-03,OEM A,OEM A WH650,FORESTRY,HARVESTER,2019-09-16,7243,,1
1DX554LKCKZ956673,2020-01-27,OEM A,OEM A MG410K,CONSTRUCTION,MOTOR GRADER,2016-03-21,3509,,1
1DX068EQPIY442525,2018-02-07,OEM A,OEM A MG410,CONSTRUCTION,MOTOR GRADER,2018-05-15,7260,,1
1AX751UDKNX690143,2015-05-18,OEM A,OEM A BL520L,CONSTRUCTION,BACKHOE LOADER,,6252,46299,1
1FX222TVYMK062529,2013-02-23,OEM A,OEM A SK210,FORESTRY,SKIDDER,2019-05-08,2271,,1
1AX247HGCVT549019,2013-04-18,OEM A,OEM A BL210,CONSTRUCTION,BACKHOE LOADER,,1477,,1
1DX334RZTFB551429,2012-11-17,OEM A,OEM A WL210,CONSTRUCTION,WHEEL LOADER,,2217,,1
1AX613QTINA441028,2018-09-13,OEM A,OEM A BL310L,CONSTRUCTION,BACKHOE LOADER,2017-05-19,461,,1
1EX721OPRLB056548,2017-09-19,OEM A,OEM A WH410,FORESTRY,HARVESTER,,4029,,1
1BX311EFUHE461860,2017-11-16,OEM A,OEM A EX700,CONSTRUCTION,EXCAVATOR,2016-05-10,4571,,1
1DX210XDPPZ200583,2018-06-22,OEM A,OEM A WL250G,CONSTRUCTION,WHEEL LOADER,2017-12-01,8095,74879,1
1DX460BKNVQ487359,2015-06-02,OEM A,OEM A MG210K,CONSTRUCTION,MOTOR GRADER,2019-10-16,1032,,1
1FX580MVRMM136515,2019-04-26,OEM A,OEM A SK410,FORESTRY,SKIDDER,,8798,,1
1DX649BRCJY086456,2013-06-10,OEM A,OEM A WL210,CONSTRUCTION,WHEEL LOADER,2016-02-21,3480,,1
1DX106ZBXLG710941,2019-03-01,OEM A,OEM A WL310,CONSTRUCTION,WHEEL LOADER,,6131,,1
1DX812ECWPP801067,2018-09-27,OEM A,OEM A WL410,CONSTRUCTION,WHEEL LOADER,2016-03-09,1181,,1
1FX443LZCDO308067,2013-12-06,OEM A,OEM A SK210,FORESTRY,SKIDDER,,8614,,1
1CX911FOHVN201978,2017-04-19,OEM A,OEM A CD650,CONSTRUCTION,BULLDOZER,,389,,1
1DX520LBWCI145572,2017-06-16,OEM A,OEM A WL650,CONSTRUCTION,WHEEL LOADER,2015-02-12,8567,,1
1AX547MYUSO552930,2019-11-11,OEM A,OEM A BL650,CONSTRUCTION,BACKHOE LOADER,,1315,,1
1CX517SCRCH891556,2019-09-14,OEM A,OEM A CD310,CONSTRUCTION,BULLDOZER,,5947,,1
1EX955RMMWO214264,2015-03-23,OEM A,OEM A FW330,FORESTRY,FORWARDER,,1104,,1
1DX604EVFRL858835,2020-05-30,OEM A,OEM A WL250K,CONSTRUCTION,WHEEL LOADER,2020-01-24,633,49354,1
1DX268UYMHS371185,2014-01-28,OEM A,OEM A MG410,CONSTRUCTION,MOTOR GRADER,,5637,,1
1FX753WQHLE449686,2011-09-10,OEM A,OEM A SK410,FORESTRY,SKIDDER,,5708,,1
1EX431PQGBS725700,2019-03-17,OEM A,OEM A FW210,FORESTRY,FORWARDER,,8020,,1
1FX551TUWDL335462,2018-07-29,OEM A,OEM A SM410,FORESTRY,SWING MACHINE,,5690,,1
1DX931ODJWC751565,2014-06-30,OEM A,OEM A MG650,CONSTRUCTION,MOTOR GRADER,,2851,,1
1DX819UVBAV913729,2020-12-02,OEM A,OEM A MG650,CONSTRUCTION,MOTOR GRADER,,3268,,1
1BX852QWWMA394151,2020-04-04,OEM A,OEM A EX210,CONSTRUCTION,EXCAVATOR,2019-11-18,7067,,1
1AX328VVAIV218153,2018-05-22,OEM A,OEM A BL650,CONSTRUCTION,BACKHOE LOADER,2019-04-07,6573,,1
1FX624NGGUP687565,2015-03-11,OEM A,OEM A SM210,FORESTRY,SWING MACHINE,,866,,1
1CX720KKBWQ949616,2015-04-30,OEM A,OEM A CD650,CONSTRUCTION,BULLDOZER,2017-09-24,3025,,1
1DX167CVRDU929260,2018-05-11,OEM A,OEM A WL330K,CONSTRUCTION,WHEEL LOADER,,4616,,1
1DX165NXBGD362603,2016-02-27,OEM A,OEM A MG310,CONSTRUCTION,MOTOR GRADER,,6702,,1
1FX217ZJQDV114172,2018-01-16,OEM A,OEM A FB250K,FORESTRY,FELLER BUNCHER,2020-03-30,1120,,1
1DX884EJXVT204224,2020-02-03,OEM A,OEM A WL650,CONSTRUCTION,WHEEL LOADER,2018-08-16,594,,1
1EX349ELEZT275686,2018-01-11,OEM A,OEM A WH210,FORESTRY,HARVESTER,2019-11-15,8495,,1
1EX884KVFLG052393,2018-02-03,OEM A,OEM A FW210,FORESTRY,FORWARDER,2020-01-15,4653,,1
1FX889LJTBA948721,2012-06-14,OEM A,OEM A FB250G,FORESTRY,FELLER BUNCHER,2015-04-06,6122,,1
1AX688JTWNL822959,2018-05-21,OEM A,OEM A BL310,CONSTRUCTION,BACKHOE LOADER,2017-08-20,1112,,1
1EX497MVJQR371693,2014-08-24,OEM A,OEM A FW250L,FORESTRY,FORWARDER,,6759,,1
1FX055KRMLI052860,2012-09-10,OEM A,OEM A SM410,FORESTRY,SWING MACHINE,,8567,,1
1DX000XFBYL897585,2020-12-30,OEM A,OEM A MG650,CONSTRUCTION,MOTOR GRADER,2019-08-12,5683,,1
1DX112PEEUZ729206,2019-10-09,OEM A,OEM A WL310,CONSTRUCTION,WHEEL LOADER,,5064,,1
1DX175UIMBU255429,2018-12-28,OEM A,OEM A MG210,CONSTRUCTION,MOTOR GRADER,,284,,1
1DX634ZUKYV735926,2020-09-04,OEM A,OEM A MG210,CONSTRUCTION,MOTOR GRADER,,2020,,1
1DX739IONEX327285,2019-05-11,OEM A,OEM A WL310,CONSTRUCTION,WHEEL LOADER,,8281,,1
1DX498SWUOJ570499,2014-02-21,OEM A,OEM A MG210,CONSTRUCTION,MOTOR GRADER,,6947,,1
1DX174BVRSQ043873,2019-07-13,OEM A,OEM A MG650,CONSTRUCTION,MOTOR GRADER,,1749,,1
1AX366ZRODV876383,2016-12-02,OEM A,OEM A BL650,CONSTRUCTION,BACKHOE LOADER,,8993,,1
1DX799LOTKE035882,2011-08-08,OEM A,OEM A MG310,CONSTRUCTION,MOTOR GRADER,,5432,,1
1DX507TMUFW028490,2015-03-04,OEM A,OEM A WL410,CONSTRUCTION,WHEEL LOADER,,2910,,1
1DX991GFKUM922859,2012-02-17,OEM A,OEM A WL210,CONSTRUCTION,WHEEL LOADER,2017-08-19,8228,,1
1AX597CVREB763558,2014-07-08,OEM A,OEM A BL650,CONSTRUCTION,BACKHOE LOADER,,121,,1
1AX501RPNAL829930,2017-05-17,OEM A,OEM A BL410,CONSTRUCTION,BACKHOE LOADER,2017-02-08,3357,,1
1EX402ZMZLJ284746,2018-05-12,OEM A,OEM A TH330,FORESTRY,HARVESTER,2015-11-08,1319,,1
1DX829DOZZI570352,2012-02-13,OEM A,OEM A MG210,CONSTRUCTION,MOTOR GRADER,,4589,,1
1DX062CZECN779168,2019-08-10,OEM A,OEM A MG650,CONSTRUCTION,MOTOR GRADER,2017-09-17,2574,,1
1DX425SXEIR057923,2017-08-09,OEM A,OEM A WL650,CONSTRUCTION,WHEEL LOADER,,4396,,1
1AX449YOHNS245960,2019-06-18,OEM A,OEM A BL650,CONSTRUCTION,BACKHOE LOADER,,8288,,1
1EX846YOGHU255474,2016-08-11,OEM A,OEM A WH410,FORESTRY,HARVESTER,2020-07-04,1245,,1
1DX934STXDQ475844,2013-11-17,OEM A,OEM A WL650,CONSTRUCTION,WHEEL LOADER,,6395,,1
1DX108QBZCR738491,2014-08-03,OEM A,OEM A MG650,CONSTRUCTION,MOTOR GRADER,2018-09-13,522,,1
1AX002BSZYH647390,2016-11-02,OEM A,OEM A BL650,CONSTRUCTION,BACKHOE LOADER,2019-03-31,1168,,1
1DX066NUCVB601432,2017-10-24,OEM A,OEM A MG700,CONSTRUCTION,MOTOR GRADER,2015-06-11,7637,63585,1
1DX864EEQJI023389,2015-08-12,OEM A,OEM A MG410,CONSTRUCTION,MOTOR GRADER,,5116,,1
1DX089WXYFL917825,2019-12-14,OEM A,OEM A WL520G,CONSTRUCTION,WHEEL LOADER,2018-05-10,4402,,1
1DX182KZIUC731939,2018-10-16,OEM A,OEM A WL210,CONSTRUCTION,WHEEL LOADER,,6988,,1
1CX820YWTCJ016528,2019-09-06,OEM A,OEM A CD410K,CONSTRUCTION,BULLDOZER,2018-03-03,2757,,1
1DX289HOIYM744750,2012-08-02,OEM A,OEM A MG650G,CONSTRUCTION,MOTOR GRADER,,5572,,1
1EX415EHCRL244155,2016-10-01,OEM A,OEM A WH650,FORESTRY,HARVESTER,,4051,,1
1BX157PJOWO327146,2014-08-21,OEM A,OEM A EX310K,CONSTRUCTION,EXCAVATOR,2016-01-12,2125,,1
1AX231XESQI012562,2017-01-24,OEM A,OEM A BL330,CONSTRUCTION,BACKHOE LOADER,2017-06-23,3911,,1
1DX317VXNXD521719,2019-08-06,OEM A,OEM A MG210,CONSTRUCTION,MOTOR GRADER,,231,,1
1DX584APMEK683488,2018-01-09,OEM A,OEM A MG250L,CONSTRUCTION,MOTOR GRADER,,4189,13357,1
1EX339PZUHU001384,2013-12-26,OEM A,OEM A TH210,FORESTRY,HARVESTER,2017-07-03,7493,,1
1EX086DNWWS546371,2016-08-15,OEM A,OEM A WH410,FORESTRY,HARVESTER,2017-06-05,5754,,1
1DX535FPZBS802206,2018-10-14,OEM A,OEM A MG410,CONSTRUCTION,MOTOR GRADER,,7228,,1
1FX009JRAAB150139,2013-09-07,OEM A,OEM A SK310,FORESTRY,SKIDDER,,7567,,1
1DX655MJJYH969592,2019-03-22,OEM A,OEM A WL310,CONSTRUCTION,WHEEL LOADER,,6221,,1
1FX943TSRLL883460,2011-08-18,OEM A,OEM A FB410,FORESTRY,FELLER BUNCHER,,2560,,1
1DX686ISAYQ600790,2014-12-26,OEM A,OEM A MG650,CONSTRUCTION,MOTOR GRADER,,7773,,1
1EX979VWFHS882368,2014-01-29,OEM A,OEM A FW650,FORESTRY,FORWARDER,2019-09-17,7702,,1
1AX815HHQBI184715,2014-07-29,OEM A,OEM A BL310,CONSTRUCTION,BACKHOE LOADER,2017-11-21,4868,,1
1DX427FRMGW679988,2017-10-23,OEM A,OEM A WL410G,CONSTRUCTION,WHEEL LOADER,2018-10-18,8535,,1
1DX772NNMHJ348361,2012-02-22,OEM A,OEM A WL210,CONSTRUCTION,WHEEL LOADER,,4019,,1
1CX993XRYTV689267,2019-12-01,OEM A,OEM A CD210,CONSTRUCTION,BULLDOZER,,2876,,1
1FX496FHUYS687090,2019-10-01,OEM A,OEM A SM650,FORESTRY,SWING MACHINE,2016-08-08,2554,,1
1AX481LAXEH368234,2018-03-27,OEM A,OEM A BL330,CONSTRUCTION,BACKHOE LOADER,,3993,3872,1
1FX840EWHMH915211,2012-12-10,OEM A,OEM A SM410,FORESTRY,SWING MACHINE,2017-02-17,1774,,1
1FX182SYMAA953877,2019-12-27,OEM A,OEM A SK700,FORESTRY,SKIDDER,2020-08-30,732,,1
1DX337ZPQYX100628,2018-06-27,OEM A,OEM A MG520K,CONSTRUCTION,MOTOR GRADER,2017-06-08,1653,,1
1DX135NOLGY743826,2020-04-27,OEM A,OEM A MG650,CONSTRUCTION,MOTOR GRADER,2017-10-27,8561,,1
1DX009NZDPM475276,2019-08-22,OEM A,OEM A MG410L,CONSTRUCTION,MOTOR GRADER,2016-06-18,2099,,1
1AX099CSJLL508670,2017-10-03,OEM A,OEM A BL310,CONSTRUCTION,BACKHOE LOADER,2017-05-09,8833,,1
1CX811TVIFC955036,2019-02-14,OEM A,OEM A CD210,CONSTRUCTION,BULLDOZER,2018-04-22,5565,,1
1AX706MGDQE880156,2013-06-18,OEM A,OEM A BL310,CONSTRUCTION,BACKHOE LOADER,,3020,,1
1FX631EXWLN784370,2020-07-03,OEM A,OEM A SM310,FORESTRY,SWING MACHINE,2018-01-30,170,,1
1EX314WKRGW383624,2016-04-11,OEM A,OEM A WH410K,FORESTRY,HARVESTER,2016-07-25,912,,1
1AX362SLNQH482859,2020-07-12,OEM A,OEM A BL210,CONSTRUCTION,BACKHOE LOADER,,1198,,1
1BX763LIQJL536044,2013-01-26,OEM A,OEM A EX210,CONSTRUCTION,EXCAVATOR,,8361,,1
1AX097FACIS060972,2012-07-31,OEM A,OEM A BL650,CONSTRUCTION,BACKHOE LOADER,,329,,1
1AX135BGFIP452460,2014-07-01,OEM A,OEM A BL410,CONSTRUCTION,BACKHOE LOADER,2016-03-22,5313,,1
1BX687UUHCF746574,2020-12-09,OEM A,OEM A EX410,CONSTRUCTION,EXCAVATOR,,6392,,1
1FX934NMFOU560183,2018-05-25,OEM A,OEM A SK210,FORESTRY,SKIDDER,,7829,,1
1DX858SFPCB573565,2018-05-21,OEM A,OEM A MG520G,CONSTRUCTION,MOTOR GRADER,2018-07-16,5149,,1
1EX792YXFGO804662,2016-03-01,OEM A,OEM A TH210,FORESTRY,HARVESTER,2019-09-30,2655,,1
1DX076GBOGQ575220,2019-03-30,OEM A,OEM A WL410L,CONSTRUCTION,WHEEL LOADER,,7251,,1
1AX439ZYEUN185524,2019-05-13,OEM A,OEM A BL410,CONSTRUCTION,BACKHOE LOADER,,3701,,1
1DX495QRNCQ999178,2012-11-15,OEM A,OEM A WL310L,CONSTRUCTION,WHEEL LOADER,2015-06-07,4105,67959,1
1DX962FVGLZ488188,2016-09-16,OEM A,OEM A WL310,CONSTRUCTION,WHEEL LOADER,2016-04-29,1337,,1
1DX261ORHVE565892,2013-02-12,OEM A,OEM A WL410,CONSTRUCTION,WHEEL LOADER,,1080,,1
1AX586MIVAS839663,2017-10-04,OEM A,OEM A BL410,CONSTRUCTION,BACKHOE LOADER,2019-08-30,2191,,1
1BX413KBWUQ762799,2015-05-12,OEM A,OEM A EX700,CONSTRUCTION,EXCAVATOR,2019-06-14,6023,,1
1DX880OSGNB548805,2017-02-18,OEM A,OEM A WL650,CONSTRUCTION,WHEEL LOADER,,3148,65008,1
1AX276YZRPR072359,2012-04-15,OEM A,OEM A BL310G,CONSTRUCTION,BACKHOE LOADER,,7415,,1
1BX745KFFYZ437461,2018-01-22,OEM A,OEM A EX410,CONSTRUCTION,EXCAVATOR,2018-06-20,4531,,1
1AX718ZKWBF784181,2017-12-31,OEM A,OEM A BL700G,CONSTRUCTION,BACKHOE LOADER,,6368,,1
1DX703RTLCC082520,2014-12-26,OEM A,OEM A MG410,CONSTRUCTION,MOTOR GRADER,2019-02-01,8124,,1
1DX546CARET681843,2017-03-30,OEM A,OEM A WL210,CONSTRUCTION,WHEEL LOADER,,5039,,1
1DX060SRVNC025334,2017-09-13,OEM A,OEM A MG210,CONSTRUCTION,MOTOR GRADER,2019-11-13,2798,,1
1FX097OUWJV262451,2015-08-12,OEM A,OEM A FB310,FORESTRY,FELLER BUNCHER,2020-06-02,2162,,1
1FX405BSTRS732818,2013-11-02,OEM A,OEM A FB310,FORESTRY,FELLER BUNCHER,,4858,,1
1EX516DWSND931750,2018-08-17,OEM A,OEM A FW210,FORESTRY,FORWARDER,,8915,,1
1FX675VOHFB407050,2012-11-15,OEM A,OEM A SM310,FORESTRY,SWING MACHINE,2020-05-28,7983,,1
1EX624YNVFR546417,2012-10-11,OEM A,OEM A FW210G,FORESTRY,FORWARDER,2020-07-18,396,,1
1DX218HHOPK189232,2019-07-07,OEM A,OEM A WL700L,CONSTRUCTION,WHEEL LOADER,,4639,,1
1DX679MQLUR239564,2016-12-19,OEM A,OEM A MG650,CONSTRUCTION,MOTOR GRADER,,1430,,1
1DX442IDJCV234457,2019-08-03,OEM A,OEM A MG250,CONSTRUCTION,MOTOR GRADER,2019-11-18,7258,72428,1
1DX573FXEEA168072,2018-10-23,OEM A,OEM A MG650,CONSTRUCTION,MOTOR GRADER,,3414,,1
1EX043KEAHT802395,2020-12-03,OEM A,OEM A WH410G,FORESTRY,HARVESTER,,6283,,1
